#
# There is insufficient memory for the Java Runtime Environment to continue.
# Native memory allocation (mmap) failed to map 65536 bytes. Error detail: Failed to commit metaspace.
# Possible reasons:
#   The system is out of physical RAM or swap space
#   This process is running with CompressedOops enabled, and the Java Heap may be blocking the growth of the native heap
# Possible solutions:
#   Reduce memory load on the system
#   Increase physical memory or swap space
#   Check if swap backing store is full
#   Decrease Java heap size (-Xmx/-Xms)
#   Decrease number of Java threads
#   Decrease Java thread stack sizes (-Xss)
#   Set larger code cache with -XX:ReservedCodeCacheSize=
#   JVM is running with Unscaled Compressed Oops mode in which the Java heap is
#     placed in the first 4GB address space. The Java Heap base address is the
#     maximum limit for the native heap growth. Please use -XX:HeapBaseMinAddress
#     to set the Java Heap base and to place the Java Heap above 4GB virtual address.
# This output file may be truncated or incomplete.
#
#  Out of Memory Error (virtualSpaceNode.cpp:110), pid=10540, tid=11920
#
# JRE version: OpenJDK Runtime Environment Microsoft-13106358 (17.0.18+8) (build 17.0.18+8-LTS)
# Java VM: OpenJDK 64-Bit Server VM Microsoft-13106358 (17.0.18+8-LTS, mixed mode, sharing, tiered, compressed oops, compressed class ptrs, g1 gc, windows-amd64)
# No core dump will be written. Minidumps are not enabled by default on client versions of Windows
#

---------------  S U M M A R Y ------------

Command Line: -XX:MaxMetaspaceSize=512m --add-opens=java.base/java.util=ALL-UNNAMED --add-opens=java.base/java.lang=ALL-UNNAMED --add-opens=java.base/java.lang.invoke=ALL-UNNAMED --add-opens=java.prefs/java.util.prefs=ALL-UNNAMED --add-opens=java.base/java.nio.charset=ALL-UNNAMED --add-opens=java.base/java.net=ALL-UNNAMED --add-opens=java.base/java.util.concurrent.atomic=ALL-UNNAMED -Xmx2048m -Dfile.encoding=windows-1252 -Duser.country=US -Duser.language=en -Duser.variant -javaagent:C:\Users\Administrator\.gradle\wrapper\dists\gradle-8.7-all\aan3ydargesu18aqyqjwhr3pc\gradle-8.7\lib\agents\gradle-instrumentation-agent-8.7.jar org.gradle.launcher.daemon.bootstrap.GradleDaemon 8.7

Host: Intel(R) Core(TM) i5-7200U CPU @ 2.50GHz, 4 cores, 7G,  Windows 10 , 64 bit Build 19041 (10.0.19041.5915)
Time: Fri Mar 13 23:35:51 2026 Egypt Standard Time elapsed time: 139.245828 seconds (0d 0h 2m 19s)

---------------  T H R E A D  ---------------

Current thread (0x000001bf21799820):  JavaThread "C1 CompilerThread0" daemon [_thread_in_vm, id=11920, stack(0x0000008d25f00000,0x0000008d26000000)]


Current CompileTask:
C1:139245 16797       3       org.jetbrains.kotlin.com.intellij.util.containers.ConcurrentWeakKeySoftValueHashMap::createKeyReference (76 bytes)

Stack: [0x0000008d25f00000,0x0000008d26000000]
Native frames: (J=compiled Java code, j=interpreted, Vv=VM code, C=native code)
V  [jvm.dll+0x68c879]  (no source info available)
V  [jvm.dll+0x845979]  (no source info available)
V  [jvm.dll+0x8476e8]  (no source info available)
V  [jvm.dll+0x847d73]  (no source info available)
V  [jvm.dll+0x24cf6f]  (no source info available)
V  [jvm.dll+0x841757]  (no source info available)
V  [jvm.dll+0x6330db]  (no source info available)
V  [jvm.dll+0x1c4c0d]  (no source info available)
V  [jvm.dll+0x635a62]  (no source info available)
V  [jvm.dll+0x633a96]  (no source info available)
V  [jvm.dll+0x644f0a]  (no source info available)
V  [jvm.dll+0x63dd0a]  (no source info available)
V  [jvm.dll+0x1d0eea]  (no source info available)
V  [jvm.dll+0x1d10d0]  (no source info available)
V  [jvm.dll+0x13a00e]  (no source info available)
V  [jvm.dll+0x13a343]  (no source info available)
V  [jvm.dll+0x139797]  (no source info available)
V  [jvm.dll+0x13b4bd]  (no source info available)
V  [jvm.dll+0x22db1b]  (no source info available)
V  [jvm.dll+0x22bca6]  (no source info available)
V  [jvm.dll+0x7fbabb]  (no source info available)
V  [jvm.dll+0x7f5ebc]  (no source info available)
V  [jvm.dll+0x68de17]  (no source info available)
C  [ucrtbase.dll+0x21bb2]  (no source info available)
C  [KERNEL32.DLL+0x17374]  (no source info available)
C  [ntdll.dll+0x4cc91]  (no source info available)


---------------  P R O C E S S  ---------------

Threads class SMR info:
_java_thread_list=0x000001bf44432eb0, length=46, elements={
0x000001bf03af1e70, 0x000001bf217116c0, 0x000001bf21712c60, 0x000001bf2172b7c0,
0x000001bf2172e1a0, 0x000001bf2172ea70, 0x000001bf21731350, 0x000001bf21732000,
0x000001bf21799820, 0x000001bf21799d40, 0x000001bf21832260, 0x000001bf21911e90,
0x000001bf422940f0, 0x000001bf422b5e80, 0x000001bf4229a350, 0x000001bf41926ac0,
0x000001bf4229e500, 0x000001bf21793450, 0x000001bf21b62420, 0x000001bf219ee630,
0x000001bf219eeb40, 0x000001bf219ef050, 0x000001bf219f09a0, 0x000001bf219f0eb0,
0x000001bf219ef560, 0x000001bf219f13c0, 0x000001bf219efa70, 0x000001bf219f18d0,
0x000001bf219eff80, 0x000001bf219f1de0, 0x000001bf42b65ba0, 0x000001bf42b623f0,
0x000001bf42b60590, 0x000001bf42b62900, 0x000001bf42b674f0, 0x000001bf42b60080,
0x000001bf42b61ee0, 0x000001bf42b64760, 0x000001bf42b64c70, 0x000001bf42b67a00,
0x000001bf42b60fb0, 0x000001bf42b614c0, 0x000001bf42b63320, 0x000001bf42b619d0,
0x000001bf42b63830, 0x000001bf42b64250
}

Java Threads: ( => current thread )
  0x000001bf03af1e70 JavaThread "main" [_thread_blocked, id=5944, stack(0x0000008d25000000,0x0000008d25100000)]
  0x000001bf217116c0 JavaThread "Reference Handler" daemon [_thread_blocked, id=1108, stack(0x0000008d25800000,0x0000008d25900000)]
  0x000001bf21712c60 JavaThread "Finalizer" daemon [_thread_blocked, id=14188, stack(0x0000008d25900000,0x0000008d25a00000)]
  0x000001bf2172b7c0 JavaThread "Signal Dispatcher" daemon [_thread_blocked, id=4780, stack(0x0000008d25a00000,0x0000008d25b00000)]
  0x000001bf2172e1a0 JavaThread "Attach Listener" daemon [_thread_blocked, id=8368, stack(0x0000008d25b00000,0x0000008d25c00000)]
  0x000001bf2172ea70 JavaThread "Service Thread" daemon [_thread_blocked, id=14004, stack(0x0000008d25c00000,0x0000008d25d00000)]
  0x000001bf21731350 JavaThread "Monitor Deflation Thread" daemon [_thread_blocked, id=12864, stack(0x0000008d25d00000,0x0000008d25e00000)]
  0x000001bf21732000 JavaThread "C2 CompilerThread0" daemon [_thread_blocked, id=1676, stack(0x0000008d25e00000,0x0000008d25f00000)]
=>0x000001bf21799820 JavaThread "C1 CompilerThread0" daemon [_thread_in_vm, id=11920, stack(0x0000008d25f00000,0x0000008d26000000)]
  0x000001bf21799d40 JavaThread "Sweeper thread" daemon [_thread_blocked, id=13844, stack(0x0000008d26000000,0x0000008d26100000)]
  0x000001bf21832260 JavaThread "Common-Cleaner" daemon [_thread_blocked, id=12796, stack(0x0000008d26100000,0x0000008d26200000)]
  0x000001bf21911e90 JavaThread "Notification Thread" daemon [_thread_blocked, id=10956, stack(0x0000008d26200000,0x0000008d26300000)]
  0x000001bf422940f0 JavaThread "Daemon health stats" [_thread_blocked, id=13320, stack(0x0000008d26700000,0x0000008d26800000)]
  0x000001bf422b5e80 JavaThread "Incoming local TCP Connector on port 51876" [_thread_in_native, id=5916, stack(0x0000008d26800000,0x0000008d26900000)]
  0x000001bf4229a350 JavaThread "Daemon periodic checks" [_thread_blocked, id=10640, stack(0x0000008d26900000,0x0000008d26a00000)]
  0x000001bf41926ac0 JavaThread "Daemon" [_thread_blocked, id=7872, stack(0x0000008d26a00000,0x0000008d26b00000)]
  0x000001bf4229e500 JavaThread "Handler for socket connection from /127.0.0.1:51876 to /127.0.0.1:51877" [_thread_in_native, id=3212, stack(0x0000008d26b00000,0x0000008d26c00000)]
  0x000001bf21793450 JavaThread "Cancel handler" [_thread_blocked, id=13576, stack(0x0000008d26c00000,0x0000008d26d00000)]
  0x000001bf21b62420 JavaThread "Daemon worker" [_thread_blocked, id=2204, stack(0x0000008d26d00000,0x0000008d26e00000)]
  0x000001bf219ee630 JavaThread "Asynchronous log dispatcher for DefaultDaemonConnection: socket connection from /127.0.0.1:51876 to /127.0.0.1:51877" [_thread_blocked, id=11660, stack(0x0000008d26e00000,0x0000008d26f00000)]
  0x000001bf219eeb40 JavaThread "Stdin handler" [_thread_blocked, id=3724, stack(0x0000008d26f00000,0x0000008d27000000)]
  0x000001bf219ef050 JavaThread "Daemon client event forwarder" [_thread_blocked, id=5524, stack(0x0000008d27000000,0x0000008d27100000)]
  0x000001bf219f09a0 JavaThread "Cache worker for journal cache (C:\Users\Administrator\.gradle\caches\journal-1)" [_thread_blocked, id=3508, stack(0x0000008d27100000,0x0000008d27200000)]
  0x000001bf219f0eb0 JavaThread "File lock request listener" [_thread_in_native, id=3276, stack(0x0000008d27200000,0x0000008d27300000)]
  0x000001bf219ef560 JavaThread "Cache worker for file hash cache (C:\Users\Administrator\.gradle\caches\8.7\fileHashes)" [_thread_blocked, id=14064, stack(0x0000008d27300000,0x0000008d27400000)]
  0x000001bf219f13c0 JavaThread "Cache worker for file hash cache (F:\mobile\android\.gradle\8.7\fileHashes)" [_thread_blocked, id=2224, stack(0x0000008d27400000,0x0000008d27500000)]
  0x000001bf219efa70 JavaThread "File watcher server" daemon [_thread_in_native, id=12952, stack(0x0000008d27500000,0x0000008d27600000)]
  0x000001bf219f18d0 JavaThread "File watcher consumer" daemon [_thread_blocked, id=13848, stack(0x0000008d27600000,0x0000008d27700000)]
  0x000001bf219eff80 JavaThread "Cache worker for checksums cache (F:\mobile\android\.gradle\8.7\checksums)" [_thread_blocked, id=13136, stack(0x0000008d27700000,0x0000008d27800000)]
  0x000001bf219f1de0 JavaThread "Cache worker for cache directory md-supplier (C:\Users\Administrator\.gradle\caches\8.7\md-supplier)" [_thread_blocked, id=5476, stack(0x0000008d27800000,0x0000008d27900000)]
  0x000001bf42b65ba0 JavaThread "Cache worker for cache directory md-rule (C:\Users\Administrator\.gradle\caches\8.7\md-rule)" [_thread_blocked, id=4804, stack(0x0000008d27900000,0x0000008d27a00000)]
  0x000001bf42b623f0 JavaThread "Cache worker for file content cache (C:\Users\Administrator\.gradle\caches\8.7\fileContent)" [_thread_blocked, id=2032, stack(0x0000008d27a00000,0x0000008d27b00000)]
  0x000001bf42b60590 JavaThread "jar transforms" [_thread_blocked, id=10676, stack(0x0000008d27b00000,0x0000008d27c00000)]
  0x000001bf42b62900 JavaThread "Unconstrained build operations" [_thread_blocked, id=13552, stack(0x0000008d27d00000,0x0000008d27e00000)]
  0x000001bf42b674f0 JavaThread "Unconstrained build operations Thread 2" [_thread_blocked, id=7632, stack(0x0000008d27e00000,0x0000008d27f00000)]
  0x000001bf42b60080 JavaThread "Unconstrained build operations Thread 3" [_thread_blocked, id=13188, stack(0x0000008d27f00000,0x0000008d28000000)]
  0x000001bf42b61ee0 JavaThread "Unconstrained build operations Thread 4" [_thread_blocked, id=3728, stack(0x0000008d28000000,0x0000008d28100000)]
  0x000001bf42b64760 JavaThread "Cache worker for Build Output Cleanup Cache (F:\mobile\node_modules\@react-native\gradle-plugin\.gradle\buildOutputCleanup)" [_thread_blocked, id=9336, stack(0x0000008d28300000,0x0000008d28400000)]
  0x000001bf42b64c70 JavaThread "Unconstrained build operations Thread 5" [_thread_blocked, id=12136, stack(0x0000008d28400000,0x0000008d28500000)]
  0x000001bf42b67a00 JavaThread "Unconstrained build operations Thread 6" [_thread_blocked, id=13768, stack(0x0000008d28500000,0x0000008d28600000)]
  0x000001bf42b60fb0 JavaThread "Unconstrained build operations Thread 7" [_thread_blocked, id=3332, stack(0x0000008d28600000,0x0000008d28700000)]
  0x000001bf42b614c0 JavaThread "Unconstrained build operations Thread 8" [_thread_blocked, id=4956, stack(0x0000008d28700000,0x0000008d28800000)]
  0x000001bf42b63320 JavaThread "Unconstrained build operations Thread 9" [_thread_blocked, id=11668, stack(0x0000008d28800000,0x0000008d28900000)]
  0x000001bf42b619d0 JavaThread "Unconstrained build operations Thread 10" [_thread_blocked, id=6364, stack(0x0000008d28900000,0x0000008d28a00000)]
  0x000001bf42b63830 JavaThread "Memory manager" [_thread_blocked, id=3896, stack(0x0000008d28a00000,0x0000008d28b00000)]
  0x000001bf42b64250 JavaThread "build event listener" [_thread_blocked, id=13856, stack(0x0000008d28b00000,0x0000008d28c00000)]

Other Threads:
  0x000001bf2170d0b0 VMThread "VM Thread" [stack: 0x0000008d25700000,0x0000008d25800000] [id=13820]
  0x000001bf03af2d40 WatcherThread [stack: 0x0000008d26300000,0x0000008d26400000] [id=14124]
  0x000001bf03b4e2d0 GCTaskThread "GC Thread#0" [stack: 0x0000008d25200000,0x0000008d25300000] [id=4812]
  0x000001bf21a551b0 GCTaskThread "GC Thread#1" [stack: 0x0000008d26400000,0x0000008d26500000] [id=9968]
  0x000001bf21b8bf60 GCTaskThread "GC Thread#2" [stack: 0x0000008d26500000,0x0000008d26600000] [id=5068]
  0x000001bf41887850 GCTaskThread "GC Thread#3" [stack: 0x0000008d26600000,0x0000008d26700000] [id=13040]
  0x000001bf03b5f140 ConcurrentGCThread "G1 Main Marker" [stack: 0x0000008d25300000,0x0000008d25400000] [id=3236]
  0x000001bf03b5fa70 ConcurrentGCThread "G1 Conc#0" [stack: 0x0000008d25400000,0x0000008d25500000] [id=13832]
  0x000001bf03badaa0 ConcurrentGCThread "G1 Refine#0" [stack: 0x0000008d25500000,0x0000008d25600000] [id=1400]
  0x000001bf438a0cd0 ConcurrentGCThread "G1 Refine#1" [stack: 0x0000008d27c00000,0x0000008d27d00000] [id=11900]
  0x000001bf21995c30 ConcurrentGCThread "G1 Refine#2" [stack: 0x0000008d24f00000,0x0000008d25000000] [id=8072]
  0x000001bf03bae3f0 ConcurrentGCThread "G1 Service" [stack: 0x0000008d25600000,0x0000008d25700000] [id=3244]

Threads with active compile tasks:
C1 CompilerThread0  139319 16797       3       org.jetbrains.kotlin.com.intellij.util.containers.ConcurrentWeakKeySoftValueHashMap::createKeyReference (76 bytes)

VM state: not at safepoint (normal execution)

VM Mutex/Monitor currently owned by a thread:  ([mutex/lock_event])
[0x000001bf03add8e0] Metaspace_lock - owner thread: 0x000001bf21799820
[0x000001bf03adc920] MethodData_lock - owner thread: 0x000001bf21799820

Heap address: 0x0000000080000000, size: 2048 MB, Compressed Oops mode: 32-bit

CDS archive(s) mapped at: [0x000001bf22000000-0x000001bf22bb0000-0x000001bf22bb0000), size 12255232, SharedBaseAddress: 0x000001bf22000000, ArchiveRelocationMode: 1.
Compressed class space mapped at: 0x000001bf23000000-0x000001bf3d000000, reserved size: 436207616
Narrow klass base: 0x000001bf22000000, Narrow klass shift: 0, Narrow klass range: 0x100000000

GC Precious Log:
 CPUs: 4 total, 4 available
 Memory: 7843M
 Large Page Support: Disabled
 NUMA Support: Disabled
 Compressed Oops: Enabled (32-bit)
 Heap Region Size: 1M
 Heap Min Capacity: 8M
 Heap Initial Capacity: 124M
 Heap Max Capacity: 2G
 Pre-touch: Disabled
 Parallel Workers: 4
 Concurrent Workers: 1
 Concurrent Refinement Workers: 4
 Periodic GC: Disabled

Heap:
 garbage-first heap   total 438272K, used 270997K [0x0000000080000000, 0x0000000100000000)
  region size 1024K, 125 young (128000K), 4 survivors (4096K)
 Metaspace       used 123638K, committed 124416K, reserved 557056K
  class space    used 15677K, committed 16064K, reserved 425984K

Heap Regions: E=young(eden), S=young(survivor), O=old, HS=humongous(starts), HC=humongous(continues), CS=collection set, F=free, OA=open archive, CA=closed archive, TAMS=top-at-mark-start (previous, next)
|   0|0x0000000080000000, 0x0000000080100000, 0x0000000080100000|100%| O|  |TAMS 0x0000000080100000, 0x0000000080000000| Untracked 
|   1|0x0000000080100000, 0x0000000080200000, 0x0000000080200000|100%|HS|  |TAMS 0x0000000080200000, 0x0000000080100000| Complete 
|   2|0x0000000080200000, 0x0000000080300000, 0x0000000080300000|100%|HC|  |TAMS 0x0000000080300000, 0x0000000080200000| Complete 
|   3|0x0000000080300000, 0x0000000080400000, 0x0000000080400000|100%|HC|  |TAMS 0x0000000080400000, 0x0000000080300000| Complete 
|   4|0x0000000080400000, 0x0000000080500000, 0x0000000080500000|100%|HC|  |TAMS 0x0000000080500000, 0x0000000080400000| Complete 
|   5|0x0000000080500000, 0x0000000080600000, 0x0000000080600000|100%| O|  |TAMS 0x0000000080600000, 0x0000000080500000| Untracked 
|   6|0x0000000080600000, 0x0000000080700000, 0x0000000080700000|100%| O|  |TAMS 0x0000000080700000, 0x0000000080600000| Untracked 
|   7|0x0000000080700000, 0x0000000080800000, 0x0000000080800000|100%| O|  |TAMS 0x0000000080800000, 0x0000000080700000| Untracked 
|   8|0x0000000080800000, 0x0000000080900000, 0x0000000080900000|100%| O|  |TAMS 0x0000000080900000, 0x0000000080800000| Untracked 
|   9|0x0000000080900000, 0x0000000080a00000, 0x0000000080a00000|100%| O|  |TAMS 0x0000000080a00000, 0x0000000080900000| Untracked 
|  10|0x0000000080a00000, 0x0000000080b00000, 0x0000000080b00000|100%| O|  |TAMS 0x0000000080b00000, 0x0000000080a00000| Untracked 
|  11|0x0000000080b00000, 0x0000000080c00000, 0x0000000080c00000|100%| O|  |TAMS 0x0000000080c00000, 0x0000000080b00000| Untracked 
|  12|0x0000000080c00000, 0x0000000080d00000, 0x0000000080d00000|100%| O|  |TAMS 0x0000000080d00000, 0x0000000080c00000| Untracked 
|  13|0x0000000080d00000, 0x0000000080e00000, 0x0000000080e00000|100%| O|  |TAMS 0x0000000080e00000, 0x0000000080d00000| Untracked 
|  14|0x0000000080e00000, 0x0000000080f00000, 0x0000000080f00000|100%| O|  |TAMS 0x0000000080f00000, 0x0000000080e00000| Untracked 
|  15|0x0000000080f00000, 0x0000000081000000, 0x0000000081000000|100%| O|  |TAMS 0x0000000081000000, 0x0000000080f00000| Untracked 
|  16|0x0000000081000000, 0x0000000081100000, 0x0000000081100000|100%| O|  |TAMS 0x0000000081100000, 0x0000000081000000| Untracked 
|  17|0x0000000081100000, 0x0000000081200000, 0x0000000081200000|100%| O|  |TAMS 0x0000000081200000, 0x0000000081100000| Untracked 
|  18|0x0000000081200000, 0x0000000081300000, 0x0000000081300000|100%| O|  |TAMS 0x0000000081300000, 0x0000000081200000| Untracked 
|  19|0x0000000081300000, 0x0000000081400000, 0x0000000081400000|100%| O|  |TAMS 0x0000000081300000, 0x0000000081300000| Untracked 
|  20|0x0000000081400000, 0x0000000081500000, 0x0000000081500000|100%| O|  |TAMS 0x0000000081500000, 0x0000000081400000| Untracked 
|  21|0x0000000081500000, 0x0000000081600000, 0x0000000081600000|100%| O|  |TAMS 0x0000000081600000, 0x0000000081500000| Untracked 
|  22|0x0000000081600000, 0x0000000081700000, 0x0000000081700000|100%| O|  |TAMS 0x0000000081700000, 0x0000000081600000| Untracked 
|  23|0x0000000081700000, 0x0000000081800000, 0x0000000081800000|100%| O|  |TAMS 0x0000000081800000, 0x0000000081700000| Untracked 
|  24|0x0000000081800000, 0x0000000081900000, 0x0000000081900000|100%| O|  |TAMS 0x0000000081900000, 0x0000000081800000| Untracked 
|  25|0x0000000081900000, 0x0000000081a00000, 0x0000000081a00000|100%| O|  |TAMS 0x0000000081a00000, 0x0000000081900000| Untracked 
|  26|0x0000000081a00000, 0x0000000081b00000, 0x0000000081b00000|100%| O|  |TAMS 0x0000000081b00000, 0x0000000081a00000| Untracked 
|  27|0x0000000081b00000, 0x0000000081c00000, 0x0000000081c00000|100%| O|  |TAMS 0x0000000081c00000, 0x0000000081b00000| Untracked 
|  28|0x0000000081c00000, 0x0000000081d00000, 0x0000000081d00000|100%| O|  |TAMS 0x0000000081d00000, 0x0000000081c00000| Untracked 
|  29|0x0000000081d00000, 0x0000000081e00000, 0x0000000081e00000|100%| O|  |TAMS 0x0000000081e00000, 0x0000000081d00000| Untracked 
|  30|0x0000000081e00000, 0x0000000081f00000, 0x0000000081f00000|100%| O|  |TAMS 0x0000000081f00000, 0x0000000081e00000| Untracked 
|  31|0x0000000081f00000, 0x0000000082000000, 0x0000000082000000|100%| O|  |TAMS 0x0000000082000000, 0x0000000081f00000| Untracked 
|  32|0x0000000082000000, 0x0000000082100000, 0x0000000082100000|100%| O|  |TAMS 0x0000000082100000, 0x0000000082000000| Untracked 
|  33|0x0000000082100000, 0x0000000082200000, 0x0000000082200000|100%| O|  |TAMS 0x0000000082200000, 0x0000000082100000| Untracked 
|  34|0x0000000082200000, 0x0000000082300000, 0x0000000082300000|100%| O|  |TAMS 0x0000000082300000, 0x0000000082200000| Untracked 
|  35|0x0000000082300000, 0x0000000082400000, 0x0000000082400000|100%| O|  |TAMS 0x0000000082400000, 0x0000000082300000| Untracked 
|  36|0x0000000082400000, 0x0000000082500000, 0x0000000082500000|100%| O|  |TAMS 0x0000000082500000, 0x0000000082400000| Untracked 
|  37|0x0000000082500000, 0x0000000082600000, 0x0000000082600000|100%| O|  |TAMS 0x0000000082600000, 0x0000000082500000| Untracked 
|  38|0x0000000082600000, 0x0000000082700000, 0x0000000082700000|100%| O|  |TAMS 0x0000000082700000, 0x0000000082600000| Untracked 
|  39|0x0000000082700000, 0x0000000082800000, 0x0000000082800000|100%|HS|  |TAMS 0x0000000082800000, 0x0000000082700000| Complete 
|  40|0x0000000082800000, 0x0000000082900000, 0x0000000082900000|100%|HC|  |TAMS 0x0000000082900000, 0x0000000082800000| Complete 
|  41|0x0000000082900000, 0x0000000082a00000, 0x0000000082a00000|100%|HS|  |TAMS 0x0000000082a00000, 0x0000000082900000| Complete 
|  42|0x0000000082a00000, 0x0000000082b00000, 0x0000000082b00000|100%|HC|  |TAMS 0x0000000082b00000, 0x0000000082a00000| Complete 
|  43|0x0000000082b00000, 0x0000000082c00000, 0x0000000082c00000|100%|HS|  |TAMS 0x0000000082c00000, 0x0000000082b00000| Complete 
|  44|0x0000000082c00000, 0x0000000082d00000, 0x0000000082d00000|100%|HC|  |TAMS 0x0000000082d00000, 0x0000000082c00000| Complete 
|  45|0x0000000082d00000, 0x0000000082e00000, 0x0000000082e00000|100%|HC|  |TAMS 0x0000000082e00000, 0x0000000082d00000| Complete 
|  46|0x0000000082e00000, 0x0000000082f00000, 0x0000000082f00000|100%|HC|  |TAMS 0x0000000082f00000, 0x0000000082e00000| Complete 
|  47|0x0000000082f00000, 0x0000000083000000, 0x0000000083000000|100%|HS|  |TAMS 0x0000000083000000, 0x0000000082f00000| Complete 
|  48|0x0000000083000000, 0x0000000083100000, 0x0000000083100000|100%|HC|  |TAMS 0x0000000083100000, 0x0000000083000000| Complete 
|  49|0x0000000083100000, 0x0000000083200000, 0x0000000083200000|100%|HC|  |TAMS 0x0000000083200000, 0x0000000083100000| Complete 
|  50|0x0000000083200000, 0x0000000083300000, 0x0000000083300000|100%|HC|  |TAMS 0x0000000083300000, 0x0000000083200000| Complete 
|  51|0x0000000083300000, 0x0000000083400000, 0x0000000083400000|100%| O|  |TAMS 0x0000000083400000, 0x0000000083300000| Untracked 
|  52|0x0000000083400000, 0x0000000083500000, 0x0000000083500000|100%| O|  |TAMS 0x0000000083500000, 0x0000000083400000| Untracked 
|  53|0x0000000083500000, 0x0000000083600000, 0x0000000083600000|100%| O|  |TAMS 0x0000000083600000, 0x0000000083500000| Untracked 
|  54|0x0000000083600000, 0x0000000083700000, 0x0000000083700000|100%| O|  |TAMS 0x0000000083700000, 0x0000000083600000| Untracked 
|  55|0x0000000083700000, 0x0000000083800000, 0x0000000083800000|100%| O|  |TAMS 0x0000000083800000, 0x0000000083700000| Untracked 
|  56|0x0000000083800000, 0x0000000083900000, 0x0000000083900000|100%| O|  |TAMS 0x0000000083900000, 0x0000000083800000| Untracked 
|  57|0x0000000083900000, 0x0000000083a00000, 0x0000000083a00000|100%| O|  |TAMS 0x0000000083a00000, 0x0000000083900000| Untracked 
|  58|0x0000000083a00000, 0x0000000083b00000, 0x0000000083b00000|100%| O|  |TAMS 0x0000000083b00000, 0x0000000083a00000| Untracked 
|  59|0x0000000083b00000, 0x0000000083c00000, 0x0000000083c00000|100%| O|  |TAMS 0x0000000083c00000, 0x0000000083b00000| Untracked 
|  60|0x0000000083c00000, 0x0000000083d00000, 0x0000000083d00000|100%| O|  |TAMS 0x0000000083d00000, 0x0000000083c00000| Untracked 
|  61|0x0000000083d00000, 0x0000000083e00000, 0x0000000083e00000|100%| O|  |TAMS 0x0000000083e00000, 0x0000000083d00000| Untracked 
|  62|0x0000000083e00000, 0x0000000083f00000, 0x0000000083f00000|100%| O|  |TAMS 0x0000000083f00000, 0x0000000083e00000| Untracked 
|  63|0x0000000083f00000, 0x0000000084000000, 0x0000000084000000|100%| O|  |TAMS 0x0000000084000000, 0x0000000083f00000| Untracked 
|  64|0x0000000084000000, 0x0000000084100000, 0x0000000084100000|100%| O|  |TAMS 0x0000000084100000, 0x0000000084000000| Untracked 
|  65|0x0000000084100000, 0x0000000084200000, 0x0000000084200000|100%| O|  |TAMS 0x0000000084200000, 0x0000000084100000| Untracked 
|  66|0x0000000084200000, 0x0000000084300000, 0x0000000084300000|100%| O|  |TAMS 0x0000000084300000, 0x0000000084200000| Untracked 
|  67|0x0000000084300000, 0x0000000084400000, 0x0000000084400000|100%| O|  |TAMS 0x0000000084400000, 0x0000000084300000| Untracked 
|  68|0x0000000084400000, 0x0000000084500000, 0x0000000084500000|100%| O|  |TAMS 0x0000000084500000, 0x0000000084400000| Untracked 
|  69|0x0000000084500000, 0x0000000084600000, 0x0000000084600000|100%| O|  |TAMS 0x0000000084600000, 0x0000000084500000| Untracked 
|  70|0x0000000084600000, 0x0000000084700000, 0x0000000084700000|100%| O|  |TAMS 0x0000000084700000, 0x0000000084600000| Untracked 
|  71|0x0000000084700000, 0x0000000084800000, 0x0000000084800000|100%| O|  |TAMS 0x0000000084800000, 0x0000000084700000| Untracked 
|  72|0x0000000084800000, 0x0000000084900000, 0x0000000084900000|100%| O|  |TAMS 0x0000000084900000, 0x0000000084800000| Untracked 
|  73|0x0000000084900000, 0x0000000084a00000, 0x0000000084a00000|100%| O|  |TAMS 0x0000000084a00000, 0x0000000084900000| Untracked 
|  74|0x0000000084a00000, 0x0000000084b00000, 0x0000000084b00000|100%| O|  |TAMS 0x0000000084a00000, 0x0000000084a00000| Untracked 
|  75|0x0000000084b00000, 0x0000000084c00000, 0x0000000084c00000|100%| O|  |TAMS 0x0000000084c00000, 0x0000000084b00000| Untracked 
|  76|0x0000000084c00000, 0x0000000084d00000, 0x0000000084d00000|100%| O|  |TAMS 0x0000000084d00000, 0x0000000084c00000| Untracked 
|  77|0x0000000084d00000, 0x0000000084e00000, 0x0000000084e00000|100%| O|  |TAMS 0x0000000084e00000, 0x0000000084d00000| Untracked 
|  78|0x0000000084e00000, 0x0000000084f00000, 0x0000000084f00000|100%| O|  |TAMS 0x0000000084f00000, 0x0000000084e00000| Untracked 
|  79|0x0000000084f00000, 0x0000000085000000, 0x0000000085000000|100%| O|  |TAMS 0x0000000085000000, 0x0000000084f00000| Untracked 
|  80|0x0000000085000000, 0x0000000085100000, 0x0000000085100000|100%|HS|  |TAMS 0x0000000085100000, 0x0000000085000000| Complete 
|  81|0x0000000085100000, 0x0000000085200000, 0x0000000085200000|100%|HC|  |TAMS 0x0000000085200000, 0x0000000085100000| Complete 
|  82|0x0000000085200000, 0x0000000085300000, 0x0000000085300000|100%|HC|  |TAMS 0x0000000085300000, 0x0000000085200000| Complete 
|  83|0x0000000085300000, 0x0000000085400000, 0x0000000085400000|100%|HC|  |TAMS 0x0000000085400000, 0x0000000085300000| Complete 
|  84|0x0000000085400000, 0x0000000085500000, 0x0000000085500000|100%|HC|  |TAMS 0x0000000085500000, 0x0000000085400000| Complete 
|  85|0x0000000085500000, 0x0000000085600000, 0x0000000085600000|100%|HC|  |TAMS 0x0000000085600000, 0x0000000085500000| Complete 
|  86|0x0000000085600000, 0x0000000085700000, 0x0000000085700000|100%|HS|  |TAMS 0x0000000085700000, 0x0000000085600000| Complete 
|  87|0x0000000085700000, 0x0000000085800000, 0x0000000085800000|100%| O|  |TAMS 0x0000000085800000, 0x0000000085700000| Untracked 
|  88|0x0000000085800000, 0x0000000085900000, 0x0000000085900000|100%| O|  |TAMS 0x0000000085900000, 0x0000000085800000| Untracked 
|  89|0x0000000085900000, 0x0000000085a00000, 0x0000000085a00000|100%| O|  |TAMS 0x0000000085a00000, 0x0000000085900000| Untracked 
|  90|0x0000000085a00000, 0x0000000085b00000, 0x0000000085b00000|100%| O|  |TAMS 0x0000000085b00000, 0x0000000085a00000| Untracked 
|  91|0x0000000085b00000, 0x0000000085c00000, 0x0000000085c00000|100%| O|  |TAMS 0x0000000085c00000, 0x0000000085b00000| Untracked 
|  92|0x0000000085c00000, 0x0000000085d00000, 0x0000000085d00000|100%| O|  |TAMS 0x0000000085d00000, 0x0000000085c00000| Untracked 
|  93|0x0000000085d00000, 0x0000000085e00000, 0x0000000085e00000|100%| O|  |TAMS 0x0000000085e00000, 0x0000000085d00000| Untracked 
|  94|0x0000000085e00000, 0x0000000085f00000, 0x0000000085f00000|100%| O|  |TAMS 0x0000000085f00000, 0x0000000085e00000| Untracked 
|  95|0x0000000085f00000, 0x0000000086000000, 0x0000000086000000|100%| O|  |TAMS 0x0000000086000000, 0x0000000085f00000| Untracked 
|  96|0x0000000086000000, 0x0000000086100000, 0x0000000086100000|100%| O|  |TAMS 0x0000000086100000, 0x0000000086000000| Untracked 
|  97|0x0000000086100000, 0x0000000086200000, 0x0000000086200000|100%| O|  |TAMS 0x0000000086200000, 0x0000000086100000| Untracked 
|  98|0x0000000086200000, 0x0000000086300000, 0x0000000086300000|100%| O|  |TAMS 0x0000000086300000, 0x0000000086200000| Untracked 
|  99|0x0000000086300000, 0x0000000086400000, 0x0000000086400000|100%| O|  |TAMS 0x0000000086400000, 0x0000000086300000| Untracked 
| 100|0x0000000086400000, 0x0000000086500000, 0x0000000086500000|100%| O|  |TAMS 0x0000000086500000, 0x0000000086400000| Untracked 
| 101|0x0000000086500000, 0x0000000086600000, 0x0000000086600000|100%| O|  |TAMS 0x0000000086569c00, 0x0000000086500000| Untracked 
| 102|0x0000000086600000, 0x0000000086700000, 0x0000000086700000|100%| O|  |TAMS 0x0000000086600000, 0x0000000086600000| Untracked 
| 103|0x0000000086700000, 0x0000000086800000, 0x0000000086800000|100%| O|  |TAMS 0x0000000086700000, 0x0000000086700000| Untracked 
| 104|0x0000000086800000, 0x0000000086900000, 0x0000000086900000|100%| O|  |TAMS 0x0000000086800000, 0x0000000086800000| Untracked 
| 105|0x0000000086900000, 0x0000000086a00000, 0x0000000086a00000|100%| O|  |TAMS 0x0000000086900000, 0x0000000086900000| Untracked 
| 106|0x0000000086a00000, 0x0000000086b00000, 0x0000000086b00000|100%| O|  |TAMS 0x0000000086a00000, 0x0000000086a00000| Untracked 
| 107|0x0000000086b00000, 0x0000000086c00000, 0x0000000086c00000|100%| O|  |TAMS 0x0000000086b00000, 0x0000000086b00000| Untracked 
| 108|0x0000000086c00000, 0x0000000086d00000, 0x0000000086d00000|100%| O|  |TAMS 0x0000000086c00000, 0x0000000086c00000| Untracked 
| 109|0x0000000086d00000, 0x0000000086e00000, 0x0000000086e00000|100%| O|  |TAMS 0x0000000086d00000, 0x0000000086d00000| Untracked 
| 110|0x0000000086e00000, 0x0000000086f00000, 0x0000000086f00000|100%| O|  |TAMS 0x0000000086e00000, 0x0000000086e00000| Untracked 
| 111|0x0000000086f00000, 0x0000000087000000, 0x0000000087000000|100%| O|  |TAMS 0x0000000086f00000, 0x0000000086f00000| Untracked 
| 112|0x0000000087000000, 0x0000000087100000, 0x0000000087100000|100%| O|  |TAMS 0x0000000087000000, 0x0000000087000000| Untracked 
| 113|0x0000000087100000, 0x0000000087200000, 0x0000000087200000|100%| O|  |TAMS 0x0000000087100000, 0x0000000087100000| Untracked 
| 114|0x0000000087200000, 0x0000000087300000, 0x0000000087300000|100%| O|  |TAMS 0x0000000087200000, 0x0000000087200000| Untracked 
| 115|0x0000000087300000, 0x0000000087400000, 0x0000000087400000|100%| O|  |TAMS 0x0000000087300000, 0x0000000087300000| Untracked 
| 116|0x0000000087400000, 0x0000000087500000, 0x0000000087500000|100%| O|  |TAMS 0x0000000087400000, 0x0000000087400000| Untracked 
| 117|0x0000000087500000, 0x0000000087600000, 0x0000000087600000|100%| O|  |TAMS 0x0000000087500000, 0x0000000087500000| Untracked 
| 118|0x0000000087600000, 0x0000000087700000, 0x0000000087700000|100%| O|  |TAMS 0x0000000087600000, 0x0000000087600000| Untracked 
| 119|0x0000000087700000, 0x0000000087800000, 0x0000000087800000|100%| O|  |TAMS 0x0000000087700000, 0x0000000087700000| Untracked 
| 120|0x0000000087800000, 0x0000000087900000, 0x0000000087900000|100%| O|  |TAMS 0x0000000087800000, 0x0000000087800000| Untracked 
| 121|0x0000000087900000, 0x0000000087a00000, 0x0000000087a00000|100%| O|  |TAMS 0x0000000087900000, 0x0000000087900000| Untracked 
| 122|0x0000000087a00000, 0x0000000087b00000, 0x0000000087b00000|100%| O|  |TAMS 0x0000000087a00000, 0x0000000087a00000| Untracked 
| 123|0x0000000087b00000, 0x0000000087c00000, 0x0000000087c00000|100%| O|  |TAMS 0x0000000087b00000, 0x0000000087b00000| Untracked 
| 124|0x0000000087c00000, 0x0000000087d00000, 0x0000000087d00000|100%| O|  |TAMS 0x0000000087c00000, 0x0000000087c00000| Untracked 
| 125|0x0000000087d00000, 0x0000000087e00000, 0x0000000087e00000|100%| O|  |TAMS 0x0000000087d00000, 0x0000000087d00000| Untracked 
| 126|0x0000000087e00000, 0x0000000087f00000, 0x0000000087f00000|100%| O|  |TAMS 0x0000000087e00000, 0x0000000087e00000| Untracked 
| 127|0x0000000087f00000, 0x0000000088000000, 0x0000000088000000|100%| O|  |TAMS 0x0000000087f00000, 0x0000000087f00000| Untracked 
| 128|0x0000000088000000, 0x0000000088100000, 0x0000000088100000|100%| O|  |TAMS 0x0000000088000000, 0x0000000088000000| Untracked 
| 129|0x0000000088100000, 0x0000000088200000, 0x0000000088200000|100%| O|  |TAMS 0x0000000088100000, 0x0000000088100000| Untracked 
| 130|0x0000000088200000, 0x0000000088300000, 0x0000000088300000|100%| O|  |TAMS 0x0000000088200000, 0x0000000088200000| Untracked 
| 131|0x0000000088300000, 0x0000000088400000, 0x0000000088400000|100%| O|  |TAMS 0x0000000088300000, 0x0000000088300000| Untracked 
| 132|0x0000000088400000, 0x0000000088500000, 0x0000000088500000|100%| O|  |TAMS 0x0000000088400000, 0x0000000088400000| Untracked 
| 133|0x0000000088500000, 0x0000000088600000, 0x0000000088600000|100%| O|  |TAMS 0x0000000088500000, 0x0000000088500000| Untracked 
| 134|0x0000000088600000, 0x0000000088700000, 0x0000000088700000|100%| O|  |TAMS 0x0000000088600000, 0x0000000088600000| Untracked 
| 135|0x0000000088700000, 0x0000000088800000, 0x0000000088800000|100%| O|  |TAMS 0x0000000088700000, 0x0000000088700000| Untracked 
| 136|0x0000000088800000, 0x0000000088900000, 0x0000000088900000|100%| O|  |TAMS 0x0000000088800000, 0x0000000088800000| Untracked 
| 137|0x0000000088900000, 0x0000000088a00000, 0x0000000088a00000|100%| O|  |TAMS 0x0000000088900000, 0x0000000088900000| Untracked 
| 138|0x0000000088a00000, 0x0000000088b00000, 0x0000000088b00000|100%| O|  |TAMS 0x0000000088a00000, 0x0000000088a00000| Untracked 
| 139|0x0000000088b00000, 0x0000000088bddc00, 0x0000000088c00000| 86%| O|  |TAMS 0x0000000088b00000, 0x0000000088b00000| Untracked 
| 140|0x0000000088c00000, 0x0000000088d00000, 0x0000000088d00000|100%|HS|  |TAMS 0x0000000088c00000, 0x0000000088c00000| Complete 
| 141|0x0000000088d00000, 0x0000000088d00000, 0x0000000088e00000|  0%| F|  |TAMS 0x0000000088d00000, 0x0000000088d00000| Untracked 
| 142|0x0000000088e00000, 0x0000000088e00000, 0x0000000088f00000|  0%| F|  |TAMS 0x0000000088e00000, 0x0000000088e00000| Untracked 
| 143|0x0000000088f00000, 0x0000000088f00000, 0x0000000089000000|  0%| F|  |TAMS 0x0000000088f00000, 0x0000000088f00000| Untracked 
| 144|0x0000000089000000, 0x0000000089000000, 0x0000000089100000|  0%| F|  |TAMS 0x0000000089000000, 0x0000000089000000| Untracked 
| 145|0x0000000089100000, 0x0000000089100000, 0x0000000089200000|  0%| F|  |TAMS 0x0000000089100000, 0x0000000089100000| Untracked 
| 146|0x0000000089200000, 0x0000000089200000, 0x0000000089300000|  0%| F|  |TAMS 0x0000000089200000, 0x0000000089200000| Untracked 
| 147|0x0000000089300000, 0x0000000089300000, 0x0000000089400000|  0%| F|  |TAMS 0x0000000089300000, 0x0000000089300000| Untracked 
| 148|0x0000000089400000, 0x0000000089400000, 0x0000000089500000|  0%| F|  |TAMS 0x0000000089400000, 0x0000000089400000| Untracked 
| 149|0x0000000089500000, 0x0000000089500000, 0x0000000089600000|  0%| F|  |TAMS 0x0000000089500000, 0x0000000089500000| Untracked 
| 150|0x0000000089600000, 0x0000000089600000, 0x0000000089700000|  0%| F|  |TAMS 0x0000000089600000, 0x0000000089600000| Untracked 
| 151|0x0000000089700000, 0x0000000089700000, 0x0000000089800000|  0%| F|  |TAMS 0x0000000089700000, 0x0000000089700000| Untracked 
| 152|0x0000000089800000, 0x0000000089800000, 0x0000000089900000|  0%| F|  |TAMS 0x0000000089800000, 0x0000000089800000| Untracked 
| 153|0x0000000089900000, 0x0000000089900000, 0x0000000089a00000|  0%| F|  |TAMS 0x0000000089900000, 0x0000000089900000| Untracked 
| 154|0x0000000089a00000, 0x0000000089a00000, 0x0000000089b00000|  0%| F|  |TAMS 0x0000000089a00000, 0x0000000089a00000| Untracked 
| 155|0x0000000089b00000, 0x0000000089b00000, 0x0000000089c00000|  0%| F|  |TAMS 0x0000000089b00000, 0x0000000089b00000| Untracked 
| 156|0x0000000089c00000, 0x0000000089c00000, 0x0000000089d00000|  0%| F|  |TAMS 0x0000000089c00000, 0x0000000089c00000| Untracked 
| 157|0x0000000089d00000, 0x0000000089d00000, 0x0000000089e00000|  0%| F|  |TAMS 0x0000000089d00000, 0x0000000089d00000| Untracked 
| 158|0x0000000089e00000, 0x0000000089e00000, 0x0000000089f00000|  0%| F|  |TAMS 0x0000000089e00000, 0x0000000089e00000| Untracked 
| 159|0x0000000089f00000, 0x0000000089f00000, 0x000000008a000000|  0%| F|  |TAMS 0x0000000089f00000, 0x0000000089f00000| Untracked 
| 160|0x000000008a000000, 0x000000008a000000, 0x000000008a100000|  0%| F|  |TAMS 0x000000008a000000, 0x000000008a000000| Untracked 
| 161|0x000000008a100000, 0x000000008a100000, 0x000000008a200000|  0%| F|  |TAMS 0x000000008a100000, 0x000000008a100000| Untracked 
| 162|0x000000008a200000, 0x000000008a200000, 0x000000008a300000|  0%| F|  |TAMS 0x000000008a200000, 0x000000008a200000| Untracked 
| 163|0x000000008a300000, 0x000000008a300000, 0x000000008a400000|  0%| F|  |TAMS 0x000000008a300000, 0x000000008a300000| Untracked 
| 164|0x000000008a400000, 0x000000008a400000, 0x000000008a500000|  0%| F|  |TAMS 0x000000008a400000, 0x000000008a400000| Untracked 
| 165|0x000000008a500000, 0x000000008a500000, 0x000000008a600000|  0%| F|  |TAMS 0x000000008a500000, 0x000000008a500000| Untracked 
| 166|0x000000008a600000, 0x000000008a6c78e0, 0x000000008a700000| 77%| S|CS|TAMS 0x000000008a600000, 0x000000008a600000| Complete 
| 167|0x000000008a700000, 0x000000008a700000, 0x000000008a800000|  0%| F|  |TAMS 0x000000008a700000, 0x000000008a700000| Untracked 
| 168|0x000000008a800000, 0x000000008a800000, 0x000000008a900000|  0%| F|  |TAMS 0x000000008a800000, 0x000000008a800000| Untracked 
| 169|0x000000008a900000, 0x000000008a900000, 0x000000008aa00000|  0%| F|  |TAMS 0x000000008a900000, 0x000000008a900000| Untracked 
| 170|0x000000008aa00000, 0x000000008aa00000, 0x000000008ab00000|  0%| F|  |TAMS 0x000000008aa00000, 0x000000008aa00000| Untracked 
| 171|0x000000008ab00000, 0x000000008ac00000, 0x000000008ac00000|100%| S|CS|TAMS 0x000000008ab00000, 0x000000008ab00000| Complete 
| 172|0x000000008ac00000, 0x000000008ad00000, 0x000000008ad00000|100%| S|CS|TAMS 0x000000008ac00000, 0x000000008ac00000| Complete 
| 173|0x000000008ad00000, 0x000000008ae00000, 0x000000008ae00000|100%| S|CS|TAMS 0x000000008ad00000, 0x000000008ad00000| Complete 
| 174|0x000000008ae00000, 0x000000008ae00000, 0x000000008af00000|  0%| F|  |TAMS 0x000000008ae00000, 0x000000008ae00000| Untracked 
| 175|0x000000008af00000, 0x000000008af00000, 0x000000008b000000|  0%| F|  |TAMS 0x000000008af00000, 0x000000008af00000| Untracked 
| 176|0x000000008b000000, 0x000000008b000000, 0x000000008b100000|  0%| F|  |TAMS 0x000000008b000000, 0x000000008b000000| Untracked 
| 177|0x000000008b100000, 0x000000008b100000, 0x000000008b200000|  0%| F|  |TAMS 0x000000008b100000, 0x000000008b100000| Untracked 
| 178|0x000000008b200000, 0x000000008b200000, 0x000000008b300000|  0%| F|  |TAMS 0x000000008b200000, 0x000000008b200000| Untracked 
| 179|0x000000008b300000, 0x000000008b300000, 0x000000008b400000|  0%| F|  |TAMS 0x000000008b300000, 0x000000008b300000| Untracked 
| 180|0x000000008b400000, 0x000000008b400000, 0x000000008b500000|  0%| F|  |TAMS 0x000000008b400000, 0x000000008b400000| Untracked 
| 181|0x000000008b500000, 0x000000008b500000, 0x000000008b600000|  0%| F|  |TAMS 0x000000008b500000, 0x000000008b500000| Untracked 
| 182|0x000000008b600000, 0x000000008b600000, 0x000000008b700000|  0%| F|  |TAMS 0x000000008b600000, 0x000000008b600000| Untracked 
| 183|0x000000008b700000, 0x000000008b700000, 0x000000008b800000|  0%| F|  |TAMS 0x000000008b700000, 0x000000008b700000| Untracked 
| 184|0x000000008b800000, 0x000000008b800000, 0x000000008b900000|  0%| F|  |TAMS 0x000000008b800000, 0x000000008b800000| Untracked 
| 185|0x000000008b900000, 0x000000008b900000, 0x000000008ba00000|  0%| F|  |TAMS 0x000000008b900000, 0x000000008b900000| Untracked 
| 186|0x000000008ba00000, 0x000000008ba00000, 0x000000008bb00000|  0%| F|  |TAMS 0x000000008ba00000, 0x000000008ba00000| Untracked 
| 187|0x000000008bb00000, 0x000000008bb00000, 0x000000008bc00000|  0%| F|  |TAMS 0x000000008bb00000, 0x000000008bb00000| Untracked 
| 188|0x000000008bc00000, 0x000000008bc00000, 0x000000008bd00000|  0%| F|  |TAMS 0x000000008bc00000, 0x000000008bc00000| Untracked 
| 189|0x000000008bd00000, 0x000000008bd00000, 0x000000008be00000|  0%| F|  |TAMS 0x000000008bd00000, 0x000000008bd00000| Untracked 
| 190|0x000000008be00000, 0x000000008be00000, 0x000000008bf00000|  0%| F|  |TAMS 0x000000008be00000, 0x000000008be00000| Untracked 
| 191|0x000000008bf00000, 0x000000008bf00000, 0x000000008c000000|  0%| F|  |TAMS 0x000000008bf00000, 0x000000008bf00000| Untracked 
| 192|0x000000008c000000, 0x000000008c000000, 0x000000008c100000|  0%| F|  |TAMS 0x000000008c000000, 0x000000008c000000| Untracked 
| 193|0x000000008c100000, 0x000000008c100000, 0x000000008c200000|  0%| F|  |TAMS 0x000000008c100000, 0x000000008c100000| Untracked 
| 194|0x000000008c200000, 0x000000008c200000, 0x000000008c300000|  0%| F|  |TAMS 0x000000008c200000, 0x000000008c200000| Untracked 
| 195|0x000000008c300000, 0x000000008c300000, 0x000000008c400000|  0%| F|  |TAMS 0x000000008c300000, 0x000000008c300000| Untracked 
| 196|0x000000008c400000, 0x000000008c400000, 0x000000008c500000|  0%| F|  |TAMS 0x000000008c400000, 0x000000008c400000| Untracked 
| 197|0x000000008c500000, 0x000000008c500000, 0x000000008c600000|  0%| F|  |TAMS 0x000000008c500000, 0x000000008c500000| Untracked 
| 198|0x000000008c600000, 0x000000008c600000, 0x000000008c700000|  0%| F|  |TAMS 0x000000008c600000, 0x000000008c600000| Untracked 
| 199|0x000000008c700000, 0x000000008c700000, 0x000000008c800000|  0%| F|  |TAMS 0x000000008c700000, 0x000000008c700000| Untracked 
| 200|0x000000008c800000, 0x000000008c800000, 0x000000008c900000|  0%| F|  |TAMS 0x000000008c800000, 0x000000008c800000| Untracked 
| 201|0x000000008c900000, 0x000000008c900000, 0x000000008ca00000|  0%| F|  |TAMS 0x000000008c900000, 0x000000008c900000| Untracked 
| 202|0x000000008ca00000, 0x000000008ca00000, 0x000000008cb00000|  0%| F|  |TAMS 0x000000008ca00000, 0x000000008ca00000| Untracked 
| 203|0x000000008cb00000, 0x000000008cb00000, 0x000000008cc00000|  0%| F|  |TAMS 0x000000008cb00000, 0x000000008cb00000| Untracked 
| 204|0x000000008cc00000, 0x000000008cc00000, 0x000000008cd00000|  0%| F|  |TAMS 0x000000008cc00000, 0x000000008cc00000| Untracked 
| 205|0x000000008cd00000, 0x000000008cd00000, 0x000000008ce00000|  0%| F|  |TAMS 0x000000008cd00000, 0x000000008cd00000| Untracked 
| 206|0x000000008ce00000, 0x000000008ce00000, 0x000000008cf00000|  0%| F|  |TAMS 0x000000008ce00000, 0x000000008ce00000| Untracked 
| 207|0x000000008cf00000, 0x000000008cf00000, 0x000000008d000000|  0%| F|  |TAMS 0x000000008cf00000, 0x000000008cf00000| Untracked 
| 208|0x000000008d000000, 0x000000008d000000, 0x000000008d100000|  0%| F|  |TAMS 0x000000008d000000, 0x000000008d000000| Untracked 
| 209|0x000000008d100000, 0x000000008d100000, 0x000000008d200000|  0%| F|  |TAMS 0x000000008d100000, 0x000000008d100000| Untracked 
| 210|0x000000008d200000, 0x000000008d200000, 0x000000008d300000|  0%| F|  |TAMS 0x000000008d200000, 0x000000008d200000| Untracked 
| 211|0x000000008d300000, 0x000000008d300000, 0x000000008d400000|  0%| F|  |TAMS 0x000000008d300000, 0x000000008d300000| Untracked 
| 212|0x000000008d400000, 0x000000008d400000, 0x000000008d500000|  0%| F|  |TAMS 0x000000008d400000, 0x000000008d400000| Untracked 
| 213|0x000000008d500000, 0x000000008d500000, 0x000000008d600000|  0%| F|  |TAMS 0x000000008d500000, 0x000000008d500000| Untracked 
| 214|0x000000008d600000, 0x000000008d600000, 0x000000008d700000|  0%| F|  |TAMS 0x000000008d600000, 0x000000008d600000| Untracked 
| 215|0x000000008d700000, 0x000000008d700000, 0x000000008d800000|  0%| F|  |TAMS 0x000000008d700000, 0x000000008d700000| Untracked 
| 216|0x000000008d800000, 0x000000008d800000, 0x000000008d900000|  0%| F|  |TAMS 0x000000008d800000, 0x000000008d800000| Untracked 
| 217|0x000000008d900000, 0x000000008d900000, 0x000000008da00000|  0%| F|  |TAMS 0x000000008d900000, 0x000000008d900000| Untracked 
| 218|0x000000008da00000, 0x000000008da00000, 0x000000008db00000|  0%| F|  |TAMS 0x000000008da00000, 0x000000008da00000| Untracked 
| 219|0x000000008db00000, 0x000000008db00000, 0x000000008dc00000|  0%| F|  |TAMS 0x000000008db00000, 0x000000008db00000| Untracked 
| 220|0x000000008dc00000, 0x000000008dc00000, 0x000000008dd00000|  0%| F|  |TAMS 0x000000008dc00000, 0x000000008dc00000| Untracked 
| 221|0x000000008dd00000, 0x000000008dd00000, 0x000000008de00000|  0%| F|  |TAMS 0x000000008dd00000, 0x000000008dd00000| Untracked 
| 222|0x000000008de00000, 0x000000008de00000, 0x000000008df00000|  0%| F|  |TAMS 0x000000008de00000, 0x000000008de00000| Untracked 
| 223|0x000000008df00000, 0x000000008df00000, 0x000000008e000000|  0%| F|  |TAMS 0x000000008df00000, 0x000000008df00000| Untracked 
| 224|0x000000008e000000, 0x000000008e000000, 0x000000008e100000|  0%| F|  |TAMS 0x000000008e000000, 0x000000008e000000| Untracked 
| 225|0x000000008e100000, 0x000000008e100000, 0x000000008e200000|  0%| F|  |TAMS 0x000000008e100000, 0x000000008e100000| Untracked 
| 226|0x000000008e200000, 0x000000008e200000, 0x000000008e300000|  0%| F|  |TAMS 0x000000008e200000, 0x000000008e200000| Untracked 
| 227|0x000000008e300000, 0x000000008e300000, 0x000000008e400000|  0%| F|  |TAMS 0x000000008e300000, 0x000000008e300000| Untracked 
| 228|0x000000008e400000, 0x000000008e400000, 0x000000008e500000|  0%| F|  |TAMS 0x000000008e400000, 0x000000008e400000| Untracked 
| 229|0x000000008e500000, 0x000000008e500000, 0x000000008e600000|  0%| F|  |TAMS 0x000000008e500000, 0x000000008e500000| Untracked 
| 230|0x000000008e600000, 0x000000008e600000, 0x000000008e700000|  0%| F|  |TAMS 0x000000008e600000, 0x000000008e600000| Untracked 
| 231|0x000000008e700000, 0x000000008e700000, 0x000000008e800000|  0%| F|  |TAMS 0x000000008e700000, 0x000000008e700000| Untracked 
| 232|0x000000008e800000, 0x000000008e800000, 0x000000008e900000|  0%| F|  |TAMS 0x000000008e800000, 0x000000008e800000| Untracked 
| 233|0x000000008e900000, 0x000000008e900000, 0x000000008ea00000|  0%| F|  |TAMS 0x000000008e900000, 0x000000008e900000| Untracked 
| 234|0x000000008ea00000, 0x000000008ea00000, 0x000000008eb00000|  0%| F|  |TAMS 0x000000008ea00000, 0x000000008ea00000| Untracked 
| 235|0x000000008eb00000, 0x000000008eb00000, 0x000000008ec00000|  0%| F|  |TAMS 0x000000008eb00000, 0x000000008eb00000| Untracked 
| 236|0x000000008ec00000, 0x000000008ec00000, 0x000000008ed00000|  0%| F|  |TAMS 0x000000008ec00000, 0x000000008ec00000| Untracked 
| 237|0x000000008ed00000, 0x000000008ed00000, 0x000000008ee00000|  0%| F|  |TAMS 0x000000008ed00000, 0x000000008ed00000| Untracked 
| 238|0x000000008ee00000, 0x000000008ee00000, 0x000000008ef00000|  0%| F|  |TAMS 0x000000008ee00000, 0x000000008ee00000| Untracked 
| 239|0x000000008ef00000, 0x000000008ef00000, 0x000000008f000000|  0%| F|  |TAMS 0x000000008ef00000, 0x000000008ef00000| Untracked 
| 240|0x000000008f000000, 0x000000008f000000, 0x000000008f100000|  0%| F|  |TAMS 0x000000008f000000, 0x000000008f000000| Untracked 
| 241|0x000000008f100000, 0x000000008f100000, 0x000000008f200000|  0%| F|  |TAMS 0x000000008f100000, 0x000000008f100000| Untracked 
| 242|0x000000008f200000, 0x000000008f200000, 0x000000008f300000|  0%| F|  |TAMS 0x000000008f200000, 0x000000008f200000| Untracked 
| 243|0x000000008f300000, 0x000000008f300000, 0x000000008f400000|  0%| F|  |TAMS 0x000000008f300000, 0x000000008f300000| Untracked 
| 244|0x000000008f400000, 0x000000008f400000, 0x000000008f500000|  0%| F|  |TAMS 0x000000008f400000, 0x000000008f400000| Untracked 
| 245|0x000000008f500000, 0x000000008f500000, 0x000000008f600000|  0%| F|  |TAMS 0x000000008f500000, 0x000000008f500000| Untracked 
| 246|0x000000008f600000, 0x000000008f600000, 0x000000008f700000|  0%| F|  |TAMS 0x000000008f600000, 0x000000008f600000| Untracked 
| 247|0x000000008f700000, 0x000000008f700000, 0x000000008f800000|  0%| F|  |TAMS 0x000000008f700000, 0x000000008f700000| Untracked 
| 248|0x000000008f800000, 0x000000008f800000, 0x000000008f900000|  0%| F|  |TAMS 0x000000008f800000, 0x000000008f800000| Untracked 
| 249|0x000000008f900000, 0x000000008f900000, 0x000000008fa00000|  0%| F|  |TAMS 0x000000008f900000, 0x000000008f900000| Untracked 
| 250|0x000000008fa00000, 0x000000008fa00000, 0x000000008fb00000|  0%| F|  |TAMS 0x000000008fa00000, 0x000000008fa00000| Untracked 
| 251|0x000000008fb00000, 0x000000008fb00000, 0x000000008fc00000|  0%| F|  |TAMS 0x000000008fb00000, 0x000000008fb00000| Untracked 
| 252|0x000000008fc00000, 0x000000008fc00000, 0x000000008fd00000|  0%| F|  |TAMS 0x000000008fc00000, 0x000000008fc00000| Untracked 
| 253|0x000000008fd00000, 0x000000008fd00000, 0x000000008fe00000|  0%| F|  |TAMS 0x000000008fd00000, 0x000000008fd00000| Untracked 
| 254|0x000000008fe00000, 0x000000008fe00000, 0x000000008ff00000|  0%| F|  |TAMS 0x000000008fe00000, 0x000000008fe00000| Untracked 
| 255|0x000000008ff00000, 0x000000008ff00000, 0x0000000090000000|  0%| F|  |TAMS 0x000000008ff00000, 0x000000008ff00000| Untracked 
| 256|0x0000000090000000, 0x0000000090000000, 0x0000000090100000|  0%| F|  |TAMS 0x0000000090000000, 0x0000000090000000| Untracked 
| 257|0x0000000090100000, 0x0000000090100000, 0x0000000090200000|  0%| F|  |TAMS 0x0000000090100000, 0x0000000090100000| Untracked 
| 258|0x0000000090200000, 0x0000000090200000, 0x0000000090300000|  0%| F|  |TAMS 0x0000000090200000, 0x0000000090200000| Untracked 
| 259|0x0000000090300000, 0x0000000090300000, 0x0000000090400000|  0%| F|  |TAMS 0x0000000090300000, 0x0000000090300000| Untracked 
| 260|0x0000000090400000, 0x0000000090400000, 0x0000000090500000|  0%| F|  |TAMS 0x0000000090400000, 0x0000000090400000| Untracked 
| 261|0x0000000090500000, 0x0000000090500000, 0x0000000090600000|  0%| F|  |TAMS 0x0000000090500000, 0x0000000090500000| Untracked 
| 262|0x0000000090600000, 0x0000000090600000, 0x0000000090700000|  0%| F|  |TAMS 0x0000000090600000, 0x0000000090600000| Untracked 
| 263|0x0000000090700000, 0x0000000090700000, 0x0000000090800000|  0%| F|  |TAMS 0x0000000090700000, 0x0000000090700000| Untracked 
| 264|0x0000000090800000, 0x0000000090800000, 0x0000000090900000|  0%| F|  |TAMS 0x0000000090800000, 0x0000000090800000| Untracked 
| 265|0x0000000090900000, 0x0000000090900000, 0x0000000090a00000|  0%| F|  |TAMS 0x0000000090900000, 0x0000000090900000| Untracked 
| 266|0x0000000090a00000, 0x0000000090a00000, 0x0000000090b00000|  0%| F|  |TAMS 0x0000000090a00000, 0x0000000090a00000| Untracked 
| 267|0x0000000090b00000, 0x0000000090b00000, 0x0000000090c00000|  0%| F|  |TAMS 0x0000000090b00000, 0x0000000090b00000| Untracked 
| 268|0x0000000090c00000, 0x0000000090c00000, 0x0000000090d00000|  0%| F|  |TAMS 0x0000000090c00000, 0x0000000090c00000| Untracked 
| 269|0x0000000090d00000, 0x0000000090d00000, 0x0000000090e00000|  0%| F|  |TAMS 0x0000000090d00000, 0x0000000090d00000| Untracked 
| 270|0x0000000090e00000, 0x0000000090e00000, 0x0000000090f00000|  0%| F|  |TAMS 0x0000000090e00000, 0x0000000090e00000| Untracked 
| 271|0x0000000090f00000, 0x0000000090f00000, 0x0000000091000000|  0%| F|  |TAMS 0x0000000090f00000, 0x0000000090f00000| Untracked 
| 272|0x0000000091000000, 0x0000000091000000, 0x0000000091100000|  0%| F|  |TAMS 0x0000000091000000, 0x0000000091000000| Untracked 
| 273|0x0000000091100000, 0x0000000091100000, 0x0000000091200000|  0%| F|  |TAMS 0x0000000091100000, 0x0000000091100000| Untracked 
| 274|0x0000000091200000, 0x0000000091200000, 0x0000000091300000|  0%| F|  |TAMS 0x0000000091200000, 0x0000000091200000| Untracked 
| 275|0x0000000091300000, 0x0000000091300000, 0x0000000091400000|  0%| F|  |TAMS 0x0000000091300000, 0x0000000091300000| Untracked 
| 276|0x0000000091400000, 0x0000000091400000, 0x0000000091500000|  0%| F|  |TAMS 0x0000000091400000, 0x0000000091400000| Untracked 
| 277|0x0000000091500000, 0x0000000091500000, 0x0000000091600000|  0%| F|  |TAMS 0x0000000091500000, 0x0000000091500000| Untracked 
| 278|0x0000000091600000, 0x0000000091600000, 0x0000000091700000|  0%| F|  |TAMS 0x0000000091600000, 0x0000000091600000| Untracked 
| 279|0x0000000091700000, 0x0000000091700000, 0x0000000091800000|  0%| F|  |TAMS 0x0000000091700000, 0x0000000091700000| Untracked 
| 280|0x0000000091800000, 0x0000000091800000, 0x0000000091900000|  0%| F|  |TAMS 0x0000000091800000, 0x0000000091800000| Untracked 
| 281|0x0000000091900000, 0x0000000091900000, 0x0000000091a00000|  0%| F|  |TAMS 0x0000000091900000, 0x0000000091900000| Untracked 
| 282|0x0000000091a00000, 0x0000000091a00000, 0x0000000091b00000|  0%| F|  |TAMS 0x0000000091a00000, 0x0000000091a00000| Untracked 
| 283|0x0000000091b00000, 0x0000000091b00000, 0x0000000091c00000|  0%| F|  |TAMS 0x0000000091b00000, 0x0000000091b00000| Untracked 
| 284|0x0000000091c00000, 0x0000000091c00000, 0x0000000091d00000|  0%| F|  |TAMS 0x0000000091c00000, 0x0000000091c00000| Untracked 
| 285|0x0000000091d00000, 0x0000000091d00000, 0x0000000091e00000|  0%| F|  |TAMS 0x0000000091d00000, 0x0000000091d00000| Untracked 
| 286|0x0000000091e00000, 0x0000000091e00000, 0x0000000091f00000|  0%| F|  |TAMS 0x0000000091e00000, 0x0000000091e00000| Untracked 
| 287|0x0000000091f00000, 0x0000000091f00000, 0x0000000092000000|  0%| F|  |TAMS 0x0000000091f00000, 0x0000000091f00000| Untracked 
| 288|0x0000000092000000, 0x0000000092000000, 0x0000000092100000|  0%| F|  |TAMS 0x0000000092000000, 0x0000000092000000| Untracked 
| 289|0x0000000092100000, 0x0000000092100000, 0x0000000092200000|  0%| F|  |TAMS 0x0000000092100000, 0x0000000092100000| Untracked 
| 290|0x0000000092200000, 0x0000000092200000, 0x0000000092300000|  0%| F|  |TAMS 0x0000000092200000, 0x0000000092200000| Untracked 
| 291|0x0000000092300000, 0x0000000092300000, 0x0000000092400000|  0%| F|  |TAMS 0x0000000092300000, 0x0000000092300000| Untracked 
| 292|0x0000000092400000, 0x0000000092400000, 0x0000000092500000|  0%| F|  |TAMS 0x0000000092400000, 0x0000000092400000| Untracked 
| 293|0x0000000092500000, 0x0000000092500000, 0x0000000092600000|  0%| F|  |TAMS 0x0000000092500000, 0x0000000092500000| Untracked 
| 294|0x0000000092600000, 0x0000000092600000, 0x0000000092700000|  0%| F|  |TAMS 0x0000000092600000, 0x0000000092600000| Untracked 
| 295|0x0000000092700000, 0x0000000092700000, 0x0000000092800000|  0%| F|  |TAMS 0x0000000092700000, 0x0000000092700000| Untracked 
| 296|0x0000000092800000, 0x0000000092800000, 0x0000000092900000|  0%| F|  |TAMS 0x0000000092800000, 0x0000000092800000| Untracked 
| 297|0x0000000092900000, 0x0000000092900000, 0x0000000092a00000|  0%| F|  |TAMS 0x0000000092900000, 0x0000000092900000| Untracked 
| 298|0x0000000092a00000, 0x0000000092a00000, 0x0000000092b00000|  0%| F|  |TAMS 0x0000000092a00000, 0x0000000092a00000| Untracked 
| 299|0x0000000092b00000, 0x0000000092b00000, 0x0000000092c00000|  0%| F|  |TAMS 0x0000000092b00000, 0x0000000092b00000| Untracked 
| 300|0x0000000092c00000, 0x0000000092c00000, 0x0000000092d00000|  0%| F|  |TAMS 0x0000000092c00000, 0x0000000092c00000| Untracked 
| 301|0x0000000092d00000, 0x0000000092d00000, 0x0000000092e00000|  0%| F|  |TAMS 0x0000000092d00000, 0x0000000092d00000| Untracked 
| 302|0x0000000092e00000, 0x0000000092e00000, 0x0000000092f00000|  0%| F|  |TAMS 0x0000000092e00000, 0x0000000092e00000| Untracked 
| 303|0x0000000092f00000, 0x0000000092f00000, 0x0000000093000000|  0%| F|  |TAMS 0x0000000092f00000, 0x0000000092f00000| Untracked 
| 304|0x0000000093000000, 0x0000000093000000, 0x0000000093100000|  0%| F|  |TAMS 0x0000000093000000, 0x0000000093000000| Untracked 
| 305|0x0000000093100000, 0x0000000093100000, 0x0000000093200000|  0%| F|  |TAMS 0x0000000093100000, 0x0000000093100000| Untracked 
| 306|0x0000000093200000, 0x0000000093200000, 0x0000000093300000|  0%| F|  |TAMS 0x0000000093200000, 0x0000000093200000| Untracked 
| 307|0x0000000093300000, 0x00000000933867c8, 0x0000000093400000| 52%| E|  |TAMS 0x0000000093300000, 0x0000000093300000| Complete 
| 308|0x0000000093400000, 0x0000000093500000, 0x0000000093500000|100%| E|CS|TAMS 0x0000000093400000, 0x0000000093400000| Complete 
| 309|0x0000000093500000, 0x0000000093600000, 0x0000000093600000|100%| E|CS|TAMS 0x0000000093500000, 0x0000000093500000| Complete 
| 310|0x0000000093600000, 0x0000000093700000, 0x0000000093700000|100%| E|CS|TAMS 0x0000000093600000, 0x0000000093600000| Complete 
| 311|0x0000000093700000, 0x0000000093800000, 0x0000000093800000|100%| E|CS|TAMS 0x0000000093700000, 0x0000000093700000| Complete 
| 312|0x0000000093800000, 0x0000000093900000, 0x0000000093900000|100%| E|CS|TAMS 0x0000000093800000, 0x0000000093800000| Complete 
| 313|0x0000000093900000, 0x0000000093a00000, 0x0000000093a00000|100%| E|CS|TAMS 0x0000000093900000, 0x0000000093900000| Complete 
| 314|0x0000000093a00000, 0x0000000093b00000, 0x0000000093b00000|100%| E|CS|TAMS 0x0000000093a00000, 0x0000000093a00000| Complete 
| 315|0x0000000093b00000, 0x0000000093c00000, 0x0000000093c00000|100%| E|CS|TAMS 0x0000000093b00000, 0x0000000093b00000| Complete 
| 316|0x0000000093c00000, 0x0000000093d00000, 0x0000000093d00000|100%| E|CS|TAMS 0x0000000093c00000, 0x0000000093c00000| Complete 
| 317|0x0000000093d00000, 0x0000000093e00000, 0x0000000093e00000|100%| E|CS|TAMS 0x0000000093d00000, 0x0000000093d00000| Complete 
| 318|0x0000000093e00000, 0x0000000093f00000, 0x0000000093f00000|100%| E|CS|TAMS 0x0000000093e00000, 0x0000000093e00000| Complete 
| 319|0x0000000093f00000, 0x0000000094000000, 0x0000000094000000|100%| E|CS|TAMS 0x0000000093f00000, 0x0000000093f00000| Complete 
| 320|0x0000000094000000, 0x0000000094100000, 0x0000000094100000|100%| E|CS|TAMS 0x0000000094000000, 0x0000000094000000| Complete 
| 321|0x0000000094100000, 0x0000000094200000, 0x0000000094200000|100%| E|CS|TAMS 0x0000000094100000, 0x0000000094100000| Complete 
| 322|0x0000000094200000, 0x0000000094300000, 0x0000000094300000|100%| E|CS|TAMS 0x0000000094200000, 0x0000000094200000| Complete 
| 323|0x0000000094300000, 0x0000000094400000, 0x0000000094400000|100%| E|CS|TAMS 0x0000000094300000, 0x0000000094300000| Complete 
| 324|0x0000000094400000, 0x0000000094500000, 0x0000000094500000|100%| E|CS|TAMS 0x0000000094400000, 0x0000000094400000| Complete 
| 325|0x0000000094500000, 0x0000000094600000, 0x0000000094600000|100%| E|CS|TAMS 0x0000000094500000, 0x0000000094500000| Complete 
| 326|0x0000000094600000, 0x0000000094700000, 0x0000000094700000|100%| E|CS|TAMS 0x0000000094600000, 0x0000000094600000| Complete 
| 327|0x0000000094700000, 0x0000000094800000, 0x0000000094800000|100%| E|CS|TAMS 0x0000000094700000, 0x0000000094700000| Complete 
| 328|0x0000000094800000, 0x0000000094900000, 0x0000000094900000|100%| E|CS|TAMS 0x0000000094800000, 0x0000000094800000| Complete 
| 329|0x0000000094900000, 0x0000000094a00000, 0x0000000094a00000|100%| E|CS|TAMS 0x0000000094900000, 0x0000000094900000| Complete 
| 330|0x0000000094a00000, 0x0000000094b00000, 0x0000000094b00000|100%| E|CS|TAMS 0x0000000094a00000, 0x0000000094a00000| Complete 
| 331|0x0000000094b00000, 0x0000000094c00000, 0x0000000094c00000|100%| E|CS|TAMS 0x0000000094b00000, 0x0000000094b00000| Complete 
| 332|0x0000000094c00000, 0x0000000094d00000, 0x0000000094d00000|100%| E|CS|TAMS 0x0000000094c00000, 0x0000000094c00000| Complete 
| 333|0x0000000094d00000, 0x0000000094e00000, 0x0000000094e00000|100%| E|CS|TAMS 0x0000000094d00000, 0x0000000094d00000| Complete 
| 334|0x0000000094e00000, 0x0000000094f00000, 0x0000000094f00000|100%| E|CS|TAMS 0x0000000094e00000, 0x0000000094e00000| Complete 
| 335|0x0000000094f00000, 0x0000000095000000, 0x0000000095000000|100%| E|CS|TAMS 0x0000000094f00000, 0x0000000094f00000| Complete 
| 336|0x0000000095000000, 0x0000000095100000, 0x0000000095100000|100%| E|CS|TAMS 0x0000000095000000, 0x0000000095000000| Complete 
| 337|0x0000000095100000, 0x0000000095200000, 0x0000000095200000|100%| E|CS|TAMS 0x0000000095100000, 0x0000000095100000| Complete 
| 338|0x0000000095200000, 0x0000000095300000, 0x0000000095300000|100%| E|CS|TAMS 0x0000000095200000, 0x0000000095200000| Complete 
| 339|0x0000000095300000, 0x0000000095400000, 0x0000000095400000|100%| E|CS|TAMS 0x0000000095300000, 0x0000000095300000| Complete 
| 340|0x0000000095400000, 0x0000000095500000, 0x0000000095500000|100%| E|CS|TAMS 0x0000000095400000, 0x0000000095400000| Complete 
| 341|0x0000000095500000, 0x0000000095600000, 0x0000000095600000|100%| E|CS|TAMS 0x0000000095500000, 0x0000000095500000| Complete 
| 342|0x0000000095600000, 0x0000000095700000, 0x0000000095700000|100%| E|CS|TAMS 0x0000000095600000, 0x0000000095600000| Complete 
| 343|0x0000000095700000, 0x0000000095800000, 0x0000000095800000|100%| E|CS|TAMS 0x0000000095700000, 0x0000000095700000| Complete 
| 344|0x0000000095800000, 0x0000000095900000, 0x0000000095900000|100%| E|CS|TAMS 0x0000000095800000, 0x0000000095800000| Complete 
| 345|0x0000000095900000, 0x0000000095a00000, 0x0000000095a00000|100%| E|CS|TAMS 0x0000000095900000, 0x0000000095900000| Complete 
| 346|0x0000000095a00000, 0x0000000095b00000, 0x0000000095b00000|100%| E|CS|TAMS 0x0000000095a00000, 0x0000000095a00000| Complete 
| 347|0x0000000095b00000, 0x0000000095c00000, 0x0000000095c00000|100%| E|CS|TAMS 0x0000000095b00000, 0x0000000095b00000| Complete 
| 348|0x0000000095c00000, 0x0000000095d00000, 0x0000000095d00000|100%| E|CS|TAMS 0x0000000095c00000, 0x0000000095c00000| Complete 
| 349|0x0000000095d00000, 0x0000000095e00000, 0x0000000095e00000|100%| E|CS|TAMS 0x0000000095d00000, 0x0000000095d00000| Complete 
| 350|0x0000000095e00000, 0x0000000095f00000, 0x0000000095f00000|100%| E|CS|TAMS 0x0000000095e00000, 0x0000000095e00000| Complete 
| 351|0x0000000095f00000, 0x0000000096000000, 0x0000000096000000|100%| E|CS|TAMS 0x0000000095f00000, 0x0000000095f00000| Complete 
| 352|0x0000000096000000, 0x0000000096100000, 0x0000000096100000|100%| E|CS|TAMS 0x0000000096000000, 0x0000000096000000| Complete 
| 353|0x0000000096100000, 0x0000000096200000, 0x0000000096200000|100%| E|CS|TAMS 0x0000000096100000, 0x0000000096100000| Complete 
| 354|0x0000000096200000, 0x0000000096300000, 0x0000000096300000|100%| E|CS|TAMS 0x0000000096200000, 0x0000000096200000| Complete 
| 355|0x0000000096300000, 0x0000000096400000, 0x0000000096400000|100%| E|CS|TAMS 0x0000000096300000, 0x0000000096300000| Complete 
| 356|0x0000000096400000, 0x0000000096500000, 0x0000000096500000|100%| E|CS|TAMS 0x0000000096400000, 0x0000000096400000| Complete 
| 357|0x0000000096500000, 0x0000000096600000, 0x0000000096600000|100%| E|CS|TAMS 0x0000000096500000, 0x0000000096500000| Complete 
| 358|0x0000000096600000, 0x0000000096700000, 0x0000000096700000|100%| E|CS|TAMS 0x0000000096600000, 0x0000000096600000| Complete 
| 359|0x0000000096700000, 0x0000000096800000, 0x0000000096800000|100%| E|CS|TAMS 0x0000000096700000, 0x0000000096700000| Complete 
| 360|0x0000000096800000, 0x0000000096900000, 0x0000000096900000|100%| E|CS|TAMS 0x0000000096800000, 0x0000000096800000| Complete 
| 361|0x0000000096900000, 0x0000000096a00000, 0x0000000096a00000|100%| E|CS|TAMS 0x0000000096900000, 0x0000000096900000| Complete 
| 362|0x0000000096a00000, 0x0000000096b00000, 0x0000000096b00000|100%| E|CS|TAMS 0x0000000096a00000, 0x0000000096a00000| Complete 
| 363|0x0000000096b00000, 0x0000000096c00000, 0x0000000096c00000|100%| E|CS|TAMS 0x0000000096b00000, 0x0000000096b00000| Complete 
| 364|0x0000000096c00000, 0x0000000096d00000, 0x0000000096d00000|100%| E|CS|TAMS 0x0000000096c00000, 0x0000000096c00000| Complete 
| 365|0x0000000096d00000, 0x0000000096e00000, 0x0000000096e00000|100%| E|CS|TAMS 0x0000000096d00000, 0x0000000096d00000| Complete 
| 366|0x0000000096e00000, 0x0000000096f00000, 0x0000000096f00000|100%| E|CS|TAMS 0x0000000096e00000, 0x0000000096e00000| Complete 
| 367|0x0000000096f00000, 0x0000000097000000, 0x0000000097000000|100%| E|CS|TAMS 0x0000000096f00000, 0x0000000096f00000| Complete 
| 368|0x0000000097000000, 0x0000000097100000, 0x0000000097100000|100%| E|CS|TAMS 0x0000000097000000, 0x0000000097000000| Complete 
| 369|0x0000000097100000, 0x0000000097200000, 0x0000000097200000|100%| E|CS|TAMS 0x0000000097100000, 0x0000000097100000| Complete 
| 370|0x0000000097200000, 0x0000000097300000, 0x0000000097300000|100%| E|CS|TAMS 0x0000000097200000, 0x0000000097200000| Complete 
| 371|0x0000000097300000, 0x0000000097400000, 0x0000000097400000|100%| E|CS|TAMS 0x0000000097300000, 0x0000000097300000| Complete 
| 372|0x0000000097400000, 0x0000000097500000, 0x0000000097500000|100%| E|CS|TAMS 0x0000000097400000, 0x0000000097400000| Complete 
| 373|0x0000000097500000, 0x0000000097600000, 0x0000000097600000|100%| E|CS|TAMS 0x0000000097500000, 0x0000000097500000| Complete 
| 374|0x0000000097600000, 0x0000000097700000, 0x0000000097700000|100%| E|CS|TAMS 0x0000000097600000, 0x0000000097600000| Complete 
| 375|0x0000000097700000, 0x0000000097800000, 0x0000000097800000|100%| E|CS|TAMS 0x0000000097700000, 0x0000000097700000| Complete 
| 376|0x0000000097800000, 0x0000000097900000, 0x0000000097900000|100%| E|CS|TAMS 0x0000000097800000, 0x0000000097800000| Complete 
| 377|0x0000000097900000, 0x0000000097a00000, 0x0000000097a00000|100%| E|CS|TAMS 0x0000000097900000, 0x0000000097900000| Complete 
| 378|0x0000000097a00000, 0x0000000097b00000, 0x0000000097b00000|100%| E|CS|TAMS 0x0000000097a00000, 0x0000000097a00000| Complete 
| 379|0x0000000097b00000, 0x0000000097c00000, 0x0000000097c00000|100%| E|CS|TAMS 0x0000000097b00000, 0x0000000097b00000| Complete 
| 380|0x0000000097c00000, 0x0000000097d00000, 0x0000000097d00000|100%| E|CS|TAMS 0x0000000097c00000, 0x0000000097c00000| Complete 
| 381|0x0000000097d00000, 0x0000000097e00000, 0x0000000097e00000|100%| E|CS|TAMS 0x0000000097d00000, 0x0000000097d00000| Complete 
| 382|0x0000000097e00000, 0x0000000097f00000, 0x0000000097f00000|100%| E|CS|TAMS 0x0000000097e00000, 0x0000000097e00000| Complete 
| 383|0x0000000097f00000, 0x0000000098000000, 0x0000000098000000|100%| E|CS|TAMS 0x0000000097f00000, 0x0000000097f00000| Complete 
| 384|0x0000000098000000, 0x0000000098100000, 0x0000000098100000|100%| E|CS|TAMS 0x0000000098000000, 0x0000000098000000| Complete 
| 385|0x0000000098100000, 0x0000000098200000, 0x0000000098200000|100%| E|CS|TAMS 0x0000000098100000, 0x0000000098100000| Complete 
| 386|0x0000000098200000, 0x0000000098300000, 0x0000000098300000|100%| E|CS|TAMS 0x0000000098200000, 0x0000000098200000| Complete 
| 387|0x0000000098300000, 0x0000000098400000, 0x0000000098400000|100%| E|CS|TAMS 0x0000000098300000, 0x0000000098300000| Complete 
| 388|0x0000000098400000, 0x0000000098500000, 0x0000000098500000|100%| E|CS|TAMS 0x0000000098400000, 0x0000000098400000| Complete 
| 389|0x0000000098500000, 0x0000000098600000, 0x0000000098600000|100%| E|CS|TAMS 0x0000000098500000, 0x0000000098500000| Complete 
| 390|0x0000000098600000, 0x0000000098700000, 0x0000000098700000|100%| E|CS|TAMS 0x0000000098600000, 0x0000000098600000| Complete 
| 391|0x0000000098700000, 0x0000000098800000, 0x0000000098800000|100%| E|CS|TAMS 0x0000000098700000, 0x0000000098700000| Complete 
| 392|0x0000000098800000, 0x0000000098900000, 0x0000000098900000|100%| E|CS|TAMS 0x0000000098800000, 0x0000000098800000| Complete 
| 393|0x0000000098900000, 0x0000000098a00000, 0x0000000098a00000|100%| E|CS|TAMS 0x0000000098900000, 0x0000000098900000| Complete 
| 394|0x0000000098a00000, 0x0000000098b00000, 0x0000000098b00000|100%| E|CS|TAMS 0x0000000098a00000, 0x0000000098a00000| Complete 
| 395|0x0000000098b00000, 0x0000000098c00000, 0x0000000098c00000|100%| E|CS|TAMS 0x0000000098b00000, 0x0000000098b00000| Complete 
| 396|0x0000000098c00000, 0x0000000098d00000, 0x0000000098d00000|100%| E|CS|TAMS 0x0000000098c00000, 0x0000000098c00000| Complete 
| 397|0x0000000098d00000, 0x0000000098e00000, 0x0000000098e00000|100%| E|CS|TAMS 0x0000000098d00000, 0x0000000098d00000| Complete 
| 398|0x0000000098e00000, 0x0000000098f00000, 0x0000000098f00000|100%| E|CS|TAMS 0x0000000098e00000, 0x0000000098e00000| Complete 
| 399|0x0000000098f00000, 0x0000000099000000, 0x0000000099000000|100%| E|CS|TAMS 0x0000000098f00000, 0x0000000098f00000| Complete 
| 400|0x0000000099000000, 0x0000000099100000, 0x0000000099100000|100%| E|CS|TAMS 0x0000000099000000, 0x0000000099000000| Complete 
| 401|0x0000000099100000, 0x0000000099200000, 0x0000000099200000|100%| E|CS|TAMS 0x0000000099100000, 0x0000000099100000| Complete 
| 402|0x0000000099200000, 0x0000000099300000, 0x0000000099300000|100%| E|CS|TAMS 0x0000000099200000, 0x0000000099200000| Complete 
| 403|0x0000000099300000, 0x0000000099400000, 0x0000000099400000|100%| E|CS|TAMS 0x0000000099300000, 0x0000000099300000| Complete 
| 404|0x0000000099400000, 0x0000000099500000, 0x0000000099500000|100%| E|CS|TAMS 0x0000000099400000, 0x0000000099400000| Complete 
| 405|0x0000000099500000, 0x0000000099600000, 0x0000000099600000|100%| E|CS|TAMS 0x0000000099500000, 0x0000000099500000| Complete 
| 406|0x0000000099600000, 0x0000000099700000, 0x0000000099700000|100%| E|CS|TAMS 0x0000000099600000, 0x0000000099600000| Complete 
| 407|0x0000000099700000, 0x0000000099800000, 0x0000000099800000|100%| E|CS|TAMS 0x0000000099700000, 0x0000000099700000| Complete 
| 408|0x0000000099800000, 0x0000000099900000, 0x0000000099900000|100%| E|CS|TAMS 0x0000000099800000, 0x0000000099800000| Complete 
| 409|0x0000000099900000, 0x0000000099a00000, 0x0000000099a00000|100%| E|CS|TAMS 0x0000000099900000, 0x0000000099900000| Complete 
| 410|0x0000000099a00000, 0x0000000099b00000, 0x0000000099b00000|100%| E|CS|TAMS 0x0000000099a00000, 0x0000000099a00000| Complete 
| 411|0x0000000099b00000, 0x0000000099c00000, 0x0000000099c00000|100%| E|CS|TAMS 0x0000000099b00000, 0x0000000099b00000| Complete 
| 412|0x0000000099c00000, 0x0000000099d00000, 0x0000000099d00000|100%| E|CS|TAMS 0x0000000099c00000, 0x0000000099c00000| Complete 
| 413|0x0000000099d00000, 0x0000000099e00000, 0x0000000099e00000|100%| E|CS|TAMS 0x0000000099d00000, 0x0000000099d00000| Complete 
| 414|0x0000000099e00000, 0x0000000099f00000, 0x0000000099f00000|100%| E|CS|TAMS 0x0000000099e00000, 0x0000000099e00000| Complete 
| 415|0x0000000099f00000, 0x000000009a000000, 0x000000009a000000|100%| E|CS|TAMS 0x0000000099f00000, 0x0000000099f00000| Complete 
| 416|0x000000009a000000, 0x000000009a100000, 0x000000009a100000|100%| E|CS|TAMS 0x000000009a000000, 0x000000009a000000| Complete 
| 417|0x000000009a100000, 0x000000009a200000, 0x000000009a200000|100%| E|CS|TAMS 0x000000009a100000, 0x000000009a100000| Complete 
| 418|0x000000009a200000, 0x000000009a300000, 0x000000009a300000|100%| E|CS|TAMS 0x000000009a200000, 0x000000009a200000| Complete 
| 419|0x000000009a300000, 0x000000009a400000, 0x000000009a400000|100%| E|CS|TAMS 0x000000009a300000, 0x000000009a300000| Complete 
| 420|0x000000009a400000, 0x000000009a500000, 0x000000009a500000|100%| E|CS|TAMS 0x000000009a400000, 0x000000009a400000| Complete 
| 421|0x000000009a500000, 0x000000009a600000, 0x000000009a600000|100%| E|CS|TAMS 0x000000009a500000, 0x000000009a500000| Complete 
| 422|0x000000009a600000, 0x000000009a700000, 0x000000009a700000|100%| E|CS|TAMS 0x000000009a600000, 0x000000009a600000| Complete 
| 423|0x000000009a700000, 0x000000009a800000, 0x000000009a800000|100%| E|CS|TAMS 0x000000009a700000, 0x000000009a700000| Complete 
| 424|0x000000009a800000, 0x000000009a900000, 0x000000009a900000|100%| E|CS|TAMS 0x000000009a800000, 0x000000009a800000| Complete 
| 425|0x000000009a900000, 0x000000009aa00000, 0x000000009aa00000|100%| E|CS|TAMS 0x000000009a900000, 0x000000009a900000| Complete 
| 426|0x000000009aa00000, 0x000000009ab00000, 0x000000009ab00000|100%| E|CS|TAMS 0x000000009aa00000, 0x000000009aa00000| Complete 
| 427|0x000000009ab00000, 0x000000009ac00000, 0x000000009ac00000|100%| E|CS|TAMS 0x000000009ab00000, 0x000000009ab00000| Complete 

Card table byte_map: [0x000001bf1aa70000,0x000001bf1ae70000] _byte_map_base: 0x000001bf1a670000

Marking Bits (Prev, Next): (CMBitMap*) 0x000001bf03b4e810, (CMBitMap*) 0x000001bf03b4e850
 Prev Bits: [0x000001bf1b270000, 0x000001bf1d270000)
 Next Bits: [0x000001bf1d270000, 0x000001bf1f270000)

Polling page: 0x000001bf01880000

Metaspace:

Usage:
  Non-class:    105.43 MB used.
      Class:     15.31 MB used.
       Both:    120.74 MB used.

Virtual space:
  Non-class space:      128.00 MB reserved,     105.81 MB ( 83%) committed,  2 nodes.
      Class space:      416.00 MB reserved,      15.69 MB (  4%) committed,  1 nodes.
             Both:      544.00 MB reserved,     121.50 MB ( 22%) committed. 

Chunk freelists:
   Non-Class:  5.80 MB
       Class:  382.00 KB
        Both:  6.17 MB

MaxMetaspaceSize: 512.00 MB
CompressedClassSpaceSize: 416.00 MB
Initial GC threshold: 21.00 MB
Current GC threshold: 163.75 MB
CDS: on
MetaspaceReclaimPolicy: balanced
 - commit_granule_bytes: 65536.
 - commit_granule_words: 8192.
 - virtual_space_node_default_size: 8388608.
 - enlarge_chunks_in_place: 1.
 - new_chunks_are_fully_committed: 0.
 - uncommit_free_chunks: 1.
 - use_allocation_guard: 0.
 - handle_deallocations: 1.


Internal statistics:

num_allocs_failed_limit: 6.
num_arena_births: 1016.
num_arena_deaths: 0.
num_vsnodes_births: 3.
num_vsnodes_deaths: 0.
num_space_committed: 1942.
num_space_uncommitted: 0.
num_chunks_returned_to_freelist: 6.
num_chunks_taken_from_freelist: 5720.
num_chunk_merges: 6.
num_chunk_splits: 4281.
num_chunks_enlarged: 3323.
num_inconsistent_stats: 0.

CodeHeap 'non-profiled nmethods': size=120000Kb used=8255Kb max_used=8255Kb free=111744Kb
 bounds [0x000001bf13140000, 0x000001bf13950000, 0x000001bf1a670000]
CodeHeap 'profiled nmethods': size=120000Kb used=36415Kb max_used=36415Kb free=83584Kb
 bounds [0x000001bf0b670000, 0x000001bf0da00000, 0x000001bf12ba0000]
CodeHeap 'non-nmethods': size=5760Kb used=2556Kb max_used=2653Kb free=3204Kb
 bounds [0x000001bf12ba0000, 0x000001bf12e50000, 0x000001bf13140000]
 total_blobs=15919 nmethods=14807 adapters=1020
 compilation: disabled (not enough contiguous free space left)
              stopped_count=1, restarted_count=0
 full_count=1

Compilation events (20 events):
Event: 139.101 Thread 0x000001bf21732000 16788       4       kotlin.sequences.TransformingSequence$iterator$1::next (22 bytes)
Event: 139.102 Thread 0x000001bf21732000 nmethod 16788 0x000001bf0d9f7190 code [0x000001bf0d9f7320, 0x000001bf0d9f73f8]
Event: 139.102 Thread 0x000001bf21732000 16783       4       java.util.LinkedHashMap$LinkedKeySet::iterator (12 bytes)
Event: 139.105 Thread 0x000001bf21732000 nmethod 16783 0x000001bf0d9f7510 code [0x000001bf0d9f76a0, 0x000001bf0d9f7878]
Event: 139.105 Thread 0x000001bf21732000 16784       4       kotlin.collections.EmptySet::size (5 bytes)
Event: 139.106 Thread 0x000001bf21732000 nmethod 16784 0x000001bf0d9f7990 code [0x000001bf0d9f7b00, 0x000001bf0d9f7b78]
Event: 139.107 Thread 0x000001bf21799820 16790       3       org.jetbrains.kotlin.com.intellij.psi.impl.file.PsiBinaryFileImpl::isCopy (13 bytes)
Event: 139.107 Thread 0x000001bf21799820 nmethod 16790 0x000001bf0d9f7c90 code [0x000001bf0d9f7e20, 0x000001bf0d9f7f78]
Event: 139.107 Thread 0x000001bf21799820 16791       3       org.jetbrains.kotlin.com.intellij.psi.impl.source.resolve.ResolveCache::access$000 (4 bytes)
Event: 139.107 Thread 0x000001bf21799820 nmethod 16791 0x000001bf0d9f8010 code [0x000001bf0d9f81a0, 0x000001bf0d9f8298]
Event: 139.107 Thread 0x000001bf21799820 16792       3       org.jetbrains.kotlin.com.intellij.core.CoreApplicationEnvironment$1::isUnitTestMode (8 bytes)
Event: 139.107 Thread 0x000001bf21799820 nmethod 16792 0x000001bf0d9f8310 code [0x000001bf0d9f84a0, 0x000001bf0d9f85d8]
Event: 139.107 Thread 0x000001bf21799820 16793       3       java.util.EnumMap::put (51 bytes)
Event: 139.108 Thread 0x000001bf21732000 16795       4       org.jetbrains.kotlin.load.java.structure.impl.classFiles.BinaryJavaMethodBase$Companion::parseMethodDescription (145 bytes)
Event: 139.108 Thread 0x000001bf21799820 nmethod 16793 0x000001bf0d9f8690 code [0x000001bf0d9f8880, 0x000001bf0d9f8d68]
Event: 139.108 Thread 0x000001bf21799820 16794       3       java.util.EnumMap::typeCheck (59 bytes)
Event: 139.109 Thread 0x000001bf21799820 nmethod 16794 0x000001bf0d9f8f10 code [0x000001bf0d9f91c0, 0x000001bf0d9f9c78]
Event: 139.110 Thread 0x000001bf21799820 16796       1       org.jetbrains.kotlin.com.intellij.ide.highlighter.JavaClassFileType::getName (3 bytes)
Event: 139.110 Thread 0x000001bf21799820 nmethod 16796 0x000001bf0d9fa090 code [0x000001bf0d9fa220, 0x000001bf0d9fa2f8]
Event: 139.111 Thread 0x000001bf21799820 16797       3       org.jetbrains.kotlin.com.intellij.util.containers.ConcurrentWeakKeySoftValueHashMap::createKeyReference (76 bytes)

GC Heap History (20 events):
Event: 94.558 GC heap before
{Heap before GC invocations=49 (full 0):
 garbage-first heap   total 209920K, used 170134K [0x0000000080000000, 0x0000000100000000)
  region size 1024K, 66 young (67584K), 1 survivors (1024K)
 Metaspace       used 99675K, committed 100352K, reserved 557056K
  class space    used 13446K, committed 13760K, reserved 425984K
}
Event: 94.581 GC heap after
{Heap after GC invocations=50 (full 0):
 garbage-first heap   total 209920K, used 109799K [0x0000000080000000, 0x0000000100000000)
  region size 1024K, 8 young (8192K), 8 survivors (8192K)
 Metaspace       used 99675K, committed 100352K, reserved 557056K
  class space    used 13446K, committed 13760K, reserved 425984K
}
Event: 100.181 GC heap before
{Heap before GC invocations=51 (full 0):
 garbage-first heap   total 209920K, used 169191K [0x0000000080000000, 0x0000000100000000)
  region size 1024K, 66 young (67584K), 8 survivors (8192K)
 Metaspace       used 106190K, committed 106944K, reserved 557056K
  class space    used 14130K, committed 14464K, reserved 425984K
}
Event: 100.207 GC heap after
{Heap after GC invocations=52 (full 0):
 garbage-first heap   total 209920K, used 113007K [0x0000000080000000, 0x0000000100000000)
  region size 1024K, 4 young (4096K), 4 survivors (4096K)
 Metaspace       used 106190K, committed 106944K, reserved 557056K
  class space    used 14130K, committed 14464K, reserved 425984K
}
Event: 100.542 GC heap before
{Heap before GC invocations=52 (full 0):
 garbage-first heap   total 209920K, used 119151K [0x0000000080000000, 0x0000000100000000)
  region size 1024K, 10 young (10240K), 4 survivors (4096K)
 Metaspace       used 106807K, committed 107520K, reserved 557056K
  class space    used 14241K, committed 14592K, reserved 425984K
}
Event: 100.553 GC heap after
{Heap after GC invocations=53 (full 0):
 garbage-first heap   total 209920K, used 113922K [0x0000000080000000, 0x0000000100000000)
  region size 1024K, 1 young (1024K), 1 survivors (1024K)
 Metaspace       used 106807K, committed 107520K, reserved 557056K
  class space    used 14241K, committed 14592K, reserved 425984K
}
Event: 104.877 GC heap before
{Heap before GC invocations=53 (full 0):
 garbage-first heap   total 209920K, used 172290K [0x0000000080000000, 0x0000000100000000)
  region size 1024K, 58 young (59392K), 1 survivors (1024K)
 Metaspace       used 115105K, committed 115776K, reserved 557056K
  class space    used 15035K, committed 15360K, reserved 425984K
}
Event: 104.888 GC heap after
{Heap after GC invocations=54 (full 0):
 garbage-first heap   total 209920K, used 115126K [0x0000000080000000, 0x0000000100000000)
  region size 1024K, 2 young (2048K), 2 survivors (2048K)
 Metaspace       used 115105K, committed 115776K, reserved 557056K
  class space    used 15035K, committed 15360K, reserved 425984K
}
Event: 113.424 GC heap before
{Heap before GC invocations=54 (full 0):
 garbage-first heap   total 209920K, used 174518K [0x0000000080000000, 0x0000000100000000)
  region size 1024K, 60 young (61440K), 2 survivors (2048K)
 Metaspace       used 120888K, committed 121536K, reserved 557056K
  class space    used 15632K, committed 15936K, reserved 425984K
}
Event: 113.437 GC heap after
{Heap after GC invocations=55 (full 0):
 garbage-first heap   total 209920K, used 118153K [0x0000000080000000, 0x0000000100000000)
  region size 1024K, 5 young (5120K), 5 survivors (5120K)
 Metaspace       used 120888K, committed 121536K, reserved 557056K
  class space    used 15632K, committed 15936K, reserved 425984K
}
Event: 114.200 GC heap before
{Heap before GC invocations=55 (full 0):
 garbage-first heap   total 209920K, used 176521K [0x0000000080000000, 0x0000000100000000)
  region size 1024K, 61 young (62464K), 5 survivors (5120K)
 Metaspace       used 121033K, committed 121728K, reserved 557056K
  class space    used 15633K, committed 15936K, reserved 425984K
}
Event: 114.226 GC heap after
{Heap after GC invocations=56 (full 0):
 garbage-first heap   total 209920K, used 124728K [0x0000000080000000, 0x0000000100000000)
  region size 1024K, 8 young (8192K), 8 survivors (8192K)
 Metaspace       used 121033K, committed 121728K, reserved 557056K
  class space    used 15633K, committed 15936K, reserved 425984K
}
Event: 119.148 GC heap before
{Heap before GC invocations=56 (full 0):
 garbage-first heap   total 209920K, used 174904K [0x0000000080000000, 0x0000000100000000)
  region size 1024K, 57 young (58368K), 8 survivors (8192K)
 Metaspace       used 121851K, committed 122624K, reserved 557056K
  class space    used 15639K, committed 16000K, reserved 425984K
}
Event: 119.183 GC heap after
{Heap after GC invocations=57 (full 0):
 garbage-first heap   total 209920K, used 133242K [0x0000000080000000, 0x0000000100000000)
  region size 1024K, 8 young (8192K), 8 survivors (8192K)
 Metaspace       used 121851K, committed 122624K, reserved 557056K
  class space    used 15639K, committed 16000K, reserved 425984K
}
Event: 126.523 GC heap before
{Heap before GC invocations=57 (full 0):
 garbage-first heap   total 209920K, used 173178K [0x0000000080000000, 0x0000000100000000)
  region size 1024K, 47 young (48128K), 8 survivors (8192K)
 Metaspace       used 122614K, committed 123328K, reserved 557056K
  class space    used 15657K, committed 16000K, reserved 425984K
}
Event: 126.589 GC heap after
{Heap after GC invocations=58 (full 0):
 garbage-first heap   total 209920K, used 139345K [0x0000000080000000, 0x0000000100000000)
  region size 1024K, 6 young (6144K), 6 survivors (6144K)
 Metaspace       used 122614K, committed 123328K, reserved 557056K
  class space    used 15657K, committed 16000K, reserved 425984K
}
Event: 127.268 GC heap before
{Heap before GC invocations=58 (full 0):
 garbage-first heap   total 209920K, used 175185K [0x0000000080000000, 0x0000000100000000)
  region size 1024K, 40 young (40960K), 6 survivors (6144K)
 Metaspace       used 122683K, committed 123456K, reserved 557056K
  class space    used 15657K, committed 16000K, reserved 425984K
}
Event: 127.285 GC heap after
{Heap after GC invocations=59 (full 0):
 garbage-first heap   total 209920K, used 143608K [0x0000000080000000, 0x0000000100000000)
  region size 1024K, 4 young (4096K), 4 survivors (4096K)
 Metaspace       used 122683K, committed 123456K, reserved 557056K
  class space    used 15657K, committed 16000K, reserved 425984K
}
Event: 127.788 GC heap before
{Heap before GC invocations=59 (full 0):
 garbage-first heap   total 209920K, used 175352K [0x0000000080000000, 0x0000000100000000)
  region size 1024K, 35 young (35840K), 4 survivors (4096K)
 Metaspace       used 122789K, committed 123584K, reserved 557056K
  class space    used 15657K, committed 16000K, reserved 425984K
}
Event: 127.865 GC heap after
{Heap after GC invocations=60 (full 0):
 garbage-first heap   total 438272K, used 147093K [0x0000000080000000, 0x0000000100000000)
  region size 1024K, 4 young (4096K), 4 survivors (4096K)
 Metaspace       used 122789K, committed 123584K, reserved 557056K
  class space    used 15657K, committed 16000K, reserved 425984K
}

Dll operation events (15 events):
Event: 0.021 Loaded shared library C:\Program Files\Microsoft\jdk-17.0.18.8-hotspot\bin\java.dll
Event: 0.092 Loaded shared library C:\Program Files\Microsoft\jdk-17.0.18.8-hotspot\bin\jsvml.dll
Event: 0.404 Loaded shared library C:\Program Files\Microsoft\jdk-17.0.18.8-hotspot\bin\zip.dll
Event: 0.428 Loaded shared library C:\Program Files\Microsoft\jdk-17.0.18.8-hotspot\bin\instrument.dll
Event: 0.438 Loaded shared library C:\Program Files\Microsoft\jdk-17.0.18.8-hotspot\bin\net.dll
Event: 0.441 Loaded shared library C:\Program Files\Microsoft\jdk-17.0.18.8-hotspot\bin\nio.dll
Event: 0.448 Loaded shared library C:\Program Files\Microsoft\jdk-17.0.18.8-hotspot\bin\zip.dll
Event: 2.313 Loaded shared library C:\Program Files\Microsoft\jdk-17.0.18.8-hotspot\bin\jimage.dll
Event: 3.234 Loaded shared library C:\Program Files\Microsoft\jdk-17.0.18.8-hotspot\bin\verify.dll
Event: 4.431 Loaded shared library C:\Users\Administrator\.gradle\native\c067742578af261105cb4f569cf0c3c89f3d7b1fecec35dd04571415982c5e48\windows-amd64\native-platform.dll
Event: 4.463 Loaded shared library C:\Users\Administrator\.gradle\native\38dada09dfb8b06ba9b0570ebf7e218e3eb74d4ef43ca46872605cf95ebc2f47\windows-amd64\native-platform-file-events.dll
Event: 10.904 Loaded shared library C:\Program Files\Microsoft\jdk-17.0.18.8-hotspot\bin\management.dll
Event: 10.930 Loaded shared library C:\Program Files\Microsoft\jdk-17.0.18.8-hotspot\bin\management_ext.dll
Event: 11.976 Loaded shared library C:\Program Files\Microsoft\jdk-17.0.18.8-hotspot\bin\extnet.dll
Event: 13.300 Loaded shared library C:\Program Files\Microsoft\jdk-17.0.18.8-hotspot\bin\sunmscapi.dll

Deoptimization events (20 events):
Event: 131.107 Thread 0x000001bf21b62420 DEOPT PACKING pc=0x000001bf13466fe8 sp=0x0000008d26df3a10
Event: 131.107 Thread 0x000001bf21b62420 DEOPT UNPACKING pc=0x000001bf12bf69a3 sp=0x0000008d26df39c8 mode 2
Event: 131.179 Thread 0x000001bf21b62420 Uncommon trap: trap_request=0xffffffbe fr.pc=0x000001bf1385583c relative=0x000000000000bc7c
Event: 131.179 Thread 0x000001bf21b62420 Uncommon trap: reason=profile_predicate action=maybe_recompile pc=0x000001bf1385583c method=org.jetbrains.org.objectweb.asm.ClassReader.accept(Lorg/jetbrains/org/objectweb/asm/ClassVisitor;[Lorg/jetbrains/org/objectweb/asm/Attribute;I)V @ 1131 c2
Event: 131.179 Thread 0x000001bf21b62420 DEOPT PACKING pc=0x000001bf1385583c sp=0x0000008d26df2fb0
Event: 131.179 Thread 0x000001bf21b62420 DEOPT UNPACKING pc=0x000001bf12bf69a3 sp=0x0000008d26df3098 mode 2
Event: 131.271 Thread 0x000001bf21b62420 Uncommon trap: trap_request=0xffffffbe fr.pc=0x000001bf1385583c relative=0x000000000000bc7c
Event: 131.271 Thread 0x000001bf21b62420 Uncommon trap: reason=profile_predicate action=maybe_recompile pc=0x000001bf1385583c method=org.jetbrains.org.objectweb.asm.ClassReader.accept(Lorg/jetbrains/org/objectweb/asm/ClassVisitor;[Lorg/jetbrains/org/objectweb/asm/Attribute;I)V @ 1131 c2
Event: 131.271 Thread 0x000001bf21b62420 DEOPT PACKING pc=0x000001bf1385583c sp=0x0000008d26df2360
Event: 131.271 Thread 0x000001bf21b62420 DEOPT UNPACKING pc=0x000001bf12bf69a3 sp=0x0000008d26df2448 mode 2
Event: 131.287 Thread 0x000001bf21b62420 Uncommon trap: trap_request=0xffffffbe fr.pc=0x000001bf1385583c relative=0x000000000000bc7c
Event: 131.288 Thread 0x000001bf21b62420 Uncommon trap: reason=profile_predicate action=maybe_recompile pc=0x000001bf1385583c method=org.jetbrains.org.objectweb.asm.ClassReader.accept(Lorg/jetbrains/org/objectweb/asm/ClassVisitor;[Lorg/jetbrains/org/objectweb/asm/Attribute;I)V @ 1131 c2
Event: 131.288 Thread 0x000001bf21b62420 DEOPT PACKING pc=0x000001bf1385583c sp=0x0000008d26df2360
Event: 131.288 Thread 0x000001bf21b62420 DEOPT UNPACKING pc=0x000001bf12bf69a3 sp=0x0000008d26df2448 mode 2
Event: 132.015 Thread 0x000001bf21b62420 Uncommon trap: trap_request=0xffffffc6 fr.pc=0x000001bf1352cc6c relative=0x00000000000008ac
Event: 132.015 Thread 0x000001bf21b62420 Uncommon trap: reason=bimorphic_or_optimized_type_check action=maybe_recompile pc=0x000001bf1352cc6c method=org.jetbrains.kotlin.protobuf.CodedOutputStream.refreshBuffer()V @ 28 c2
Event: 132.015 Thread 0x000001bf21b62420 DEOPT PACKING pc=0x000001bf1352cc6c sp=0x0000008d26df3f30
Event: 132.015 Thread 0x000001bf21b62420 DEOPT UNPACKING pc=0x000001bf12bf69a3 sp=0x0000008d26df3ec8 mode 2
Event: 137.848 Thread 0x000001bf21b62420 DEOPT PACKING pc=0x000001bf0c6f44f4 sp=0x0000008d26df19d0
Event: 137.848 Thread 0x000001bf21b62420 DEOPT UNPACKING pc=0x000001bf12bf7143 sp=0x0000008d26df0e70 mode 0

Classes loaded (20 events):
Event: 83.070 Loading class java/util/AbstractList$SubList
Event: 83.071 Loading class java/util/AbstractList$SubList done
Event: 83.071 Loading class java/util/AbstractList$SubList$1
Event: 83.071 Loading class java/util/AbstractList$SubList$1 done
Event: 88.302 Loading class java/util/AbstractList$RandomAccessSubList
Event: 88.302 Loading class java/util/AbstractList$RandomAccessSubList done
Event: 106.194 Loading class java/util/Vector$Itr
Event: 106.195 Loading class java/util/Vector$Itr done
Event: 108.360 Loading class java/util/zip/Deflater
Event: 108.361 Loading class java/util/zip/Deflater done
Event: 108.362 Loading class java/util/zip/Deflater$DeflaterZStreamRef
Event: 108.362 Loading class java/util/zip/Deflater$DeflaterZStreamRef done
Event: 108.636 Loading class java/nio/StringCharBuffer
Event: 108.640 Loading class java/nio/StringCharBuffer done
Event: 108.853 Loading class java/util/zip/ZipInputStream
Event: 108.858 Loading class java/util/zip/ZipInputStream done
Event: 108.901 Loading class java/nio/file/StandardCopyOption
Event: 108.902 Loading class java/nio/file/StandardCopyOption done
Event: 108.902 Loading class sun/nio/fs/WindowsFileCopy
Event: 108.904 Loading class sun/nio/fs/WindowsFileCopy done

Classes unloaded (0 events):
No events

Classes redefined (0 events):
No events

Internal exceptions (20 events):
Event: 98.985 Thread 0x000001bf21b62420 Exception <a 'java/lang/NoSuchMethodError'{0x000000008a355dd0}: 'java.lang.Object java.lang.invoke.DirectMethodHandle$Holder.newInvokeSpecial(java.lang.Object, java.lang.Object, java.lang.Object, int, int, java.lang.Object, java.lang.Object)'> (0x000000008a355dd0) 
thrown [s\src\hotspot\share\interpreter\linkResolver.cpp, line 759]
Event: 108.286 Thread 0x000001bf21b62420 Exception <a 'sun/nio/fs/WindowsException'{0x000000008aed6778}> (0x000000008aed6778) 
thrown [s\src\hotspot\share\prims\jni.cpp, line 516]
Event: 108.288 Thread 0x000001bf21b62420 Exception <a 'sun/nio/fs/WindowsException'{0x000000008aed88b0}> (0x000000008aed88b0) 
thrown [s\src\hotspot\share\prims\jni.cpp, line 516]
Event: 108.905 Thread 0x000001bf21b62420 Exception <a 'sun/nio/fs/WindowsException'{0x000000008aa67628}> (0x000000008aa67628) 
thrown [s\src\hotspot\share\prims\jni.cpp, line 516]
Event: 108.908 Thread 0x000001bf21b62420 Exception <a 'sun/nio/fs/WindowsException'{0x000000008aa678d8}> (0x000000008aa678d8) 
thrown [s\src\hotspot\share\prims\jni.cpp, line 516]
Event: 113.332 Thread 0x000001bf21b62420 Exception <a 'sun/nio/fs/WindowsException'{0x000000008992d310}> (0x000000008992d310) 
thrown [s\src\hotspot\share\prims\jni.cpp, line 516]
Event: 113.333 Thread 0x000001bf21b62420 Exception <a 'sun/nio/fs/WindowsException'{0x000000008992f388}> (0x000000008992f388) 
thrown [s\src\hotspot\share\prims\jni.cpp, line 516]
Event: 113.344 Thread 0x000001bf21b62420 Implicit null exception at 0x000001bf13273f81 to 0x000001bf1327417c
Event: 121.880 Thread 0x000001bf21b62420 Exception <a 'sun/nio/fs/WindowsException'{0x000000008c4f4a28}> (0x000000008c4f4a28) 
thrown [s\src\hotspot\share\prims\jni.cpp, line 516]
Event: 121.892 Thread 0x000001bf21b62420 Exception <a 'sun/nio/fs/WindowsException'{0x000000008c4f6b60}> (0x000000008c4f6b60) 
thrown [s\src\hotspot\share\prims\jni.cpp, line 516]
Event: 122.568 Thread 0x000001bf21b62420 Exception <a 'sun/nio/fs/WindowsException'{0x000000008c385738}> (0x000000008c385738) 
thrown [s\src\hotspot\share\prims\jni.cpp, line 516]
Event: 122.633 Thread 0x000001bf21b62420 Exception <a 'sun/nio/fs/WindowsException'{0x000000008c385950}> (0x000000008c385950) 
thrown [s\src\hotspot\share\prims\jni.cpp, line 516]
Event: 125.782 Thread 0x000001bf21b62420 Exception <a 'sun/nio/fs/WindowsException'{0x000000008ba55a58}> (0x000000008ba55a58) 
thrown [s\src\hotspot\share\prims\jni.cpp, line 516]
Event: 125.783 Thread 0x000001bf21b62420 Exception <a 'sun/nio/fs/WindowsException'{0x000000008ba57ad0}> (0x000000008ba57ad0) 
thrown [s\src\hotspot\share\prims\jni.cpp, line 516]
Event: 132.031 Thread 0x000001bf21b62420 Exception <a 'sun/nio/fs/WindowsException'{0x0000000098c6af08}> (0x0000000098c6af08) 
thrown [s\src\hotspot\share\prims\jni.cpp, line 516]
Event: 132.032 Thread 0x000001bf21b62420 Exception <a 'sun/nio/fs/WindowsException'{0x0000000098c6d040}> (0x0000000098c6d040) 
thrown [s\src\hotspot\share\prims\jni.cpp, line 516]
Event: 132.109 Thread 0x000001bf21b62420 Exception <a 'sun/nio/fs/WindowsException'{0x0000000098ce3b38}> (0x0000000098ce3b38) 
thrown [s\src\hotspot\share\prims\jni.cpp, line 516]
Event: 132.111 Thread 0x000001bf21b62420 Exception <a 'sun/nio/fs/WindowsException'{0x0000000098ce3d50}> (0x0000000098ce3d50) 
thrown [s\src\hotspot\share\prims\jni.cpp, line 516]
Event: 132.897 Thread 0x000001bf21b62420 Exception <a 'sun/nio/fs/WindowsException'{0x00000000987dac30}> (0x00000000987dac30) 
thrown [s\src\hotspot\share\prims\jni.cpp, line 516]
Event: 132.897 Thread 0x000001bf21b62420 Exception <a 'sun/nio/fs/WindowsException'{0x00000000987dcca8}> (0x00000000987dcca8) 
thrown [s\src\hotspot\share\prims\jni.cpp, line 516]

VM Operations (20 events):
Event: 129.552 Executing VM operation: ICBufferFull
Event: 129.552 Executing VM operation: ICBufferFull done
Event: 130.563 Executing VM operation: Cleanup
Event: 130.578 Executing VM operation: Cleanup done
Event: 131.708 Executing VM operation: ICBufferFull
Event: 131.708 Executing VM operation: ICBufferFull done
Event: 132.123 Executing VM operation: ICBufferFull
Event: 132.123 Executing VM operation: ICBufferFull done
Event: 133.131 Executing VM operation: Cleanup
Event: 133.163 Executing VM operation: Cleanup done
Event: 134.173 Executing VM operation: Cleanup
Event: 134.301 Executing VM operation: Cleanup done
Event: 135.306 Executing VM operation: Cleanup
Event: 135.307 Executing VM operation: Cleanup done
Event: 136.316 Executing VM operation: Cleanup
Event: 136.316 Executing VM operation: Cleanup done
Event: 137.332 Executing VM operation: Cleanup
Event: 137.332 Executing VM operation: Cleanup done
Event: 138.338 Executing VM operation: Cleanup
Event: 138.557 Executing VM operation: Cleanup done

Memory protections (0 events):
No events

Nmethod flushes (20 events):
Event: 108.858 Thread 0x000001bf21799d40 flushing  nmethod 0x000001bf0cda5410
Event: 108.858 Thread 0x000001bf21799d40 flushing  nmethod 0x000001bf0cdb0d90
Event: 108.858 Thread 0x000001bf21799d40 flushing  nmethod 0x000001bf0cdb2f10
Event: 108.858 Thread 0x000001bf21799d40 flushing  nmethod 0x000001bf0cdc1b90
Event: 108.858 Thread 0x000001bf21799d40 flushing  nmethod 0x000001bf0cdc4890
Event: 108.858 Thread 0x000001bf21799d40 flushing  nmethod 0x000001bf0cddc890
Event: 108.858 Thread 0x000001bf21799d40 flushing  nmethod 0x000001bf0cdddd10
Event: 108.858 Thread 0x000001bf21799d40 flushing  nmethod 0x000001bf0cde1490
Event: 108.859 Thread 0x000001bf21799d40 flushing  nmethod 0x000001bf0ce14d90
Event: 108.859 Thread 0x000001bf21799d40 flushing  nmethod 0x000001bf0ce1af10
Event: 108.859 Thread 0x000001bf21799d40 flushing  nmethod 0x000001bf0ce97b90
Event: 108.859 Thread 0x000001bf21799d40 flushing  nmethod 0x000001bf0ceafd90
Event: 108.860 Thread 0x000001bf21799d40 flushing  nmethod 0x000001bf0cf07510
Event: 108.860 Thread 0x000001bf21799d40 flushing  nmethod 0x000001bf0cf12590
Event: 108.860 Thread 0x000001bf21799d40 flushing  nmethod 0x000001bf0cf12b90
Event: 108.860 Thread 0x000001bf21799d40 flushing  nmethod 0x000001bf0cf14790
Event: 108.860 Thread 0x000001bf21799d40 flushing  nmethod 0x000001bf0cf26590
Event: 108.860 Thread 0x000001bf21799d40 flushing  nmethod 0x000001bf0cf50090
Event: 129.500 Thread 0x000001bf21799d40 flushing  nmethod 0x000001bf0b90ab10
Event: 129.501 Thread 0x000001bf21799d40 flushing  nmethod 0x000001bf0b9eb610

Events (20 events):
Event: 22.718 Thread 0x000001bf21b62420 Thread added: 0x000001bf219efa70
Event: 22.856 Thread 0x000001bf21b62420 Thread added: 0x000001bf219f18d0
Event: 23.883 Thread 0x000001bf21b62420 Thread added: 0x000001bf219eff80
Event: 24.262 Thread 0x000001bf21b62420 Thread added: 0x000001bf219f1de0
Event: 24.323 Thread 0x000001bf21b62420 Thread added: 0x000001bf42b65ba0
Event: 25.325 Thread 0x000001bf21b62420 Thread added: 0x000001bf42b623f0
Event: 30.692 Thread 0x000001bf21b62420 Thread added: 0x000001bf42b60590
Event: 37.895 Thread 0x000001bf21b62420 Thread added: 0x000001bf42b62900
Event: 37.896 Thread 0x000001bf21b62420 Thread added: 0x000001bf42b674f0
Event: 38.248 Thread 0x000001bf21b62420 Thread added: 0x000001bf42b60080
Event: 38.252 Thread 0x000001bf21b62420 Thread added: 0x000001bf42b61ee0
Event: 44.945 Thread 0x000001bf21b62420 Thread added: 0x000001bf42b64760
Event: 46.464 Thread 0x000001bf21b62420 Thread added: 0x000001bf42b64c70
Event: 46.464 Thread 0x000001bf21b62420 Thread added: 0x000001bf42b67a00
Event: 46.465 Thread 0x000001bf21b62420 Thread added: 0x000001bf42b60fb0
Event: 46.657 Thread 0x000001bf21b62420 Thread added: 0x000001bf42b614c0
Event: 46.684 Thread 0x000001bf21b62420 Thread added: 0x000001bf42b63320
Event: 46.701 Thread 0x000001bf21b62420 Thread added: 0x000001bf42b619d0
Event: 49.972 Thread 0x000001bf21b62420 Thread added: 0x000001bf42b63830
Event: 52.821 Thread 0x000001bf21b62420 Thread added: 0x000001bf42b64250


Dynamic libraries:
0x00007ff628720000 - 0x00007ff62872e000 	C:\Program Files\Microsoft\jdk-17.0.18.8-hotspot\bin\java.exe
0x00007ffcedbf0000 - 0x00007ffcedde8000 	C:\Windows\SYSTEM32\ntdll.dll
0x00007ffceda00000 - 0x00007ffcedac2000 	C:\Windows\System32\KERNEL32.DLL
0x00007ffceb880000 - 0x00007ffcebb76000 	C:\Windows\System32\KERNELBASE.dll
0x00007ffceb400000 - 0x00007ffceb500000 	C:\Windows\System32\ucrtbase.dll
0x00007ffcbabb0000 - 0x00007ffcbabc8000 	C:\Program Files\Microsoft\jdk-17.0.18.8-hotspot\bin\jli.dll
0x00007ffcecb70000 - 0x00007ffcecd11000 	C:\Windows\System32\USER32.dll
0x00007ffceb3d0000 - 0x00007ffceb3f2000 	C:\Windows\System32\win32u.dll
0x00007ffced940000 - 0x00007ffced96b000 	C:\Windows\System32\GDI32.dll
0x00007ffceb2b0000 - 0x00007ffceb3c9000 	C:\Windows\System32\gdi32full.dll
0x00007ffceb680000 - 0x00007ffceb71d000 	C:\Windows\System32\msvcp_win.dll
0x00007ffcbab90000 - 0x00007ffcbabae000 	C:\Program Files\Microsoft\jdk-17.0.18.8-hotspot\bin\VCRUNTIME140.dll
0x00007ffcd5770000 - 0x00007ffcd5a0b000 	C:\Windows\WinSxS\amd64_microsoft.windows.common-controls_6595b64144ccf1df_6.0.19041.6456_none_60b8a6cb71f64256\COMCTL32.dll
0x00007ffced8a0000 - 0x00007ffced93e000 	C:\Windows\System32\msvcrt.dll
0x00007ffcecd20000 - 0x00007ffcecd4f000 	C:\Windows\System32\IMM32.DLL
0x00007ffcbab80000 - 0x00007ffcbab8c000 	C:\Program Files\Microsoft\jdk-17.0.18.8-hotspot\bin\vcruntime140_1.dll
0x00007ffc9e4f0000 - 0x00007ffc9e579000 	C:\Program Files\Microsoft\jdk-17.0.18.8-hotspot\bin\msvcp140.dll
0x00007ffc76980000 - 0x00007ffc775fa000 	C:\Program Files\Microsoft\jdk-17.0.18.8-hotspot\bin\server\jvm.dll
0x00007ffcec280000 - 0x00007ffcec331000 	C:\Windows\System32\ADVAPI32.dll
0x00007ffcecab0000 - 0x00007ffcecb4f000 	C:\Windows\System32\sechost.dll
0x00007ffced5d0000 - 0x00007ffced6f0000 	C:\Windows\System32\RPCRT4.dll
0x00007ffceb280000 - 0x00007ffceb2a7000 	C:\Windows\System32\bcrypt.dll
0x00007ffcecd50000 - 0x00007ffcecdbb000 	C:\Windows\System32\WS2_32.dll
0x00007ffceb0e0000 - 0x00007ffceb12b000 	C:\Windows\SYSTEM32\POWRPROF.dll
0x00007ffcd1870000 - 0x00007ffcd1897000 	C:\Windows\SYSTEM32\WINMM.dll
0x00007ffcd5fe0000 - 0x00007ffcd5fea000 	C:\Windows\SYSTEM32\VERSION.dll
0x00007ffceb0c0000 - 0x00007ffceb0d2000 	C:\Windows\SYSTEM32\UMPDC.dll
0x00007ffce9ae0000 - 0x00007ffce9af2000 	C:\Windows\SYSTEM32\kernel.appcore.dll
0x00007ffcbab70000 - 0x00007ffcbab7a000 	C:\Program Files\Microsoft\jdk-17.0.18.8-hotspot\bin\jimage.dll
0x00007ffce4fa0000 - 0x00007ffce51a1000 	C:\Windows\SYSTEM32\DBGHELP.DLL
0x00007ffcd0a90000 - 0x00007ffcd0ac4000 	C:\Windows\SYSTEM32\dbgcore.DLL
0x00007ffcebb80000 - 0x00007ffcebc02000 	C:\Windows\System32\bcryptPrimitives.dll
0x00007ffcb62e0000 - 0x00007ffcb62ef000 	C:\Program Files\Microsoft\jdk-17.0.18.8-hotspot\bin\instrument.dll
0x00007ffcb62b0000 - 0x00007ffcb62d6000 	C:\Program Files\Microsoft\jdk-17.0.18.8-hotspot\bin\java.dll
0x00007ffc9e350000 - 0x00007ffc9e426000 	C:\Program Files\Microsoft\jdk-17.0.18.8-hotspot\bin\jsvml.dll
0x00007ffcec340000 - 0x00007ffcecab0000 	C:\Windows\System32\SHELL32.dll
0x00007ffce8ca0000 - 0x00007ffce9445000 	C:\Windows\SYSTEM32\windows.storage.dll
0x00007ffced270000 - 0x00007ffced5c4000 	C:\Windows\System32\combase.dll
0x00007ffceac40000 - 0x00007ffceac6b000 	C:\Windows\SYSTEM32\Wldp.dll
0x00007ffcebc10000 - 0x00007ffcebcdd000 	C:\Windows\System32\OLEAUT32.dll
0x00007ffcecec0000 - 0x00007ffcecf6d000 	C:\Windows\System32\SHCORE.dll
0x00007ffcedad0000 - 0x00007ffcedb2b000 	C:\Windows\System32\shlwapi.dll
0x00007ffceb1b0000 - 0x00007ffceb1d4000 	C:\Windows\SYSTEM32\profapi.dll
0x00007ffcb6290000 - 0x00007ffcb62a8000 	C:\Program Files\Microsoft\jdk-17.0.18.8-hotspot\bin\zip.dll
0x00007ffc9e330000 - 0x00007ffc9e34b000 	C:\Program Files\Microsoft\jdk-17.0.18.8-hotspot\bin\net.dll
0x00007ffcd8a30000 - 0x00007ffcd8b3a000 	C:\Windows\SYSTEM32\WINHTTP.dll
0x00007ffcea9a0000 - 0x00007ffceaa0a000 	C:\Windows\system32\mswsock.dll
0x00007ffc84470000 - 0x00007ffc84486000 	C:\Program Files\Microsoft\jdk-17.0.18.8-hotspot\bin\nio.dll
0x00007ffc84450000 - 0x00007ffc84460000 	C:\Program Files\Microsoft\jdk-17.0.18.8-hotspot\bin\verify.dll
0x00007ffcbb350000 - 0x00007ffcbb377000 	C:\Users\Administrator\.gradle\native\c067742578af261105cb4f569cf0c3c89f3d7b1fecec35dd04571415982c5e48\windows-amd64\native-platform.dll
0x00007ffc84300000 - 0x00007ffc84444000 	C:\Users\Administrator\.gradle\native\38dada09dfb8b06ba9b0570ebf7e218e3eb74d4ef43ca46872605cf95ebc2f47\windows-amd64\native-platform-file-events.dll
0x00007ffc842f0000 - 0x00007ffc842fa000 	C:\Program Files\Microsoft\jdk-17.0.18.8-hotspot\bin\management.dll
0x00007ffc842e0000 - 0x00007ffc842ec000 	C:\Program Files\Microsoft\jdk-17.0.18.8-hotspot\bin\management_ext.dll
0x00007ffcec150000 - 0x00007ffcec158000 	C:\Windows\System32\PSAPI.DLL
0x00007ffceab90000 - 0x00007ffceaba8000 	C:\Windows\SYSTEM32\CRYPTSP.dll
0x00007ffcea2c0000 - 0x00007ffcea2f8000 	C:\Windows\system32\rsaenh.dll
0x00007ffceb170000 - 0x00007ffceb19e000 	C:\Windows\SYSTEM32\USERENV.dll
0x00007ffceabb0000 - 0x00007ffceabbc000 	C:\Windows\SYSTEM32\CRYPTBASE.dll
0x00007ffcea680000 - 0x00007ffcea6bb000 	C:\Windows\SYSTEM32\IPHLPAPI.DLL
0x00007ffcecea0000 - 0x00007ffcecea8000 	C:\Windows\System32\NSI.dll
0x00007ffcdcdd0000 - 0x00007ffcdcde7000 	C:\Windows\SYSTEM32\dhcpcsvc6.DLL
0x00007ffcdefa0000 - 0x00007ffcdefbd000 	C:\Windows\SYSTEM32\dhcpcsvc.DLL
0x00007ffcea6c0000 - 0x00007ffcea78a000 	C:\Windows\SYSTEM32\DNSAPI.dll
0x00007ffc842d0000 - 0x00007ffc842d9000 	C:\Program Files\Microsoft\jdk-17.0.18.8-hotspot\bin\extnet.dll
0x00007ffc842c0000 - 0x00007ffc842ce000 	C:\Program Files\Microsoft\jdk-17.0.18.8-hotspot\bin\sunmscapi.dll
0x00007ffceb720000 - 0x00007ffceb87d000 	C:\Windows\System32\CRYPT32.dll
0x00007ffceacb0000 - 0x00007ffceacd7000 	C:\Windows\SYSTEM32\ncrypt.dll
0x00007ffceac70000 - 0x00007ffceacab000 	C:\Windows\SYSTEM32\NTASN1.dll
0x00007ffcbb3a0000 - 0x00007ffcbb3a7000 	C:\Windows\system32\wshunix.dll

dbghelp: loaded successfully - version: 4.0.5 - missing functions: none
symbol engine: initialized successfully - sym options: 0x614 - pdb path: .;C:\Program Files\Microsoft\jdk-17.0.18.8-hotspot\bin;C:\Windows\SYSTEM32;C:\Windows\WinSxS\amd64_microsoft.windows.common-controls_6595b64144ccf1df_6.0.19041.6456_none_60b8a6cb71f64256;C:\Program Files\Microsoft\jdk-17.0.18.8-hotspot\bin\server;C:\Users\Administrator\.gradle\native\c067742578af261105cb4f569cf0c3c89f3d7b1fecec35dd04571415982c5e48\windows-amd64;C:\Users\Administrator\.gradle\native\38dada09dfb8b06ba9b0570ebf7e218e3eb74d4ef43ca46872605cf95ebc2f47\windows-amd64

VM Arguments:
jvm_args: -XX:MaxMetaspaceSize=512m --add-opens=java.base/java.util=ALL-UNNAMED --add-opens=java.base/java.lang=ALL-UNNAMED --add-opens=java.base/java.lang.invoke=ALL-UNNAMED --add-opens=java.prefs/java.util.prefs=ALL-UNNAMED --add-opens=java.base/java.nio.charset=ALL-UNNAMED --add-opens=java.base/java.net=ALL-UNNAMED --add-opens=java.base/java.util.concurrent.atomic=ALL-UNNAMED -Xmx2048m -Dfile.encoding=windows-1252 -Duser.country=US -Duser.language=en -Duser.variant -javaagent:C:\Users\Administrator\.gradle\wrapper\dists\gradle-8.7-all\aan3ydargesu18aqyqjwhr3pc\gradle-8.7\lib\agents\gradle-instrumentation-agent-8.7.jar 
java_command: org.gradle.launcher.daemon.bootstrap.GradleDaemon 8.7
java_class_path (initial): C:\Users\Administrator\.gradle\wrapper\dists\gradle-8.7-all\aan3ydargesu18aqyqjwhr3pc\gradle-8.7\lib\gradle-launcher-8.7.jar
Launcher Type: SUN_STANDARD

[Global flags]
     intx CICompilerCount                          = 3                                         {product} {ergonomic}
   size_t CompressedClassSpaceSize                 = 436207616                                 {product} {ergonomic}
     uint ConcGCThreads                            = 1                                         {product} {ergonomic}
     uint G1ConcRefinementThreads                  = 4                                         {product} {ergonomic}
   size_t G1HeapRegionSize                         = 1048576                                   {product} {ergonomic}
    uintx GCDrainStackTargetSize                   = 64                                        {product} {ergonomic}
   size_t InitialHeapSize                          = 130023424                                 {product} {ergonomic}
   size_t MarkStackSize                            = 4194304                                   {product} {ergonomic}
   size_t MaxHeapSize                              = 2147483648                                {product} {command line}
   size_t MaxMetaspaceSize                         = 536870912                                 {product} {command line}
   size_t MaxNewSize                               = 1287651328                                {product} {ergonomic}
   size_t MinHeapDeltaBytes                        = 1048576                                   {product} {ergonomic}
   size_t MinHeapSize                              = 8388608                                   {product} {ergonomic}
    uintx NonNMethodCodeHeapSize                   = 5832780                                {pd product} {ergonomic}
    uintx NonProfiledCodeHeapSize                  = 122912730                              {pd product} {ergonomic}
    uintx ProfiledCodeHeapSize                     = 122912730                              {pd product} {ergonomic}
    uintx ReservedCodeCacheSize                    = 251658240                              {pd product} {ergonomic}
     bool SegmentedCodeCache                       = true                                      {product} {ergonomic}
   size_t SoftMaxHeapSize                          = 2147483648                             {manageable} {ergonomic}
     bool UseCompressedClassPointers               = true                           {product lp64_product} {ergonomic}
     bool UseCompressedOops                        = true                           {product lp64_product} {ergonomic}
     bool UseG1GC                                  = true                                      {product} {ergonomic}
     bool UseLargePagesIndividualAllocation        = false                                  {pd product} {ergonomic}

Logging:
Log output configuration:
 #0: stdout all=warning uptime,level,tags
 #1: stderr all=off uptime,level,tags

Environment Variables:
JAVA_HOME=C:\Program Files\Microsoft\jdk-17.0.18.8-hotspot
PATH=F:\mobile\node_modules\.bin;F:\mobile\node_modules\.bin;F:\node_modules\.bin;E:\node_modules\npm\node_modules\@npmcli\run-script\lib\node-gyp-bin;F:\mobile\node_modules\.bin;F:\mobile\node_modules\.bin;F:\node_modules\.bin;E:\node_modules\npm\node_modules\@npmcli\run-script\lib\node-gyp-bin;C:\Program Files\Eclipse Adoptium\jdk-17.0.18.8-hotspot\bin;C:\Program Files\Eclipse Adoptium\jdk-25.0.2.10-hotspot\bin;C:\Program Files\Eclipse Adoptium\jdk-11.0.19.7-hotspot\bin;C:\Windows\system32;C:\Windows;C:\Windows\System32\Wbem;C:\Windows\System32\WindowsPowerShell\v1.0\;C:\Windows\System32\OpenSSH\;C:\Program Files\Git\cmd;E:\;C:\Users\Administrator\Downloads\platform-tools;C:\Users\Administrator\AppData\Local\Android\Sdk\tools;C:\Users\Administrator\AppData\Local\Programs\Python\Python314\Scripts\;C:\Users\Administrator\AppData\Local\Programs\Python\Python314\;C:\Users\Administrator\AppData\Local\Microsoft\WindowsApps;E:\Antigravity\bin;E:\Microsoft VS Code\bin;C:\Users\Administrator\AppData\Roaming\npm;C:\Users\Administrator\AppData\Local\Android\Sdk\platform-tools;C:\Users\Administrator\AppData\Local\Android\Sdk\emulator;c:\Users\Administrator\.antigravity\extensions\vscjava.vscode-java-debug-0.58.5-universal\bundled\scripts\noConfigScripts;c:\Users\Administrator\.antigravity\extensions\d-biehl.robotcode-2.2.0-universal\bundled\scripts
USERNAME=Administrator
LANG=en_US.UTF-8
OS=Windows_NT
PROCESSOR_IDENTIFIER=Intel64 Family 6 Model 142 Stepping 9, GenuineIntel
TMP=C:\Users\ADMINI~1\AppData\Local\Temp
TEMP=C:\Users\ADMINI~1\AppData\Local\Temp



Periodic native trim disabled


---------------  S Y S T E M  ---------------

OS:
 Windows 10 , 64 bit Build 19041 (10.0.19041.5915)
OS uptime: 0 days 1:53 hours

CPU: total 4 (initial active 4) (2 cores per cpu, 2 threads per core) family 6 model 142 stepping 9 microcode 0xd6, cx8, cmov, fxsr, ht, mmx, 3dnowpref, sse, sse2, sse3, ssse3, sse4.1, sse4.2, popcnt, lzcnt, tsc, tscinvbit, avx, avx2, aes, erms, clmul, bmi1, bmi2, adx, fma, vzeroupper, clflush, clflushopt
Processor Information for processor 0
  Max Mhz: 2712, Current Mhz: 2511, Mhz Limit: 2495
Processor Information for processor 1
  Max Mhz: 2712, Current Mhz: 2511, Mhz Limit: 2495
Processor Information for processor 2
  Max Mhz: 2712, Current Mhz: 2511, Mhz Limit: 2495
Processor Information for processor 3
  Max Mhz: 2712, Current Mhz: 1406, Mhz Limit: 2495

Memory: 4k page, system-wide physical 7843M (225M free)
TotalPageFile size 17730M (AvailPageFile size 0M)
current process WorkingSet (physical memory assigned to process): 463M, peak: 463M
current process commit charge ("private bytes"): 774M, peak: 790M

vm_info: OpenJDK 64-Bit Server VM (17.0.18+8-LTS) for windows-amd64 JRE (17.0.18+8-LTS), built on Jan 15 2026 18:50:45 by "MicrosoftCorporation" with MS VC++ 17.14 (VS2022)

END.
