#
# There is insufficient memory for the Java Runtime Environment to continue.
# Native memory allocation (mmap) failed to map 310378496 bytes. Error detail: G1 virtual space
# Possible reasons:
#   The system is out of physical RAM or swap space
#   This process is running with CompressedOops enabled, and the Java Heap may be blocking the growth of the native heap
# Possible solutions:
#   Reduce memory load on the system
#   Increase physical memory or swap space
#   Check if swap backing store is full
#   Decrease Java heap size (-Xmx/-Xms)
#   Decrease number of Java threads
#   Decrease Java thread stack sizes (-Xss)
#   Set larger code cache with -XX:ReservedCodeCacheSize=
#   JVM is running with Unscaled Compressed Oops mode in which the Java heap is
#     placed in the first 4GB address space. The Java Heap base address is the
#     maximum limit for the native heap growth. Please use -XX:HeapBaseMinAddress
#     to set the Java Heap base and to place the Java Heap above 4GB virtual address.
# This output file may be truncated or incomplete.
#
#  Out of Memory Error (os_windows.cpp:3690), pid=200, tid=10820
#
# JRE version: OpenJDK Runtime Environment Microsoft-13106358 (17.0.18+8) (build 17.0.18+8-LTS)
# Java VM: OpenJDK 64-Bit Server VM Microsoft-13106358 (17.0.18+8-LTS, mixed mode, sharing, tiered, compressed oops, compressed class ptrs, g1 gc, windows-amd64)
# No core dump will be written. Minidumps are not enabled by default on client versions of Windows
#

---------------  S U M M A R Y ------------

Command Line: -XX:MaxMetaspaceSize=512m --add-opens=java.base/java.util=ALL-UNNAMED --add-opens=java.base/java.lang=ALL-UNNAMED --add-opens=java.base/java.lang.invoke=ALL-UNNAMED --add-opens=java.prefs/java.util.prefs=ALL-UNNAMED --add-opens=java.base/java.nio.charset=ALL-UNNAMED --add-opens=java.base/java.net=ALL-UNNAMED --add-opens=java.base/java.util.concurrent.atomic=ALL-UNNAMED -Xmx2048m -Dfile.encoding=windows-1252 -Duser.country=US -Duser.language=en -Duser.variant -javaagent:C:\Users\Administrator\.gradle\wrapper\dists\gradle-8.7-all\aan3ydargesu18aqyqjwhr3pc\gradle-8.7\lib\agents\gradle-instrumentation-agent-8.7.jar org.gradle.launcher.daemon.bootstrap.GradleDaemon 8.7

Host: Intel(R) Core(TM) i5-7200U CPU @ 2.50GHz, 4 cores, 7G,  Windows 10 , 64 bit Build 19041 (10.0.19041.5915)
Time: Sat Mar 14 18:03:55 2026 Egypt Standard Time elapsed time: 126.409480 seconds (0d 0h 2m 6s)

---------------  T H R E A D  ---------------

Current thread (0x00000131f891bdb0):  VMThread "VM Thread" [stack: 0x0000001c04600000,0x0000001c04700000] [id=10820]

Stack: [0x0000001c04600000,0x0000001c04700000]
Native frames: (J=compiled Java code, j=interpreted, Vv=VM code, C=native code)
V  [jvm.dll+0x68c879]  (no source info available)
V  [jvm.dll+0x845979]  (no source info available)
V  [jvm.dll+0x8476e8]  (no source info available)
V  [jvm.dll+0x847d73]  (no source info available)
V  [jvm.dll+0x24cf6f]  (no source info available)
V  [jvm.dll+0x68bc79]  (no source info available)
V  [jvm.dll+0x68023a]  (no source info available)
V  [jvm.dll+0x3101a0]  (no source info available)
V  [jvm.dll+0x310042]  (no source info available)
V  [jvm.dll+0x317599]  (no source info available)
V  [jvm.dll+0x369999]  (no source info available)
V  [jvm.dll+0x369bcd]  (no source info available)
V  [jvm.dll+0x2e69aa]  (no source info available)
V  [jvm.dll+0x2e4da1]  (no source info available)
V  [jvm.dll+0x2e453c]  (no source info available)
V  [jvm.dll+0x328ecb]  (no source info available)
V  [jvm.dll+0x84c5fd]  (no source info available)
V  [jvm.dll+0x84d313]  (no source info available)
V  [jvm.dll+0x84d844]  (no source info available)
V  [jvm.dll+0x84dc28]  (no source info available)
V  [jvm.dll+0x84dd1e]  (no source info available)
V  [jvm.dll+0x7f5ebc]  (no source info available)
V  [jvm.dll+0x68de17]  (no source info available)
C  [ucrtbase.dll+0x21bb2]  (no source info available)
C  [KERNEL32.DLL+0x17374]  (no source info available)
C  [ntdll.dll+0x4cc91]  (no source info available)

VM_Operation (0x0000001c07afbed0): G1CollectForAllocation, mode: safepoint, requested by thread 0x00000131ff2d7580


---------------  P R O C E S S  ---------------

Threads class SMR info:
_java_thread_list=0x000001319ecbb5b0, length=115, elements={
0x00000131dacfffb0, 0x00000131f89213d0, 0x00000131f8922160, 0x00000131f8939d50,
0x00000131f893c730, 0x00000131f893f010, 0x00000131f893f8e0, 0x00000131f8940590,
0x00000131f8943ee0, 0x00000131f89adf30, 0x00000131f89093d0, 0x00000131f8b88f70,
0x00000131fe1f19b0, 0x00000131fdca7fd0, 0x00000131fe93c380, 0x00000131fe73d020,
0x00000131fe7baa40, 0x00000131fecb69d0, 0x00000131fecb6ee0, 0x00000131fecb7e10,
0x00000131fecb5590, 0x00000131fecb8320, 0x00000131fecb5080, 0x00000131fecb5aa0,
0x00000131fecb73f0, 0x00000131fdcdfc60, 0x00000131fdcdde00, 0x00000131fdcde820,
0x00000131fdce3410, 0x00000131fdce0680, 0x00000131fdce15b0, 0x00000131fdcded30,
0x00000131fdce0170, 0x00000131fdcdced0, 0x00000131fdcdd3e0, 0x00000131fdcdf240,
0x00000131fdce10a0, 0x00000131fdce24e0, 0x00000131fdcdc4b0, 0x00000131fdce29f0,
0x00000131fdcdd8f0, 0x00000131fdce3920, 0x00000131fdcdc9c0, 0x00000131febbc5d0,
0x00000131febb9840, 0x00000131febbb6a0, 0x00000131febba260, 0x00000131febba770,
0x00000131febbcae0, 0x00000131febb9d50, 0x00000131febbf870, 0x00000131febb8e20,
0x00000131febbcff0, 0x00000131febbbbb0, 0x00000131febbdf20, 0x00000131febbac80,
0x00000131febbc0c0, 0x00000131febbe430, 0x00000131febbe940, 0x00000131febbee50,
0x00000131febb8910, 0x00000131febb9330, 0x000001319c46b780, 0x000001319c469e30,
0x000001319c4684e0, 0x000001319c46b270, 0x000001319c4689f0, 0x000001319c46d5e0,
0x000001319c46a850, 0x000001319c469410, 0x000001319c46a340, 0x000001319c46f440,
0x000001319c46e000, 0x000001319c46cbc0, 0x000001319c46c6b0, 0x000001319c46bc90,
0x000001319c469920, 0x000001319c46c1a0, 0x000001319c46d0d0, 0x000001319c46ef30,
0x000001319c46daf0, 0x000001319c46e510, 0x000001319c46ea20, 0x000001319c467fd0,
0x000001319c46f950, 0x000001319c20ebe0, 0x000001319c212db0, 0x000001319c20cd80,
0x000001319c20dcb0, 0x000001319c210530, 0x000001319c20fb10, 0x000001319ef14410,
0x000001319ef15850, 0x000001319ef171a0, 0x000001319ef14e30, 0x000001319ef13f00,
0x000001319ef16780, 0x00000131ff2d42e0, 0x00000131ff2d5720, 0x00000131ff2d6b60,
0x00000131ff2d1550, 0x00000131ff2d47f0, 0x00000131ff2d1f70, 0x00000131ff2d7fa0,
0x00000131ff2d1040, 0x00000131ff2d38c0, 0x00000131ff2d89c0, 0x00000131ff2d7a90,
0x00000131ff2d7070, 0x00000131ff2d33b0, 0x00000131ff2d7580, 0x000001319ef16c90,
0x000001319ef16270, 0x00000131febbd500, 0x00000131febbf360
}

Java Threads: ( => current thread )
  0x00000131dacfffb0 JavaThread "main" [_thread_blocked, id=7544, stack(0x0000001c04000000,0x0000001c04100000)]
  0x00000131f89213d0 JavaThread "Reference Handler" daemon [_thread_blocked, id=11440, stack(0x0000001c04700000,0x0000001c04800000)]
  0x00000131f8922160 JavaThread "Finalizer" daemon [_thread_blocked, id=11476, stack(0x0000001c04800000,0x0000001c04900000)]
  0x00000131f8939d50 JavaThread "Signal Dispatcher" daemon [_thread_blocked, id=14956, stack(0x0000001c04900000,0x0000001c04a00000)]
  0x00000131f893c730 JavaThread "Attach Listener" daemon [_thread_blocked, id=10408, stack(0x0000001c04a00000,0x0000001c04b00000)]
  0x00000131f893f010 JavaThread "Service Thread" daemon [_thread_blocked, id=2136, stack(0x0000001c04b00000,0x0000001c04c00000)]
  0x00000131f893f8e0 JavaThread "Monitor Deflation Thread" daemon [_thread_blocked, id=9900, stack(0x0000001c04c00000,0x0000001c04d00000)]
  0x00000131f8940590 JavaThread "C2 CompilerThread0" daemon [_thread_blocked, id=14724, stack(0x0000001c04d00000,0x0000001c04e00000)]
  0x00000131f8943ee0 JavaThread "C1 CompilerThread0" daemon [_thread_blocked, id=13180, stack(0x0000001c04e00000,0x0000001c04f00000)]
  0x00000131f89adf30 JavaThread "Sweeper thread" daemon [_thread_blocked, id=16004, stack(0x0000001c04f00000,0x0000001c05000000)]
  0x00000131f89093d0 JavaThread "Common-Cleaner" daemon [_thread_blocked, id=9416, stack(0x0000001c05000000,0x0000001c05100000)]
  0x00000131f8b88f70 JavaThread "Notification Thread" daemon [_thread_blocked, id=1656, stack(0x0000001c05100000,0x0000001c05200000)]
  0x00000131fe1f19b0 JavaThread "Daemon health stats" [_thread_blocked, id=1212, stack(0x0000001c05700000,0x0000001c05800000)]
  0x00000131fdca7fd0 JavaThread "Incoming local TCP Connector on port 62536" [_thread_in_native, id=4960, stack(0x0000001c05800000,0x0000001c05900000)]
  0x00000131fe93c380 JavaThread "Daemon periodic checks" [_thread_blocked, id=7248, stack(0x0000001c05900000,0x0000001c05a00000)]
  0x00000131fe73d020 JavaThread "Daemon" [_thread_blocked, id=8936, stack(0x0000001c05600000,0x0000001c05700000)]
  0x00000131fe7baa40 JavaThread "Handler for socket connection from /127.0.0.1:62536 to /127.0.0.1:62537" [_thread_in_native, id=15808, stack(0x0000001c05a00000,0x0000001c05b00000)]
  0x00000131fecb69d0 JavaThread "Cancel handler" [_thread_blocked, id=7508, stack(0x0000001c05b00000,0x0000001c05c00000)]
  0x00000131fecb6ee0 JavaThread "Daemon worker" [_thread_blocked, id=9364, stack(0x0000001c05c00000,0x0000001c05d00000)]
  0x00000131fecb7e10 JavaThread "Asynchronous log dispatcher for DefaultDaemonConnection: socket connection from /127.0.0.1:62536 to /127.0.0.1:62537" [_thread_blocked, id=10864, stack(0x0000001c05d00000,0x0000001c05e00000)]
  0x00000131fecb5590 JavaThread "Stdin handler" [_thread_blocked, id=1444, stack(0x0000001c05e00000,0x0000001c05f00000)]
  0x00000131fecb8320 JavaThread "Daemon client event forwarder" [_thread_blocked, id=14784, stack(0x0000001c05f00000,0x0000001c06000000)]
  0x00000131fecb5080 JavaThread "Cache worker for journal cache (C:\Users\Administrator\.gradle\caches\journal-1)" [_thread_blocked, id=8104, stack(0x0000001c06100000,0x0000001c06200000)]
  0x00000131fecb5aa0 JavaThread "File lock request listener" [_thread_in_native, id=740, stack(0x0000001c06200000,0x0000001c06300000)]
  0x00000131fecb73f0 JavaThread "Cache worker for file hash cache (C:\Users\Administrator\.gradle\caches\8.7\fileHashes)" [_thread_blocked, id=3908, stack(0x0000001c06300000,0x0000001c06400000)]
  0x00000131fdcdfc60 JavaThread "Cache worker for file hash cache (F:\mobile\android\.gradle\8.7\fileHashes)" [_thread_blocked, id=9912, stack(0x0000001c06400000,0x0000001c06500000)]
  0x00000131fdcdde00 JavaThread "File watcher server" daemon [_thread_blocked, id=2028, stack(0x0000001c06500000,0x0000001c06600000)]
  0x00000131fdcde820 JavaThread "File watcher consumer" daemon [_thread_blocked, id=15528, stack(0x0000001c06600000,0x0000001c06700000)]
  0x00000131fdce3410 JavaThread "Cache worker for checksums cache (F:\mobile\android\.gradle\8.7\checksums)" [_thread_blocked, id=2196, stack(0x0000001c06700000,0x0000001c06800000)]
  0x00000131fdce0680 JavaThread "Cache worker for cache directory md-supplier (C:\Users\Administrator\.gradle\caches\8.7\md-supplier)" [_thread_blocked, id=7672, stack(0x0000001c06000000,0x0000001c06100000)]
  0x00000131fdce15b0 JavaThread "Cache worker for cache directory md-rule (C:\Users\Administrator\.gradle\caches\8.7\md-rule)" [_thread_blocked, id=1840, stack(0x0000001c06800000,0x0000001c06900000)]
  0x00000131fdcded30 JavaThread "Cache worker for file content cache (C:\Users\Administrator\.gradle\caches\8.7\fileContent)" [_thread_blocked, id=8856, stack(0x0000001c06900000,0x0000001c06a00000)]
  0x00000131fdce0170 JavaThread "jar transforms" [_thread_blocked, id=6920, stack(0x0000001c06b00000,0x0000001c06c00000)]
  0x00000131fdcdced0 JavaThread "Unconstrained build operations" [_thread_blocked, id=8160, stack(0x0000001c06a00000,0x0000001c06b00000)]
  0x00000131fdcdd3e0 JavaThread "Unconstrained build operations Thread 2" [_thread_blocked, id=11548, stack(0x0000001c06d00000,0x0000001c06e00000)]
  0x00000131fdcdf240 JavaThread "Unconstrained build operations Thread 3" [_thread_blocked, id=15608, stack(0x0000001c06e00000,0x0000001c06f00000)]
  0x00000131fdce10a0 JavaThread "Unconstrained build operations Thread 4" [_thread_blocked, id=12264, stack(0x0000001c06f00000,0x0000001c07000000)]
  0x00000131fdce24e0 JavaThread "Cache worker for Build Output Cleanup Cache (F:\mobile\node_modules\@react-native\gradle-plugin\.gradle\buildOutputCleanup)" [_thread_blocked, id=14500, stack(0x0000001c07100000,0x0000001c07200000)]
  0x00000131fdcdc4b0 JavaThread "Unconstrained build operations Thread 5" [_thread_blocked, id=4176, stack(0x0000001c07200000,0x0000001c07300000)]
  0x00000131fdce29f0 JavaThread "Unconstrained build operations Thread 6" [_thread_blocked, id=8756, stack(0x0000001c07300000,0x0000001c07400000)]
  0x00000131fdcdd8f0 JavaThread "Unconstrained build operations Thread 7" [_thread_blocked, id=14884, stack(0x0000001c07400000,0x0000001c07500000)]
  0x00000131fdce3920 JavaThread "Unconstrained build operations Thread 8" [_thread_blocked, id=15424, stack(0x0000001c07500000,0x0000001c07600000)]
  0x00000131fdcdc9c0 JavaThread "Unconstrained build operations Thread 9" [_thread_blocked, id=3708, stack(0x0000001c07600000,0x0000001c07700000)]
  0x00000131febbc5d0 JavaThread "Unconstrained build operations Thread 10" [_thread_blocked, id=2280, stack(0x0000001c07700000,0x0000001c07800000)]
  0x00000131febb9840 JavaThread "Memory manager" [_thread_blocked, id=3980, stack(0x0000001c07800000,0x0000001c07900000)]
  0x00000131febbb6a0 JavaThread "build event listener" [_thread_blocked, id=10440, stack(0x0000001c07900000,0x0000001c07a00000)]
  0x00000131febba260 JavaThread "ForkJoinPool.commonPool-worker-2" daemon [_thread_blocked, id=15508, stack(0x0000001c07b00000,0x0000001c07c00000)]
  0x00000131febba770 JavaThread "ForkJoinPool.commonPool-worker-3" daemon [_thread_blocked, id=13668, stack(0x0000001c07c00000,0x0000001c07d00000)]
  0x00000131febbcae0 JavaThread "Exec process" [_thread_blocked, id=5076, stack(0x0000001c07d00000,0x0000001c07e00000)]
  0x00000131febb9d50 JavaThread "Exec process Thread 2" [_thread_blocked, id=12824, stack(0x0000001c07e00000,0x0000001c07f00000)]
  0x00000131febbf870 JavaThread "Exec process Thread 3" [_thread_blocked, id=3604, stack(0x0000001c07f00000,0x0000001c08000000)]
  0x00000131febb8e20 JavaThread "included builds" [_thread_blocked, id=15292, stack(0x0000001c08000000,0x0000001c08100000)]
  0x00000131febbcff0 JavaThread "Execution worker" [_thread_blocked, id=6880, stack(0x0000001c08100000,0x0000001c08200000)]
  0x00000131febbbbb0 JavaThread "Execution worker Thread 2" [_thread_blocked, id=8264, stack(0x0000001c08200000,0x0000001c08300000)]
  0x00000131febbdf20 JavaThread "Execution worker Thread 3" [_thread_blocked, id=10012, stack(0x0000001c08300000,0x0000001c08400000)]
  0x00000131febbac80 JavaThread "Cache worker for execution history cache (F:\mobile\node_modules\@react-native\gradle-plugin\.gradle\8.7\executionHistory)" [_thread_blocked, id=10448, stack(0x0000001c08400000,0x0000001c08500000)]
  0x00000131febbc0c0 JavaThread "Unconstrained build operations Thread 11" [_thread_blocked, id=13808, stack(0x0000001c08500000,0x0000001c08600000)]
  0x00000131febbe430 JavaThread "Unconstrained build operations Thread 12" [_thread_blocked, id=14908, stack(0x0000001c08600000,0x0000001c08700000)]
  0x00000131febbe940 JavaThread "Unconstrained build operations Thread 13" [_thread_blocked, id=12656, stack(0x0000001c08700000,0x0000001c08800000)]
  0x00000131febbee50 JavaThread "Unconstrained build operations Thread 14" [_thread_blocked, id=12716, stack(0x0000001c08800000,0x0000001c08900000)]
  0x00000131febb8910 JavaThread "Unconstrained build operations Thread 15" [_thread_blocked, id=16132, stack(0x0000001c08900000,0x0000001c08a00000)]
  0x00000131febb9330 JavaThread "Unconstrained build operations Thread 16" [_thread_blocked, id=9172, stack(0x0000001c08a00000,0x0000001c08b00000)]
  0x000001319c46b780 JavaThread "Unconstrained build operations Thread 17" [_thread_blocked, id=14220, stack(0x0000001c08b00000,0x0000001c08c00000)]
  0x000001319c469e30 JavaThread "Unconstrained build operations Thread 18" [_thread_blocked, id=6652, stack(0x0000001c08c00000,0x0000001c08d00000)]
  0x000001319c4684e0 JavaThread "Unconstrained build operations Thread 19" [_thread_blocked, id=13780, stack(0x0000001c08d00000,0x0000001c08e00000)]
  0x000001319c46b270 JavaThread "Unconstrained build operations Thread 20" [_thread_blocked, id=11376, stack(0x0000001c08e00000,0x0000001c08f00000)]
  0x000001319c4689f0 JavaThread "Unconstrained build operations Thread 21" [_thread_blocked, id=12260, stack(0x0000001c08f00000,0x0000001c09000000)]
  0x000001319c46d5e0 JavaThread "Unconstrained build operations Thread 22" [_thread_blocked, id=11196, stack(0x0000001c09000000,0x0000001c09100000)]
  0x000001319c46a850 JavaThread "Unconstrained build operations Thread 23" [_thread_blocked, id=7548, stack(0x0000001c09100000,0x0000001c09200000)]
  0x000001319c469410 JavaThread "Unconstrained build operations Thread 24" [_thread_blocked, id=4832, stack(0x0000001c09200000,0x0000001c09300000)]
  0x000001319c46a340 JavaThread "Unconstrained build operations Thread 25" [_thread_blocked, id=5912, stack(0x0000001c09300000,0x0000001c09400000)]
  0x000001319c46f440 JavaThread "jar transforms Thread 2" [_thread_blocked, id=11820, stack(0x0000001c09400000,0x0000001c09500000)]
  0x000001319c46e000 JavaThread "Cache worker for Build Output Cleanup Cache (F:\mobile\android\.gradle\buildOutputCleanup)" [_thread_blocked, id=3968, stack(0x0000001c07000000,0x0000001c07100000)]
  0x000001319c46cbc0 JavaThread "jar transforms Thread 3" [_thread_blocked, id=12900, stack(0x0000001c09500000,0x0000001c09600000)]
  0x000001319c46c6b0 JavaThread "Unconstrained build operations Thread 26" [_thread_blocked, id=10400, stack(0x0000001c09700000,0x0000001c09800000)]
  0x000001319c46bc90 JavaThread "Unconstrained build operations Thread 27" [_thread_blocked, id=15100, stack(0x0000001c09800000,0x0000001c09900000)]
  0x000001319c469920 JavaThread "Unconstrained build operations Thread 28" [_thread_blocked, id=884, stack(0x0000001c09900000,0x0000001c09a00000)]
  0x000001319c46c1a0 JavaThread "Unconstrained build operations Thread 29" [_thread_blocked, id=14640, stack(0x0000001c09a00000,0x0000001c09b00000)]
  0x000001319c46d0d0 JavaThread "Unconstrained build operations Thread 30" [_thread_blocked, id=3400, stack(0x0000001c09b00000,0x0000001c09c00000)]
  0x000001319c46ef30 JavaThread "Unconstrained build operations Thread 31" [_thread_blocked, id=3152, stack(0x0000001c09c00000,0x0000001c09d00000)]
  0x000001319c46daf0 JavaThread "Unconstrained build operations Thread 32" [_thread_blocked, id=8552, stack(0x0000001c09d00000,0x0000001c09e00000)]
  0x000001319c46e510 JavaThread "Unconstrained build operations Thread 33" [_thread_blocked, id=11236, stack(0x0000001c09e00000,0x0000001c09f00000)]
  0x000001319c46ea20 JavaThread "Unconstrained build operations Thread 34" [_thread_blocked, id=8420, stack(0x0000001c09f00000,0x0000001c0a000000)]
  0x000001319c467fd0 JavaThread "Unconstrained build operations Thread 35" [_thread_blocked, id=10632, stack(0x0000001c0a000000,0x0000001c0a100000)]
  0x000001319c46f950 JavaThread "Unconstrained build operations Thread 36" [_thread_blocked, id=11244, stack(0x0000001c0a100000,0x0000001c0a200000)]
  0x000001319c20ebe0 JavaThread "Unconstrained build operations Thread 37" [_thread_blocked, id=8208, stack(0x0000001c0a200000,0x0000001c0a300000)]
  0x000001319c212db0 JavaThread "jar transforms Thread 4" [_thread_blocked, id=4420, stack(0x0000001c0a300000,0x0000001c0a400000)]
  0x000001319c20cd80 JavaThread "build event listener" [_thread_blocked, id=6812, stack(0x0000001c0a500000,0x0000001c0a600000)]
  0x000001319c20dcb0 JavaThread "Unconstrained build operations Thread 38" [_thread_blocked, id=13872, stack(0x0000001c0a600000,0x0000001c0a700000)]
  0x000001319c210530 JavaThread "Unconstrained build operations Thread 39" [_thread_blocked, id=10348, stack(0x0000001c0a700000,0x0000001c0a800000)]
  0x000001319c20fb10 JavaThread "Unconstrained build operations Thread 40" [_thread_blocked, id=7868, stack(0x0000001c0a800000,0x0000001c0a900000)]
  0x000001319ef14410 JavaThread "pool-3-thread-1" [_thread_blocked, id=14232, stack(0x0000001c0a900000,0x0000001c0aa00000)]
  0x000001319ef15850 JavaThread "build event listener" [_thread_blocked, id=13500, stack(0x0000001c0aa00000,0x0000001c0ab00000)]
  0x000001319ef171a0 JavaThread "Cache worker for execution history cache (F:\mobile\android\.gradle\8.7\executionHistory)" [_thread_blocked, id=14356, stack(0x0000001c0ab00000,0x0000001c0ac00000)]
  0x000001319ef14e30 JavaThread "WorkerExecutor Queue" [_thread_in_native, id=13164, stack(0x0000001c0ac00000,0x0000001c0ad00000)]
  0x000001319ef13f00 JavaThread "WorkerExecutor Queue Thread 5" [_thread_in_native, id=4808, stack(0x0000001c0b000000,0x0000001c0b100000)]
  0x000001319ef16780 JavaThread "WorkerExecutor Queue Thread 6" [_thread_blocked, id=792, stack(0x0000001c0ae00000,0x0000001c0af00000)]
  0x00000131ff2d42e0 JavaThread "RMI Scheduler(0)" daemon [_thread_blocked, id=7020, stack(0x0000001c03f00000,0x0000001c04000000)]
  0x00000131ff2d5720 JavaThread "RMI RenewClean-[127.0.0.1:17984,org.jetbrains.kotlin.daemon.common.LoopbackNetworkInterface$ClientLoopbackSocketFactory@3bd08b7]" daemon [_thread_blocked, id=8080, stack(0x0000001c0ad00000,0x0000001c0ae00000)]
  0x00000131ff2d6b60 JavaThread "RMI GC Daemon" daemon [_thread_blocked, id=1780, stack(0x0000001c0b100000,0x0000001c0b200000)]
  0x00000131ff2d1550 JavaThread "RMI RenewClean-[127.0.0.1:17470,org.jetbrains.kotlin.daemon.common.LoopbackNetworkInterface$ClientLoopbackSocketFactory@73920e8d]" daemon [_thread_blocked, id=2780, stack(0x0000001c0b200000,0x0000001c0b300000)]
  0x00000131ff2d47f0 JavaThread "RMI TCP Accept-0" daemon [_thread_in_native, id=7808, stack(0x0000001c0b400000,0x0000001c0b500000)]
  0x00000131ff2d1f70 JavaThread "RMI Reaper" [_thread_blocked, id=11940, stack(0x0000001c0b500000,0x0000001c0b600000)]
  0x00000131ff2d7fa0 JavaThread "RMI TCP Connection(idle)" daemon [_thread_blocked, id=15628, stack(0x0000001c0b600000,0x0000001c0b700000)]
  0x00000131ff2d1040 JavaThread "RMI RenewClean-[127.0.0.1:17470,org.jetbrains.kotlin.daemon.common.LoopbackNetworkInterface$ClientLoopbackSocketFactory@d6eb9a7]" daemon [_thread_blocked, id=3624, stack(0x0000001c0b700000,0x0000001c0b800000)]
  0x00000131ff2d38c0 JavaThread "RMI TCP Connection(idle)" daemon [_thread_blocked, id=8600, stack(0x0000001c0b800000,0x0000001c0b900000)]
  0x00000131ff2d89c0 JavaThread "WorkerExecutor Queue Thread 8" [_thread_blocked, id=16100, stack(0x0000001c03e00000,0x0000001c03f00000)]
  0x00000131ff2d7a90 JavaThread "pool-4-thread-1" [_thread_blocked, id=12300, stack(0x0000001c0af00000,0x0000001c0b000000)]
  0x00000131ff2d7070 JavaThread "stderr" [_thread_in_native, id=11760, stack(0x0000001c0b300000,0x0000001c0b400000)]
  0x00000131ff2d33b0 JavaThread "stdout" [_thread_in_native, id=16288, stack(0x0000001c0b900000,0x0000001c0ba00000)]
  0x00000131ff2d7580 JavaThread "WorkerExecutor Queue Thread 10" [_thread_blocked, id=3888, stack(0x0000001c07a00000,0x0000001c07b00000)]
  0x000001319ef16c90 JavaThread "ForkJoinPool-1-worker-1" daemon [_thread_blocked, id=8064, stack(0x0000001c0ba00000,0x0000001c0bb00000)]
  0x000001319ef16270 JavaThread "ForkJoinPool-1-worker-2" daemon [_thread_blocked, id=8988, stack(0x0000001c0bb00000,0x0000001c0bc00000)]
  0x00000131febbd500 JavaThread "ForkJoinPool-1-worker-3" daemon [_thread_blocked, id=12588, stack(0x0000001c0bc00000,0x0000001c0bd00000)]
  0x00000131febbf360 JavaThread "ForkJoinPool-1-worker-4" daemon [_thread_blocked, id=14548, stack(0x0000001c0bd00000,0x0000001c0be00000)]

Other Threads:
=>0x00000131f891bdb0 VMThread "VM Thread" [stack: 0x0000001c04600000,0x0000001c04700000] [id=10820]
  0x00000131dad00c20 WatcherThread [stack: 0x0000001c05200000,0x0000001c05300000] [id=8212]
  0x00000131dad5c1b0 GCTaskThread "GC Thread#0" [stack: 0x0000001c04100000,0x0000001c04200000] [id=8776]
  0x00000131f8bd8c80 GCTaskThread "GC Thread#1" [stack: 0x0000001c05300000,0x0000001c05400000] [id=14188]
  0x00000131f8bfb740 GCTaskThread "GC Thread#2" [stack: 0x0000001c05400000,0x0000001c05500000] [id=10900]
  0x00000131fd94be20 GCTaskThread "GC Thread#3" [stack: 0x0000001c05500000,0x0000001c05600000] [id=7044]
  0x00000131dad6d020 ConcurrentGCThread "G1 Main Marker" [stack: 0x0000001c04200000,0x0000001c04300000] [id=14184]
  0x00000131dad6d950 ConcurrentGCThread "G1 Conc#0" [stack: 0x0000001c04300000,0x0000001c04400000] [id=7592]
  0x00000131dadbe7d0 ConcurrentGCThread "G1 Refine#0" [stack: 0x0000001c04400000,0x0000001c04500000] [id=15380]
  0x00000131fddacc20 ConcurrentGCThread "G1 Refine#1" [stack: 0x0000001c06c00000,0x0000001c06d00000] [id=9796]
  0x00000131a3915dd0 ConcurrentGCThread "G1 Refine#2" [stack: 0x0000001c0be00000,0x0000001c0bf00000] [id=2068]
  0x00000131f87d2210 ConcurrentGCThread "G1 Service" [stack: 0x0000001c04500000,0x0000001c04600000] [id=15284]

Threads with active compile tasks:
C2 CompilerThread0  126470 21872       4       com.android.tools.r8.dex.C::a (997 bytes)

VM state: at safepoint (normal execution)

VM Mutex/Monitor currently owned by a thread:  ([mutex/lock_event])
[0x00000131daceb870] Threads_lock - owner thread: 0x00000131f891bdb0
[0x00000131dacea670] Heap_lock - owner thread: 0x00000131ff2d7580

Heap address: 0x0000000080000000, size: 2048 MB, Compressed Oops mode: 32-bit

CDS archive(s) mapped at: [0x0000013180000000-0x0000013180bb0000-0x0000013180bb0000), size 12255232, SharedBaseAddress: 0x0000013180000000, ArchiveRelocationMode: 1.
Compressed class space mapped at: 0x0000013181000000-0x000001319b000000, reserved size: 436207616
Narrow klass base: 0x0000013180000000, Narrow klass shift: 0, Narrow klass range: 0x100000000

GC Precious Log:
 CPUs: 4 total, 4 available
 Memory: 7843M
 Large Page Support: Disabled
 NUMA Support: Disabled
 Compressed Oops: Enabled (32-bit)
 Heap Region Size: 1M
 Heap Min Capacity: 8M
 Heap Initial Capacity: 124M
 Heap Max Capacity: 2G
 Pre-touch: Disabled
 Parallel Workers: 4
 Concurrent Workers: 1
 Concurrent Refinement Workers: 4
 Periodic GC: Disabled

Heap:
 garbage-first heap   total 437248K, used 364501K [0x0000000080000000, 0x0000000100000000)
  region size 1024K, 1 young (1024K), 1 survivors (1024K)
 Metaspace       used 136853K, committed 138176K, reserved 557056K
  class space    used 18542K, committed 19136K, reserved 425984K

Heap Regions: E=young(eden), S=young(survivor), O=old, HS=humongous(starts), HC=humongous(continues), CS=collection set, F=free, OA=open archive, CA=closed archive, TAMS=top-at-mark-start (previous, next)
|   0|0x0000000080000000, 0x0000000080100000, 0x0000000080100000|100%| O|  |TAMS 0x0000000080100000, 0x0000000080000000| Untracked 
|   1|0x0000000080100000, 0x0000000080200000, 0x0000000080200000|100%|HS|  |TAMS 0x0000000080200000, 0x0000000080100000| Complete 
|   2|0x0000000080200000, 0x0000000080300000, 0x0000000080300000|100%|HC|  |TAMS 0x0000000080300000, 0x0000000080200000| Complete 
|   3|0x0000000080300000, 0x0000000080400000, 0x0000000080400000|100%|HC|  |TAMS 0x0000000080400000, 0x0000000080300000| Complete 
|   4|0x0000000080400000, 0x0000000080500000, 0x0000000080500000|100%|HC|  |TAMS 0x0000000080500000, 0x0000000080400000| Complete 
|   5|0x0000000080500000, 0x0000000080600000, 0x0000000080600000|100%| O|  |TAMS 0x0000000080600000, 0x0000000080500000| Untracked 
|   6|0x0000000080600000, 0x0000000080700000, 0x0000000080700000|100%| O|  |TAMS 0x0000000080700000, 0x0000000080600000| Untracked 
|   7|0x0000000080700000, 0x0000000080800000, 0x0000000080800000|100%| O|  |TAMS 0x0000000080800000, 0x0000000080700000| Untracked 
|   8|0x0000000080800000, 0x0000000080900000, 0x0000000080900000|100%| O|  |TAMS 0x0000000080900000, 0x0000000080800000| Untracked 
|   9|0x0000000080900000, 0x0000000080a00000, 0x0000000080a00000|100%| O|  |TAMS 0x0000000080a00000, 0x0000000080900000| Untracked 
|  10|0x0000000080a00000, 0x0000000080b00000, 0x0000000080b00000|100%| O|  |TAMS 0x0000000080b00000, 0x0000000080a00000| Untracked 
|  11|0x0000000080b00000, 0x0000000080c00000, 0x0000000080c00000|100%| O|  |TAMS 0x0000000080c00000, 0x0000000080b00000| Untracked 
|  12|0x0000000080c00000, 0x0000000080d00000, 0x0000000080d00000|100%| O|  |TAMS 0x0000000080d00000, 0x0000000080c00000| Untracked 
|  13|0x0000000080d00000, 0x0000000080e00000, 0x0000000080e00000|100%| O|  |TAMS 0x0000000080e00000, 0x0000000080d00000| Untracked 
|  14|0x0000000080e00000, 0x0000000080f00000, 0x0000000080f00000|100%| O|  |TAMS 0x0000000080f00000, 0x0000000080e00000| Untracked 
|  15|0x0000000080f00000, 0x0000000081000000, 0x0000000081000000|100%| O|  |TAMS 0x0000000081000000, 0x0000000080f00000| Untracked 
|  16|0x0000000081000000, 0x0000000081100000, 0x0000000081100000|100%| O|  |TAMS 0x0000000081100000, 0x0000000081000000| Untracked 
|  17|0x0000000081100000, 0x0000000081200000, 0x0000000081200000|100%| O|  |TAMS 0x0000000081200000, 0x0000000081100000| Untracked 
|  18|0x0000000081200000, 0x0000000081300000, 0x0000000081300000|100%| O|  |TAMS 0x0000000081300000, 0x0000000081200000| Untracked 
|  19|0x0000000081300000, 0x00000000813d1000, 0x0000000081400000| 81%| O|  |TAMS 0x00000000813d1000, 0x0000000081300000| Untracked 
|  20|0x0000000081400000, 0x0000000081500000, 0x0000000081500000|100%| O|  |TAMS 0x0000000081500000, 0x0000000081400000| Untracked 
|  21|0x0000000081500000, 0x0000000081600000, 0x0000000081600000|100%| O|  |TAMS 0x0000000081600000, 0x0000000081500000| Untracked 
|  22|0x0000000081600000, 0x0000000081700000, 0x0000000081700000|100%| O|  |TAMS 0x0000000081700000, 0x0000000081600000| Untracked 
|  23|0x0000000081700000, 0x0000000081800000, 0x0000000081800000|100%| O|  |TAMS 0x0000000081800000, 0x0000000081700000| Untracked 
|  24|0x0000000081800000, 0x0000000081900000, 0x0000000081900000|100%| O|  |TAMS 0x0000000081900000, 0x0000000081800000| Untracked 
|  25|0x0000000081900000, 0x0000000081a00000, 0x0000000081a00000|100%| O|  |TAMS 0x0000000081a00000, 0x0000000081900000| Untracked 
|  26|0x0000000081a00000, 0x0000000081b00000, 0x0000000081b00000|100%| O|  |TAMS 0x0000000081b00000, 0x0000000081a00000| Untracked 
|  27|0x0000000081b00000, 0x0000000081c00000, 0x0000000081c00000|100%| O|  |TAMS 0x0000000081c00000, 0x0000000081b00000| Untracked 
|  28|0x0000000081c00000, 0x0000000081d00000, 0x0000000081d00000|100%| O|  |TAMS 0x0000000081d00000, 0x0000000081c00000| Untracked 
|  29|0x0000000081d00000, 0x0000000081e00000, 0x0000000081e00000|100%| O|  |TAMS 0x0000000081e00000, 0x0000000081d00000| Untracked 
|  30|0x0000000081e00000, 0x0000000081f00000, 0x0000000081f00000|100%| O|  |TAMS 0x0000000081f00000, 0x0000000081e00000| Untracked 
|  31|0x0000000081f00000, 0x0000000082000000, 0x0000000082000000|100%| O|  |TAMS 0x0000000082000000, 0x0000000081f00000| Untracked 
|  32|0x0000000082000000, 0x0000000082100000, 0x0000000082100000|100%| O|  |TAMS 0x0000000082100000, 0x0000000082000000| Untracked 
|  33|0x0000000082100000, 0x0000000082200000, 0x0000000082200000|100%| O|  |TAMS 0x0000000082200000, 0x0000000082100000| Untracked 
|  34|0x0000000082200000, 0x0000000082300000, 0x0000000082300000|100%| O|  |TAMS 0x0000000082300000, 0x0000000082200000| Untracked 
|  35|0x0000000082300000, 0x0000000082400000, 0x0000000082400000|100%| O|  |TAMS 0x0000000082400000, 0x0000000082300000| Untracked 
|  36|0x0000000082400000, 0x0000000082500000, 0x0000000082500000|100%| O|  |TAMS 0x0000000082500000, 0x0000000082400000| Untracked 
|  37|0x0000000082500000, 0x0000000082600000, 0x0000000082600000|100%| O|  |TAMS 0x0000000082600000, 0x0000000082500000| Untracked 
|  38|0x0000000082600000, 0x0000000082700000, 0x0000000082700000|100%| O|  |TAMS 0x0000000082700000, 0x0000000082600000| Untracked 
|  39|0x0000000082700000, 0x0000000082800000, 0x0000000082800000|100%| O|  |TAMS 0x0000000082800000, 0x0000000082700000| Untracked 
|  40|0x0000000082800000, 0x0000000082900000, 0x0000000082900000|100%|HS|  |TAMS 0x0000000082900000, 0x0000000082800000| Complete 
|  41|0x0000000082900000, 0x0000000082a00000, 0x0000000082a00000|100%|HC|  |TAMS 0x0000000082a00000, 0x0000000082900000| Complete 
|  42|0x0000000082a00000, 0x0000000082b00000, 0x0000000082b00000|100%|HS|  |TAMS 0x0000000082b00000, 0x0000000082a00000| Complete 
|  43|0x0000000082b00000, 0x0000000082c00000, 0x0000000082c00000|100%|HC|  |TAMS 0x0000000082c00000, 0x0000000082b00000| Complete 
|  44|0x0000000082c00000, 0x0000000082d00000, 0x0000000082d00000|100%|HS|  |TAMS 0x0000000082d00000, 0x0000000082c00000| Complete 
|  45|0x0000000082d00000, 0x0000000082e00000, 0x0000000082e00000|100%|HC|  |TAMS 0x0000000082e00000, 0x0000000082d00000| Complete 
|  46|0x0000000082e00000, 0x0000000082f00000, 0x0000000082f00000|100%|HC|  |TAMS 0x0000000082f00000, 0x0000000082e00000| Complete 
|  47|0x0000000082f00000, 0x0000000083000000, 0x0000000083000000|100%|HC|  |TAMS 0x0000000083000000, 0x0000000082f00000| Complete 
|  48|0x0000000083000000, 0x0000000083100000, 0x0000000083100000|100%| O|  |TAMS 0x0000000083100000, 0x0000000083000000| Untracked 
|  49|0x0000000083100000, 0x0000000083200000, 0x0000000083200000|100%| O|  |TAMS 0x0000000083200000, 0x0000000083100000| Untracked 
|  50|0x0000000083200000, 0x0000000083300000, 0x0000000083300000|100%| O|  |TAMS 0x0000000083300000, 0x0000000083200000| Untracked 
|  51|0x0000000083300000, 0x0000000083400000, 0x0000000083400000|100%| O|  |TAMS 0x0000000083400000, 0x0000000083300000| Untracked 
|  52|0x0000000083400000, 0x0000000083500000, 0x0000000083500000|100%| O|  |TAMS 0x0000000083500000, 0x0000000083400000| Untracked 
|  53|0x0000000083500000, 0x0000000083600000, 0x0000000083600000|100%| O|  |TAMS 0x0000000083600000, 0x0000000083500000| Untracked 
|  54|0x0000000083600000, 0x0000000083700000, 0x0000000083700000|100%|HS|  |TAMS 0x0000000083700000, 0x0000000083600000| Complete 
|  55|0x0000000083700000, 0x0000000083800000, 0x0000000083800000|100%|HC|  |TAMS 0x0000000083800000, 0x0000000083700000| Complete 
|  56|0x0000000083800000, 0x0000000083900000, 0x0000000083900000|100%|HC|  |TAMS 0x0000000083900000, 0x0000000083800000| Complete 
|  57|0x0000000083900000, 0x0000000083a00000, 0x0000000083a00000|100%|HC|  |TAMS 0x0000000083a00000, 0x0000000083900000| Complete 
|  58|0x0000000083a00000, 0x0000000083b00000, 0x0000000083b00000|100%| O|  |TAMS 0x0000000083b00000, 0x0000000083a00000| Untracked 
|  59|0x0000000083b00000, 0x0000000083c00000, 0x0000000083c00000|100%| O|  |TAMS 0x0000000083c00000, 0x0000000083b00000| Untracked 
|  60|0x0000000083c00000, 0x0000000083d00000, 0x0000000083d00000|100%| O|  |TAMS 0x0000000083d00000, 0x0000000083c00000| Untracked 
|  61|0x0000000083d00000, 0x0000000083e00000, 0x0000000083e00000|100%| O|  |TAMS 0x0000000083e00000, 0x0000000083d00000| Untracked 
|  62|0x0000000083e00000, 0x0000000083f00000, 0x0000000083f00000|100%| O|  |TAMS 0x0000000083f00000, 0x0000000083e00000| Untracked 
|  63|0x0000000083f00000, 0x0000000084000000, 0x0000000084000000|100%|HS|  |TAMS 0x0000000084000000, 0x0000000083f00000| Complete 
|  64|0x0000000084000000, 0x0000000084100000, 0x0000000084100000|100%|HS|  |TAMS 0x0000000084100000, 0x0000000084000000| Complete 
|  65|0x0000000084100000, 0x0000000084200000, 0x0000000084200000|100%|HC|  |TAMS 0x0000000084200000, 0x0000000084100000| Complete 
|  66|0x0000000084200000, 0x0000000084300000, 0x0000000084300000|100%|HS|  |TAMS 0x0000000084300000, 0x0000000084200000| Complete 
|  67|0x0000000084300000, 0x0000000084400000, 0x0000000084400000|100%|HS|  |TAMS 0x0000000084400000, 0x0000000084300000| Complete 
|  68|0x0000000084400000, 0x0000000084500000, 0x0000000084500000|100%| O|  |TAMS 0x0000000084500000, 0x0000000084400000| Untracked 
|  69|0x0000000084500000, 0x0000000084600000, 0x0000000084600000|100%| O|  |TAMS 0x0000000084600000, 0x0000000084500000| Untracked 
|  70|0x0000000084600000, 0x0000000084700000, 0x0000000084700000|100%| O|  |TAMS 0x0000000084700000, 0x0000000084600000| Untracked 
|  71|0x0000000084700000, 0x0000000084800000, 0x0000000084800000|100%| O|  |TAMS 0x0000000084800000, 0x0000000084700000| Untracked 
|  72|0x0000000084800000, 0x0000000084900000, 0x0000000084900000|100%| O|  |TAMS 0x0000000084900000, 0x0000000084800000| Untracked 
|  73|0x0000000084900000, 0x0000000084a00000, 0x0000000084a00000|100%| O|  |TAMS 0x0000000084a00000, 0x0000000084900000| Untracked 
|  74|0x0000000084a00000, 0x0000000084b00000, 0x0000000084b00000|100%|HS|  |TAMS 0x0000000084b00000, 0x0000000084a00000| Complete 
|  75|0x0000000084b00000, 0x0000000084c00000, 0x0000000084c00000|100%| O|  |TAMS 0x0000000084c00000, 0x0000000084b00000| Untracked 
|  76|0x0000000084c00000, 0x0000000084d00000, 0x0000000084d00000|100%|HS|  |TAMS 0x0000000084d00000, 0x0000000084c00000| Complete 
|  77|0x0000000084d00000, 0x0000000084e00000, 0x0000000084e00000|100%|HC|  |TAMS 0x0000000084e00000, 0x0000000084d00000| Complete 
|  78|0x0000000084e00000, 0x0000000084f00000, 0x0000000084f00000|100%|HC|  |TAMS 0x0000000084f00000, 0x0000000084e00000| Complete 
|  79|0x0000000084f00000, 0x0000000085000000, 0x0000000085000000|100%|HS|  |TAMS 0x0000000085000000, 0x0000000084f00000| Complete 
|  80|0x0000000085000000, 0x0000000085100000, 0x0000000085100000|100%|HS|  |TAMS 0x0000000085100000, 0x0000000085000000| Complete 
|  81|0x0000000085100000, 0x0000000085200000, 0x0000000085200000|100%| O|  |TAMS 0x0000000085200000, 0x0000000085100000| Untracked 
|  82|0x0000000085200000, 0x0000000085300000, 0x0000000085300000|100%| O|  |TAMS 0x0000000085300000, 0x0000000085200000| Untracked 
|  83|0x0000000085300000, 0x0000000085400000, 0x0000000085400000|100%| O|  |TAMS 0x0000000085400000, 0x0000000085300000| Untracked 
|  84|0x0000000085400000, 0x0000000085500000, 0x0000000085500000|100%| O|  |TAMS 0x0000000085500000, 0x0000000085400000| Untracked 
|  85|0x0000000085500000, 0x0000000085600000, 0x0000000085600000|100%| O|  |TAMS 0x0000000085600000, 0x0000000085500000| Untracked 
|  86|0x0000000085600000, 0x0000000085700000, 0x0000000085700000|100%| O|  |TAMS 0x0000000085700000, 0x0000000085600000| Untracked 
|  87|0x0000000085700000, 0x0000000085800000, 0x0000000085800000|100%|HS|  |TAMS 0x0000000085800000, 0x0000000085700000| Complete 
|  88|0x0000000085800000, 0x0000000085900000, 0x0000000085900000|100%|HC|  |TAMS 0x0000000085900000, 0x0000000085800000| Complete 
|  89|0x0000000085900000, 0x0000000085a00000, 0x0000000085a00000|100%|HS|  |TAMS 0x0000000085a00000, 0x0000000085900000| Complete 
|  90|0x0000000085a00000, 0x0000000085b00000, 0x0000000085b00000|100%| O|  |TAMS 0x0000000085b00000, 0x0000000085a00000| Untracked 
|  91|0x0000000085b00000, 0x0000000085c00000, 0x0000000085c00000|100%| O|  |TAMS 0x0000000085c00000, 0x0000000085b00000| Untracked 
|  92|0x0000000085c00000, 0x0000000085d00000, 0x0000000085d00000|100%| O|  |TAMS 0x0000000085d00000, 0x0000000085c00000| Untracked 
|  93|0x0000000085d00000, 0x0000000085e00000, 0x0000000085e00000|100%| O|  |TAMS 0x0000000085e00000, 0x0000000085d00000| Untracked 
|  94|0x0000000085e00000, 0x0000000085f00000, 0x0000000085f00000|100%| O|  |TAMS 0x0000000085f00000, 0x0000000085e00000| Untracked 
|  95|0x0000000085f00000, 0x0000000086000000, 0x0000000086000000|100%| O|  |TAMS 0x0000000086000000, 0x0000000085f00000| Untracked 
|  96|0x0000000086000000, 0x0000000086100000, 0x0000000086100000|100%| O|  |TAMS 0x0000000086100000, 0x0000000086000000| Untracked 
|  97|0x0000000086100000, 0x0000000086200000, 0x0000000086200000|100%| O|  |TAMS 0x0000000086200000, 0x0000000086100000| Untracked 
|  98|0x0000000086200000, 0x0000000086300000, 0x0000000086300000|100%| O|  |TAMS 0x0000000086300000, 0x0000000086200000| Untracked 
|  99|0x0000000086300000, 0x0000000086400000, 0x0000000086400000|100%|HS|  |TAMS 0x0000000086400000, 0x0000000086300000| Complete 
| 100|0x0000000086400000, 0x0000000086500000, 0x0000000086500000|100%| O|  |TAMS 0x0000000086500000, 0x0000000086400000| Untracked 
| 101|0x0000000086500000, 0x0000000086600000, 0x0000000086600000|100%| O|  |TAMS 0x0000000086600000, 0x0000000086500000| Untracked 
| 102|0x0000000086600000, 0x0000000086700000, 0x0000000086700000|100%| O|  |TAMS 0x0000000086700000, 0x0000000086600000| Untracked 
| 103|0x0000000086700000, 0x0000000086800000, 0x0000000086800000|100%| O|  |TAMS 0x0000000086800000, 0x0000000086700000| Untracked 
| 104|0x0000000086800000, 0x0000000086900000, 0x0000000086900000|100%| O|  |TAMS 0x0000000086900000, 0x0000000086800000| Untracked 
| 105|0x0000000086900000, 0x0000000086a00000, 0x0000000086a00000|100%| O|  |TAMS 0x0000000086a00000, 0x0000000086900000| Untracked 
| 106|0x0000000086a00000, 0x0000000086b00000, 0x0000000086b00000|100%|HS|  |TAMS 0x0000000086b00000, 0x0000000086a00000| Complete 
| 107|0x0000000086b00000, 0x0000000086c00000, 0x0000000086c00000|100%|HC|  |TAMS 0x0000000086c00000, 0x0000000086b00000| Complete 
| 108|0x0000000086c00000, 0x0000000086d00000, 0x0000000086d00000|100%|HC|  |TAMS 0x0000000086d00000, 0x0000000086c00000| Complete 
| 109|0x0000000086d00000, 0x0000000086e00000, 0x0000000086e00000|100%|HS|  |TAMS 0x0000000086e00000, 0x0000000086d00000| Complete 
| 110|0x0000000086e00000, 0x0000000086f00000, 0x0000000086f00000|100%|HC|  |TAMS 0x0000000086f00000, 0x0000000086e00000| Complete 
| 111|0x0000000086f00000, 0x0000000087000000, 0x0000000087000000|100%|HS|  |TAMS 0x0000000087000000, 0x0000000086f00000| Complete 
| 112|0x0000000087000000, 0x0000000087100000, 0x0000000087100000|100%|HC|  |TAMS 0x0000000087100000, 0x0000000087000000| Complete 
| 113|0x0000000087100000, 0x0000000087200000, 0x0000000087200000|100%|HC|  |TAMS 0x0000000087200000, 0x0000000087100000| Complete 
| 114|0x0000000087200000, 0x0000000087300000, 0x0000000087300000|100%|HC|  |TAMS 0x0000000087300000, 0x0000000087200000| Complete 
| 115|0x0000000087300000, 0x0000000087400000, 0x0000000087400000|100%|HS|  |TAMS 0x0000000087400000, 0x0000000087300000| Complete 
| 116|0x0000000087400000, 0x0000000087500000, 0x0000000087500000|100%|HS|  |TAMS 0x0000000087500000, 0x0000000087400000| Complete 
| 117|0x0000000087500000, 0x0000000087600000, 0x0000000087600000|100%|HS|  |TAMS 0x0000000087600000, 0x0000000087500000| Complete 
| 118|0x0000000087600000, 0x0000000087700000, 0x0000000087700000|100%|HC|  |TAMS 0x0000000087700000, 0x0000000087600000| Complete 
| 119|0x0000000087700000, 0x0000000087800000, 0x0000000087800000|100%| O|  |TAMS 0x0000000087800000, 0x0000000087700000| Untracked 
| 120|0x0000000087800000, 0x0000000087900000, 0x0000000087900000|100%| O|  |TAMS 0x0000000087900000, 0x0000000087800000| Untracked 
| 121|0x0000000087900000, 0x0000000087a00000, 0x0000000087a00000|100%| O|  |TAMS 0x0000000087a00000, 0x0000000087900000| Untracked 
| 122|0x0000000087a00000, 0x0000000087b00000, 0x0000000087b00000|100%| O|  |TAMS 0x0000000087b00000, 0x0000000087a00000| Untracked 
| 123|0x0000000087b00000, 0x0000000087c00000, 0x0000000087c00000|100%| O|  |TAMS 0x0000000087c00000, 0x0000000087b00000| Untracked 
| 124|0x0000000087c00000, 0x0000000087d00000, 0x0000000087d00000|100%| O|  |TAMS 0x0000000087d00000, 0x0000000087c00000| Untracked 
| 125|0x0000000087d00000, 0x0000000087e00000, 0x0000000087e00000|100%|HS|  |TAMS 0x0000000087e00000, 0x0000000087d00000| Complete 
| 126|0x0000000087e00000, 0x0000000087f00000, 0x0000000087f00000|100%|HS|  |TAMS 0x0000000087f00000, 0x0000000087e00000| Complete 
| 127|0x0000000087f00000, 0x0000000088000000, 0x0000000088000000|100%| O|  |TAMS 0x0000000088000000, 0x0000000087f00000| Untracked 
| 128|0x0000000088000000, 0x0000000088100000, 0x0000000088100000|100%| O|  |TAMS 0x0000000088100000, 0x0000000088000000| Untracked 
| 129|0x0000000088100000, 0x0000000088200000, 0x0000000088200000|100%| O|  |TAMS 0x0000000088200000, 0x0000000088100000| Untracked 
| 130|0x0000000088200000, 0x0000000088300000, 0x0000000088300000|100%| O|  |TAMS 0x0000000088300000, 0x0000000088200000| Untracked 
| 131|0x0000000088300000, 0x0000000088400000, 0x0000000088400000|100%| O|  |TAMS 0x0000000088400000, 0x0000000088300000| Untracked 
| 132|0x0000000088400000, 0x0000000088500000, 0x0000000088500000|100%| O|  |TAMS 0x0000000088500000, 0x0000000088400000| Untracked 
| 133|0x0000000088500000, 0x0000000088600000, 0x0000000088600000|100%| O|  |TAMS 0x0000000088600000, 0x0000000088500000| Untracked 
| 134|0x0000000088600000, 0x0000000088700000, 0x0000000088700000|100%| O|  |TAMS 0x0000000088700000, 0x0000000088600000| Untracked 
| 135|0x0000000088700000, 0x0000000088800000, 0x0000000088800000|100%| O|  |TAMS 0x0000000088800000, 0x0000000088700000| Untracked 
| 136|0x0000000088800000, 0x0000000088900000, 0x0000000088900000|100%| O|  |TAMS 0x0000000088900000, 0x0000000088800000| Untracked 
| 137|0x0000000088900000, 0x0000000088a00000, 0x0000000088a00000|100%| O|  |TAMS 0x0000000088a00000, 0x0000000088900000| Untracked 
| 138|0x0000000088a00000, 0x0000000088b00000, 0x0000000088b00000|100%| O|  |TAMS 0x0000000088b00000, 0x0000000088a00000| Untracked 
| 139|0x0000000088b00000, 0x0000000088c00000, 0x0000000088c00000|100%| O|  |TAMS 0x0000000088c00000, 0x0000000088b00000| Untracked 
| 140|0x0000000088c00000, 0x0000000088d00000, 0x0000000088d00000|100%| O|  |TAMS 0x0000000088d00000, 0x0000000088c00000| Untracked 
| 141|0x0000000088d00000, 0x0000000088e00000, 0x0000000088e00000|100%| O|  |TAMS 0x0000000088e00000, 0x0000000088d00000| Untracked 
| 142|0x0000000088e00000, 0x0000000088f00000, 0x0000000088f00000|100%| O|  |TAMS 0x0000000088f00000, 0x0000000088e00000| Untracked 
| 143|0x0000000088f00000, 0x0000000089000000, 0x0000000089000000|100%| O|  |TAMS 0x0000000089000000, 0x0000000088f00000| Untracked 
| 144|0x0000000089000000, 0x0000000089100000, 0x0000000089100000|100%| O|  |TAMS 0x0000000089100000, 0x0000000089000000| Untracked 
| 145|0x0000000089100000, 0x0000000089200000, 0x0000000089200000|100%| O|  |TAMS 0x0000000089200000, 0x0000000089100000| Untracked 
| 146|0x0000000089200000, 0x0000000089300000, 0x0000000089300000|100%| O|  |TAMS 0x0000000089300000, 0x0000000089200000| Untracked 
| 147|0x0000000089300000, 0x0000000089400000, 0x0000000089400000|100%| O|  |TAMS 0x0000000089400000, 0x0000000089300000| Untracked 
| 148|0x0000000089400000, 0x0000000089500000, 0x0000000089500000|100%| O|  |TAMS 0x0000000089500000, 0x0000000089400000| Untracked 
| 149|0x0000000089500000, 0x0000000089600000, 0x0000000089600000|100%| O|  |TAMS 0x0000000089600000, 0x0000000089500000| Untracked 
| 150|0x0000000089600000, 0x0000000089700000, 0x0000000089700000|100%| O|  |TAMS 0x0000000089700000, 0x0000000089600000| Untracked 
| 151|0x0000000089700000, 0x0000000089800000, 0x0000000089800000|100%| O|  |TAMS 0x0000000089800000, 0x0000000089700000| Untracked 
| 152|0x0000000089800000, 0x0000000089900000, 0x0000000089900000|100%| O|  |TAMS 0x0000000089900000, 0x0000000089800000| Untracked 
| 153|0x0000000089900000, 0x0000000089a00000, 0x0000000089a00000|100%| O|  |TAMS 0x0000000089a00000, 0x0000000089900000| Untracked 
| 154|0x0000000089a00000, 0x0000000089b00000, 0x0000000089b00000|100%| O|  |TAMS 0x0000000089b00000, 0x0000000089a00000| Untracked 
| 155|0x0000000089b00000, 0x0000000089c00000, 0x0000000089c00000|100%| O|  |TAMS 0x0000000089c00000, 0x0000000089b00000| Untracked 
| 156|0x0000000089c00000, 0x0000000089d00000, 0x0000000089d00000|100%| O|  |TAMS 0x0000000089d00000, 0x0000000089c00000| Untracked 
| 157|0x0000000089d00000, 0x0000000089e00000, 0x0000000089e00000|100%| O|  |TAMS 0x0000000089e00000, 0x0000000089d00000| Untracked 
| 158|0x0000000089e00000, 0x0000000089f00000, 0x0000000089f00000|100%| O|  |TAMS 0x0000000089f00000, 0x0000000089e00000| Untracked 
| 159|0x0000000089f00000, 0x000000008a000000, 0x000000008a000000|100%| O|  |TAMS 0x000000008a000000, 0x0000000089f00000| Untracked 
| 160|0x000000008a000000, 0x000000008a100000, 0x000000008a100000|100%| O|  |TAMS 0x000000008a100000, 0x000000008a000000| Untracked 
| 161|0x000000008a100000, 0x000000008a200000, 0x000000008a200000|100%| O|  |TAMS 0x000000008a200000, 0x000000008a100000| Untracked 
| 162|0x000000008a200000, 0x000000008a300000, 0x000000008a300000|100%| O|  |TAMS 0x000000008a300000, 0x000000008a200000| Untracked 
| 163|0x000000008a300000, 0x000000008a400000, 0x000000008a400000|100%| O|  |TAMS 0x000000008a400000, 0x000000008a300000| Untracked 
| 164|0x000000008a400000, 0x000000008a500000, 0x000000008a500000|100%| O|  |TAMS 0x000000008a500000, 0x000000008a400000| Untracked 
| 165|0x000000008a500000, 0x000000008a600000, 0x000000008a600000|100%| O|  |TAMS 0x000000008a600000, 0x000000008a500000| Untracked 
| 166|0x000000008a600000, 0x000000008a700000, 0x000000008a700000|100%| O|  |TAMS 0x000000008a700000, 0x000000008a600000| Untracked 
| 167|0x000000008a700000, 0x000000008a800000, 0x000000008a800000|100%| O|  |TAMS 0x000000008a800000, 0x000000008a700000| Untracked 
| 168|0x000000008a800000, 0x000000008a900000, 0x000000008a900000|100%| O|  |TAMS 0x000000008a900000, 0x000000008a800000| Untracked 
| 169|0x000000008a900000, 0x000000008aa00000, 0x000000008aa00000|100%| O|  |TAMS 0x000000008aa00000, 0x000000008a900000| Untracked 
| 170|0x000000008aa00000, 0x000000008ab00000, 0x000000008ab00000|100%| O|  |TAMS 0x000000008ab00000, 0x000000008aa00000| Untracked 
| 171|0x000000008ab00000, 0x000000008ac00000, 0x000000008ac00000|100%| O|  |TAMS 0x000000008ac00000, 0x000000008ab00000| Untracked 
| 172|0x000000008ac00000, 0x000000008ad00000, 0x000000008ad00000|100%| O|  |TAMS 0x000000008ad00000, 0x000000008ac00000| Untracked 
| 173|0x000000008ad00000, 0x000000008ae00000, 0x000000008ae00000|100%| O|  |TAMS 0x000000008ae00000, 0x000000008ad00000| Untracked 
| 174|0x000000008ae00000, 0x000000008af00000, 0x000000008af00000|100%| O|  |TAMS 0x000000008af00000, 0x000000008ae00000| Untracked 
| 175|0x000000008af00000, 0x000000008b000000, 0x000000008b000000|100%| O|  |TAMS 0x000000008b000000, 0x000000008af00000| Untracked 
| 176|0x000000008b000000, 0x000000008b100000, 0x000000008b100000|100%| O|  |TAMS 0x000000008b100000, 0x000000008b000000| Untracked 
| 177|0x000000008b100000, 0x000000008b200000, 0x000000008b200000|100%| O|  |TAMS 0x000000008b200000, 0x000000008b100000| Untracked 
| 178|0x000000008b200000, 0x000000008b300000, 0x000000008b300000|100%| O|  |TAMS 0x000000008b300000, 0x000000008b200000| Untracked 
| 179|0x000000008b300000, 0x000000008b400000, 0x000000008b400000|100%| O|  |TAMS 0x000000008b400000, 0x000000008b300000| Untracked 
| 180|0x000000008b400000, 0x000000008b500000, 0x000000008b500000|100%| O|  |TAMS 0x000000008b500000, 0x000000008b400000| Untracked 
| 181|0x000000008b500000, 0x000000008b600000, 0x000000008b600000|100%| O|  |TAMS 0x000000008b600000, 0x000000008b500000| Untracked 
| 182|0x000000008b600000, 0x000000008b700000, 0x000000008b700000|100%| O|  |TAMS 0x000000008b600000, 0x000000008b600000| Untracked 
| 183|0x000000008b700000, 0x000000008b800000, 0x000000008b800000|100%| O|  |TAMS 0x000000008b800000, 0x000000008b700000| Untracked 
| 184|0x000000008b800000, 0x000000008b900000, 0x000000008b900000|100%| O|  |TAMS 0x000000008b800000, 0x000000008b800000| Untracked 
| 185|0x000000008b900000, 0x000000008ba00000, 0x000000008ba00000|100%| O|  |TAMS 0x000000008ba00000, 0x000000008b900000| Untracked 
| 186|0x000000008ba00000, 0x000000008bb00000, 0x000000008bb00000|100%| O|  |TAMS 0x000000008bb00000, 0x000000008ba00000| Untracked 
| 187|0x000000008bb00000, 0x000000008bc00000, 0x000000008bc00000|100%| O|  |TAMS 0x000000008bc00000, 0x000000008bb00000| Untracked 
| 188|0x000000008bc00000, 0x000000008bd00000, 0x000000008bd00000|100%| O|  |TAMS 0x000000008bd00000, 0x000000008bc00000| Untracked 
| 189|0x000000008bd00000, 0x000000008be00000, 0x000000008be00000|100%| O|  |TAMS 0x000000008be00000, 0x000000008bd00000| Untracked 
| 190|0x000000008be00000, 0x000000008bf00000, 0x000000008bf00000|100%| O|  |TAMS 0x000000008bf00000, 0x000000008be00000| Untracked 
| 191|0x000000008bf00000, 0x000000008c000000, 0x000000008c000000|100%| O|  |TAMS 0x000000008c000000, 0x000000008bf00000| Untracked 
| 192|0x000000008c000000, 0x000000008c100000, 0x000000008c100000|100%| O|  |TAMS 0x000000008c100000, 0x000000008c000000| Untracked 
| 193|0x000000008c100000, 0x000000008c200000, 0x000000008c200000|100%| O|  |TAMS 0x000000008c200000, 0x000000008c100000| Untracked 
| 194|0x000000008c200000, 0x000000008c300000, 0x000000008c300000|100%| O|  |TAMS 0x000000008c300000, 0x000000008c200000| Untracked 
| 195|0x000000008c300000, 0x000000008c400000, 0x000000008c400000|100%| O|  |TAMS 0x000000008c300000, 0x000000008c300000| Untracked 
| 196|0x000000008c400000, 0x000000008c500000, 0x000000008c500000|100%| O|  |TAMS 0x000000008c400000, 0x000000008c400000| Untracked 
| 197|0x000000008c500000, 0x000000008c600000, 0x000000008c600000|100%| O|  |TAMS 0x000000008c500000, 0x000000008c500000| Untracked 
| 198|0x000000008c600000, 0x000000008c700000, 0x000000008c700000|100%| O|  |TAMS 0x000000008c600000, 0x000000008c600000| Untracked 
| 199|0x000000008c700000, 0x000000008c800000, 0x000000008c800000|100%|HS|  |TAMS 0x000000008c700000, 0x000000008c700000| Complete 
| 200|0x000000008c800000, 0x000000008c900000, 0x000000008c900000|100%|HC|  |TAMS 0x000000008c800000, 0x000000008c800000| Complete 
| 201|0x000000008c900000, 0x000000008ca00000, 0x000000008ca00000|100%| O|  |TAMS 0x000000008c900000, 0x000000008c900000| Untracked 
| 202|0x000000008ca00000, 0x000000008cb00000, 0x000000008cb00000|100%| O|  |TAMS 0x000000008ca00000, 0x000000008ca00000| Untracked 
| 203|0x000000008cb00000, 0x000000008cc00000, 0x000000008cc00000|100%| O|  |TAMS 0x000000008cb00000, 0x000000008cb00000| Untracked 
| 204|0x000000008cc00000, 0x000000008cd00000, 0x000000008cd00000|100%| O|  |TAMS 0x000000008cd00000, 0x000000008cc00000| Untracked 
| 205|0x000000008cd00000, 0x000000008ce00000, 0x000000008ce00000|100%|HS|  |TAMS 0x000000008cd00000, 0x000000008cd00000| Complete 
| 206|0x000000008ce00000, 0x000000008cf00000, 0x000000008cf00000|100%| O|  |TAMS 0x000000008cf00000, 0x000000008ce00000| Untracked 
| 207|0x000000008cf00000, 0x000000008d000000, 0x000000008d000000|100%| O|  |TAMS 0x000000008d000000, 0x000000008cf00000| Untracked 
| 208|0x000000008d000000, 0x000000008d100000, 0x000000008d100000|100%| O|  |TAMS 0x000000008d000000, 0x000000008d000000| Untracked 
| 209|0x000000008d100000, 0x000000008d200000, 0x000000008d200000|100%| O|  |TAMS 0x000000008d100000, 0x000000008d100000| Untracked 
| 210|0x000000008d200000, 0x000000008d300000, 0x000000008d300000|100%| O|  |TAMS 0x000000008d200000, 0x000000008d200000| Untracked 
| 211|0x000000008d300000, 0x000000008d400000, 0x000000008d400000|100%|HS|  |TAMS 0x000000008d300000, 0x000000008d300000| Complete 
| 212|0x000000008d400000, 0x000000008d500000, 0x000000008d500000|100%| O|  |TAMS 0x000000008d400000, 0x000000008d400000| Untracked 
| 213|0x000000008d500000, 0x000000008d600000, 0x000000008d600000|100%| O|  |TAMS 0x000000008d600000, 0x000000008d500000| Untracked 
| 214|0x000000008d600000, 0x000000008d700000, 0x000000008d700000|100%|HS|  |TAMS 0x000000008d600000, 0x000000008d600000| Complete 
| 215|0x000000008d700000, 0x000000008d800000, 0x000000008d800000|100%|HC|  |TAMS 0x000000008d700000, 0x000000008d700000| Complete 
| 216|0x000000008d800000, 0x000000008d900000, 0x000000008d900000|100%| O|  |TAMS 0x000000008d900000, 0x000000008d800000| Untracked 
| 217|0x000000008d900000, 0x000000008da00000, 0x000000008da00000|100%|HS|  |TAMS 0x000000008d900000, 0x000000008d900000| Complete 
| 218|0x000000008da00000, 0x000000008db00000, 0x000000008db00000|100%|HC|  |TAMS 0x000000008da00000, 0x000000008da00000| Complete 
| 219|0x000000008db00000, 0x000000008dc00000, 0x000000008dc00000|100%|HC|  |TAMS 0x000000008db00000, 0x000000008db00000| Complete 
| 220|0x000000008dc00000, 0x000000008dd00000, 0x000000008dd00000|100%| O|  |TAMS 0x000000008dc00000, 0x000000008dc00000| Untracked 
| 221|0x000000008dd00000, 0x000000008de00000, 0x000000008de00000|100%| O|  |TAMS 0x000000008dd00000, 0x000000008dd00000| Untracked 
| 222|0x000000008de00000, 0x000000008df00000, 0x000000008df00000|100%| O|  |TAMS 0x000000008de00000, 0x000000008de00000| Untracked 
| 223|0x000000008df00000, 0x000000008e000000, 0x000000008e000000|100%| O|  |TAMS 0x000000008df00000, 0x000000008df00000| Untracked 
| 224|0x000000008e000000, 0x000000008e100000, 0x000000008e100000|100%| O|  |TAMS 0x000000008e000000, 0x000000008e000000| Untracked 
| 225|0x000000008e100000, 0x000000008e200000, 0x000000008e200000|100%| O|  |TAMS 0x000000008e100000, 0x000000008e100000| Untracked 
| 226|0x000000008e200000, 0x000000008e300000, 0x000000008e300000|100%| O|  |TAMS 0x000000008e300000, 0x000000008e200000| Untracked 
| 227|0x000000008e300000, 0x000000008e400000, 0x000000008e400000|100%| O|  |TAMS 0x000000008e400000, 0x000000008e300000| Untracked 
| 228|0x000000008e400000, 0x000000008e500000, 0x000000008e500000|100%| O|  |TAMS 0x000000008e500000, 0x000000008e400000| Untracked 
| 229|0x000000008e500000, 0x000000008e600000, 0x000000008e600000|100%| O|  |TAMS 0x000000008e600000, 0x000000008e500000| Untracked 
| 230|0x000000008e600000, 0x000000008e700000, 0x000000008e700000|100%| O|  |TAMS 0x000000008e700000, 0x000000008e600000| Untracked 
| 231|0x000000008e700000, 0x000000008e800000, 0x000000008e800000|100%| O|  |TAMS 0x000000008e800000, 0x000000008e700000| Untracked 
| 232|0x000000008e800000, 0x000000008e900000, 0x000000008e900000|100%| O|  |TAMS 0x000000008e900000, 0x000000008e800000| Untracked 
| 233|0x000000008e900000, 0x000000008ea00000, 0x000000008ea00000|100%| O|  |TAMS 0x000000008e900000, 0x000000008e900000| Untracked 
| 234|0x000000008ea00000, 0x000000008eb00000, 0x000000008eb00000|100%|HS|  |TAMS 0x000000008ea00000, 0x000000008ea00000| Complete 
| 235|0x000000008eb00000, 0x000000008ec00000, 0x000000008ec00000|100%| O|  |TAMS 0x000000008eb00000, 0x000000008eb00000| Untracked 
| 236|0x000000008ec00000, 0x000000008ed00000, 0x000000008ed00000|100%| O|  |TAMS 0x000000008ec00000, 0x000000008ec00000| Untracked 
| 237|0x000000008ed00000, 0x000000008ee00000, 0x000000008ee00000|100%| O|  |TAMS 0x000000008ed00000, 0x000000008ed00000| Untracked 
| 238|0x000000008ee00000, 0x000000008ef00000, 0x000000008ef00000|100%| O|  |TAMS 0x000000008ee00000, 0x000000008ee00000| Untracked 
| 239|0x000000008ef00000, 0x000000008f000000, 0x000000008f000000|100%| O|  |TAMS 0x000000008f000000, 0x000000008ef00000| Untracked 
| 240|0x000000008f000000, 0x000000008f100000, 0x000000008f100000|100%| O|  |TAMS 0x000000008f100000, 0x000000008f000000| Untracked 
| 241|0x000000008f100000, 0x000000008f200000, 0x000000008f200000|100%| O|  |TAMS 0x000000008f1f6400, 0x000000008f100000| Untracked 
| 242|0x000000008f200000, 0x000000008f300000, 0x000000008f300000|100%|HS|  |TAMS 0x000000008f300000, 0x000000008f200000| Complete 
| 243|0x000000008f300000, 0x000000008f400000, 0x000000008f400000|100%|HC|  |TAMS 0x000000008f400000, 0x000000008f300000| Complete 
| 244|0x000000008f400000, 0x000000008f500000, 0x000000008f500000|100%|HC|  |TAMS 0x000000008f500000, 0x000000008f400000| Complete 
| 245|0x000000008f500000, 0x000000008f600000, 0x000000008f600000|100%|HS|  |TAMS 0x000000008f600000, 0x000000008f500000| Complete 
| 246|0x000000008f600000, 0x000000008f700000, 0x000000008f700000|100%|HC|  |TAMS 0x000000008f700000, 0x000000008f600000| Complete 
| 247|0x000000008f700000, 0x000000008f800000, 0x000000008f800000|100%|HS|  |TAMS 0x000000008f800000, 0x000000008f700000| Complete 
| 248|0x000000008f800000, 0x000000008f900000, 0x000000008f900000|100%|HS|  |TAMS 0x000000008f900000, 0x000000008f800000| Complete 
| 249|0x000000008f900000, 0x000000008fa00000, 0x000000008fa00000|100%|HS|  |TAMS 0x000000008fa00000, 0x000000008f900000| Complete 
| 250|0x000000008fa00000, 0x000000008fb00000, 0x000000008fb00000|100%|HC|  |TAMS 0x000000008fb00000, 0x000000008fa00000| Complete 
| 251|0x000000008fb00000, 0x000000008fc00000, 0x000000008fc00000|100%|HS|  |TAMS 0x000000008fc00000, 0x000000008fb00000| Complete 
| 252|0x000000008fc00000, 0x000000008fd00000, 0x000000008fd00000|100%|HS|  |TAMS 0x000000008fd00000, 0x000000008fc00000| Complete 
| 253|0x000000008fd00000, 0x000000008fe00000, 0x000000008fe00000|100%|HC|  |TAMS 0x000000008fe00000, 0x000000008fd00000| Complete 
| 254|0x000000008fe00000, 0x000000008ff00000, 0x000000008ff00000|100%|HS|  |TAMS 0x000000008ff00000, 0x000000008fe00000| Complete 
| 255|0x000000008ff00000, 0x0000000090000000, 0x0000000090000000|100%|HC|  |TAMS 0x0000000090000000, 0x000000008ff00000| Complete 
| 256|0x0000000090000000, 0x0000000090100000, 0x0000000090100000|100%| O|  |TAMS 0x0000000090000000, 0x0000000090000000| Untracked 
| 257|0x0000000090100000, 0x0000000090200000, 0x0000000090200000|100%| O|  |TAMS 0x0000000090100000, 0x0000000090100000| Untracked 
| 258|0x0000000090200000, 0x0000000090300000, 0x0000000090300000|100%| O|  |TAMS 0x0000000090200000, 0x0000000090200000| Untracked 
| 259|0x0000000090300000, 0x0000000090400000, 0x0000000090400000|100%| O|  |TAMS 0x0000000090300000, 0x0000000090300000| Untracked 
| 260|0x0000000090400000, 0x0000000090500000, 0x0000000090500000|100%|HS|  |TAMS 0x0000000090400000, 0x0000000090400000| Complete 
| 261|0x0000000090500000, 0x0000000090600000, 0x0000000090600000|100%|HC|  |TAMS 0x0000000090500000, 0x0000000090500000| Complete 
| 262|0x0000000090600000, 0x0000000090700000, 0x0000000090700000|100%|HC|  |TAMS 0x0000000090600000, 0x0000000090600000| Complete 
| 263|0x0000000090700000, 0x0000000090800000, 0x0000000090800000|100%|HS|  |TAMS 0x0000000090700000, 0x0000000090700000| Complete 
| 264|0x0000000090800000, 0x0000000090900000, 0x0000000090900000|100%|HC|  |TAMS 0x0000000090800000, 0x0000000090800000| Complete 
| 265|0x0000000090900000, 0x0000000090a00000, 0x0000000090a00000|100%|HC|  |TAMS 0x0000000090900000, 0x0000000090900000| Complete 
| 266|0x0000000090a00000, 0x0000000090b00000, 0x0000000090b00000|100%|HS|  |TAMS 0x0000000090a00000, 0x0000000090a00000| Complete 
| 267|0x0000000090b00000, 0x0000000090c00000, 0x0000000090c00000|100%|HC|  |TAMS 0x0000000090b00000, 0x0000000090b00000| Complete 
| 268|0x0000000090c00000, 0x0000000090d00000, 0x0000000090d00000|100%| O|  |TAMS 0x0000000090c00000, 0x0000000090c00000| Untracked 
| 269|0x0000000090d00000, 0x0000000090e00000, 0x0000000090e00000|100%|HS|  |TAMS 0x0000000090d00000, 0x0000000090d00000| Complete 
| 270|0x0000000090e00000, 0x0000000090f00000, 0x0000000090f00000|100%| O|  |TAMS 0x0000000090e00000, 0x0000000090e00000| Untracked 
| 271|0x0000000090f00000, 0x0000000091000000, 0x0000000091000000|100%| O|  |TAMS 0x0000000090f00000, 0x0000000090f00000| Untracked 
| 272|0x0000000091000000, 0x0000000091100000, 0x0000000091100000|100%| O|  |TAMS 0x0000000091000000, 0x0000000091000000| Untracked 
| 273|0x0000000091100000, 0x0000000091200000, 0x0000000091200000|100%|HS|  |TAMS 0x0000000091100000, 0x0000000091100000| Complete 
| 274|0x0000000091200000, 0x0000000091300000, 0x0000000091300000|100%|HC|  |TAMS 0x0000000091200000, 0x0000000091200000| Complete 
| 275|0x0000000091300000, 0x0000000091400000, 0x0000000091400000|100%| O|  |TAMS 0x0000000091300000, 0x0000000091300000| Untracked 
| 276|0x0000000091400000, 0x0000000091500000, 0x0000000091500000|100%|HS|  |TAMS 0x0000000091400000, 0x0000000091400000| Complete 
| 277|0x0000000091500000, 0x0000000091600000, 0x0000000091600000|100%| O|  |TAMS 0x0000000091500000, 0x0000000091500000| Untracked 
| 278|0x0000000091600000, 0x0000000091700000, 0x0000000091700000|100%| O|  |TAMS 0x0000000091600000, 0x0000000091600000| Untracked 
| 279|0x0000000091700000, 0x0000000091800000, 0x0000000091800000|100%| O|  |TAMS 0x0000000091700000, 0x0000000091700000| Untracked 
| 280|0x0000000091800000, 0x0000000091900000, 0x0000000091900000|100%|HS|  |TAMS 0x0000000091800000, 0x0000000091800000| Complete 
| 281|0x0000000091900000, 0x0000000091a00000, 0x0000000091a00000|100%|HC|  |TAMS 0x0000000091900000, 0x0000000091900000| Complete 
| 282|0x0000000091a00000, 0x0000000091b00000, 0x0000000091b00000|100%| O|  |TAMS 0x0000000091a00000, 0x0000000091a00000| Untracked 
| 283|0x0000000091b00000, 0x0000000091c00000, 0x0000000091c00000|100%| O|  |TAMS 0x0000000091b00000, 0x0000000091b00000| Untracked 
| 284|0x0000000091c00000, 0x0000000091d00000, 0x0000000091d00000|100%| O|  |TAMS 0x0000000091c00000, 0x0000000091c00000| Untracked 
| 285|0x0000000091d00000, 0x0000000091e00000, 0x0000000091e00000|100%| O|  |TAMS 0x0000000091d00000, 0x0000000091d00000| Untracked 
| 286|0x0000000091e00000, 0x0000000091f00000, 0x0000000091f00000|100%| O|  |TAMS 0x0000000091e00000, 0x0000000091e00000| Untracked 
| 287|0x0000000091f00000, 0x0000000092000000, 0x0000000092000000|100%| O|  |TAMS 0x0000000091f00000, 0x0000000091f00000| Untracked 
| 288|0x0000000092000000, 0x0000000092100000, 0x0000000092100000|100%| O|  |TAMS 0x0000000092000000, 0x0000000092000000| Untracked 
| 289|0x0000000092100000, 0x0000000092200000, 0x0000000092200000|100%| O|  |TAMS 0x0000000092100000, 0x0000000092100000| Untracked 
| 290|0x0000000092200000, 0x0000000092300000, 0x0000000092300000|100%| O|  |TAMS 0x0000000092200000, 0x0000000092200000| Untracked 
| 291|0x0000000092300000, 0x0000000092400000, 0x0000000092400000|100%| O|  |TAMS 0x0000000092300000, 0x0000000092300000| Untracked 
| 292|0x0000000092400000, 0x0000000092500000, 0x0000000092500000|100%| O|  |TAMS 0x0000000092400000, 0x0000000092400000| Untracked 
| 293|0x0000000092500000, 0x0000000092600000, 0x0000000092600000|100%| O|  |TAMS 0x0000000092500000, 0x0000000092500000| Untracked 
| 294|0x0000000092600000, 0x0000000092700000, 0x0000000092700000|100%| O|  |TAMS 0x0000000092600000, 0x0000000092600000| Untracked 
| 295|0x0000000092700000, 0x0000000092800000, 0x0000000092800000|100%| O|  |TAMS 0x0000000092700000, 0x0000000092700000| Untracked 
| 296|0x0000000092800000, 0x0000000092900000, 0x0000000092900000|100%| O|  |TAMS 0x0000000092800000, 0x0000000092800000| Untracked 
| 297|0x0000000092900000, 0x0000000092a00000, 0x0000000092a00000|100%| O|  |TAMS 0x0000000092900000, 0x0000000092900000| Untracked 
| 298|0x0000000092a00000, 0x0000000092b00000, 0x0000000092b00000|100%| O|  |TAMS 0x0000000092a00000, 0x0000000092a00000| Untracked 
| 299|0x0000000092b00000, 0x0000000092c00000, 0x0000000092c00000|100%| O|  |TAMS 0x0000000092b00000, 0x0000000092b00000| Untracked 
| 300|0x0000000092c00000, 0x0000000092d00000, 0x0000000092d00000|100%| O|  |TAMS 0x0000000092c00000, 0x0000000092c00000| Untracked 
| 301|0x0000000092d00000, 0x0000000092e00000, 0x0000000092e00000|100%| O|  |TAMS 0x0000000092d00000, 0x0000000092d00000| Untracked 
| 302|0x0000000092e00000, 0x0000000092f00000, 0x0000000092f00000|100%| O|  |TAMS 0x0000000092e00000, 0x0000000092e00000| Untracked 
| 303|0x0000000092f00000, 0x0000000093000000, 0x0000000093000000|100%| O|  |TAMS 0x0000000092f00000, 0x0000000092f00000| Untracked 
| 304|0x0000000093000000, 0x0000000093100000, 0x0000000093100000|100%| O|  |TAMS 0x0000000093000000, 0x0000000093000000| Untracked 
| 305|0x0000000093100000, 0x0000000093200000, 0x0000000093200000|100%| O|  |TAMS 0x0000000093100000, 0x0000000093100000| Untracked 
| 306|0x0000000093200000, 0x0000000093300000, 0x0000000093300000|100%| O|  |TAMS 0x0000000093200000, 0x0000000093200000| Untracked 
| 307|0x0000000093300000, 0x0000000093400000, 0x0000000093400000|100%| O|  |TAMS 0x0000000093300000, 0x0000000093300000| Untracked 
| 308|0x0000000093400000, 0x0000000093500000, 0x0000000093500000|100%| O|  |TAMS 0x0000000093400000, 0x0000000093400000| Untracked 
| 309|0x0000000093500000, 0x0000000093600000, 0x0000000093600000|100%| O|  |TAMS 0x0000000093500000, 0x0000000093500000| Untracked 
| 310|0x0000000093600000, 0x0000000093700000, 0x0000000093700000|100%| O|  |TAMS 0x0000000093600000, 0x0000000093600000| Untracked 
| 311|0x0000000093700000, 0x0000000093800000, 0x0000000093800000|100%| O|  |TAMS 0x0000000093700000, 0x0000000093700000| Untracked 
| 312|0x0000000093800000, 0x0000000093900000, 0x0000000093900000|100%| O|  |TAMS 0x0000000093800000, 0x0000000093800000| Untracked 
| 313|0x0000000093900000, 0x0000000093a00000, 0x0000000093a00000|100%| O|  |TAMS 0x0000000093900000, 0x0000000093900000| Untracked 
| 314|0x0000000093a00000, 0x0000000093b00000, 0x0000000093b00000|100%| O|  |TAMS 0x0000000093a00000, 0x0000000093a00000| Untracked 
| 315|0x0000000093b00000, 0x0000000093c00000, 0x0000000093c00000|100%| O|  |TAMS 0x0000000093b00000, 0x0000000093b00000| Untracked 
| 316|0x0000000093c00000, 0x0000000093d00000, 0x0000000093d00000|100%| O|  |TAMS 0x0000000093c00000, 0x0000000093c00000| Untracked 
| 317|0x0000000093d00000, 0x0000000093e00000, 0x0000000093e00000|100%| O|  |TAMS 0x0000000093d00000, 0x0000000093d00000| Untracked 
| 318|0x0000000093e00000, 0x0000000093f00000, 0x0000000093f00000|100%| O|  |TAMS 0x0000000093e00000, 0x0000000093e00000| Untracked 
| 319|0x0000000093f00000, 0x0000000094000000, 0x0000000094000000|100%| O|  |TAMS 0x0000000093f00000, 0x0000000093f00000| Untracked 
| 320|0x0000000094000000, 0x0000000094100000, 0x0000000094100000|100%| O|  |TAMS 0x0000000094000000, 0x0000000094000000| Untracked 
| 321|0x0000000094100000, 0x0000000094200000, 0x0000000094200000|100%| O|  |TAMS 0x0000000094100000, 0x0000000094100000| Untracked 
| 322|0x0000000094200000, 0x0000000094300000, 0x0000000094300000|100%| O|  |TAMS 0x0000000094200000, 0x0000000094200000| Untracked 
| 323|0x0000000094300000, 0x0000000094400000, 0x0000000094400000|100%| O|  |TAMS 0x0000000094300000, 0x0000000094300000| Untracked 
| 324|0x0000000094400000, 0x0000000094500000, 0x0000000094500000|100%| O|  |TAMS 0x0000000094400000, 0x0000000094400000| Untracked 
| 325|0x0000000094500000, 0x0000000094600000, 0x0000000094600000|100%| O|  |TAMS 0x0000000094500000, 0x0000000094500000| Untracked 
| 326|0x0000000094600000, 0x0000000094700000, 0x0000000094700000|100%| O|  |TAMS 0x0000000094600000, 0x0000000094600000| Untracked 
| 327|0x0000000094700000, 0x0000000094800000, 0x0000000094800000|100%| O|  |TAMS 0x0000000094700000, 0x0000000094700000| Untracked 
| 328|0x0000000094800000, 0x0000000094900000, 0x0000000094900000|100%| O|  |TAMS 0x0000000094800000, 0x0000000094800000| Untracked 
| 329|0x0000000094900000, 0x0000000094a00000, 0x0000000094a00000|100%| O|  |TAMS 0x0000000094900000, 0x0000000094900000| Untracked 
| 330|0x0000000094a00000, 0x0000000094b00000, 0x0000000094b00000|100%| O|  |TAMS 0x0000000094a00000, 0x0000000094a00000| Untracked 
| 331|0x0000000094b00000, 0x0000000094c00000, 0x0000000094c00000|100%| O|  |TAMS 0x0000000094b00000, 0x0000000094b00000| Untracked 
| 332|0x0000000094c00000, 0x0000000094d00000, 0x0000000094d00000|100%| O|  |TAMS 0x0000000094c00000, 0x0000000094c00000| Untracked 
| 333|0x0000000094d00000, 0x0000000094e00000, 0x0000000094e00000|100%| O|  |TAMS 0x0000000094d00000, 0x0000000094d00000| Untracked 
| 334|0x0000000094e00000, 0x0000000094f00000, 0x0000000094f00000|100%| O|  |TAMS 0x0000000094e00000, 0x0000000094e00000| Untracked 
| 335|0x0000000094f00000, 0x0000000095000000, 0x0000000095000000|100%| O|  |TAMS 0x0000000094f00000, 0x0000000094f00000| Untracked 
| 336|0x0000000095000000, 0x0000000095100000, 0x0000000095100000|100%| O|  |TAMS 0x0000000095000000, 0x0000000095000000| Untracked 
| 337|0x0000000095100000, 0x0000000095200000, 0x0000000095200000|100%| O|  |TAMS 0x0000000095100000, 0x0000000095100000| Untracked 
| 338|0x0000000095200000, 0x0000000095300000, 0x0000000095300000|100%| O|  |TAMS 0x0000000095200000, 0x0000000095200000| Untracked 
| 339|0x0000000095300000, 0x0000000095400000, 0x0000000095400000|100%| O|  |TAMS 0x0000000095300000, 0x0000000095300000| Untracked 
| 340|0x0000000095400000, 0x0000000095500000, 0x0000000095500000|100%| O|  |TAMS 0x0000000095400000, 0x0000000095400000| Untracked 
| 341|0x0000000095500000, 0x0000000095600000, 0x0000000095600000|100%| O|  |TAMS 0x0000000095500000, 0x0000000095500000| Untracked 
| 342|0x0000000095600000, 0x0000000095700000, 0x0000000095700000|100%| O|  |TAMS 0x0000000095600000, 0x0000000095600000| Untracked 
| 343|0x0000000095700000, 0x0000000095800000, 0x0000000095800000|100%| O|  |TAMS 0x0000000095700000, 0x0000000095700000| Untracked 
| 344|0x0000000095800000, 0x0000000095900000, 0x0000000095900000|100%| O|  |TAMS 0x0000000095800000, 0x0000000095800000| Untracked 
| 345|0x0000000095900000, 0x0000000095a00000, 0x0000000095a00000|100%| O|  |TAMS 0x0000000095900000, 0x0000000095900000| Untracked 
| 346|0x0000000095a00000, 0x0000000095b00000, 0x0000000095b00000|100%| O|  |TAMS 0x0000000095a00000, 0x0000000095a00000| Untracked 
| 347|0x0000000095b00000, 0x0000000095c00000, 0x0000000095c00000|100%| O|  |TAMS 0x0000000095b00000, 0x0000000095b00000| Untracked 
| 348|0x0000000095c00000, 0x0000000095d00000, 0x0000000095d00000|100%| O|  |TAMS 0x0000000095c00000, 0x0000000095c00000| Untracked 
| 349|0x0000000095d00000, 0x0000000095e00000, 0x0000000095e00000|100%| O|  |TAMS 0x0000000095d00000, 0x0000000095d00000| Untracked 
| 350|0x0000000095e00000, 0x0000000095f00000, 0x0000000095f00000|100%| O|  |TAMS 0x0000000095e00000, 0x0000000095e00000| Untracked 
| 351|0x0000000095f00000, 0x0000000096000000, 0x0000000096000000|100%| O|  |TAMS 0x0000000095f00000, 0x0000000095f00000| Untracked 
| 352|0x0000000096000000, 0x0000000096100000, 0x0000000096100000|100%| O|  |TAMS 0x0000000096000000, 0x0000000096000000| Untracked 
| 353|0x0000000096100000, 0x0000000096200000, 0x0000000096200000|100%| O|  |TAMS 0x0000000096100000, 0x0000000096100000| Untracked 
| 354|0x0000000096200000, 0x0000000096300000, 0x0000000096300000|100%| O|  |TAMS 0x0000000096200000, 0x0000000096200000| Untracked 
| 355|0x0000000096300000, 0x0000000096380000, 0x0000000096400000| 50%| O|  |TAMS 0x0000000096300000, 0x0000000096300000| Untracked 
| 356|0x0000000096400000, 0x0000000096400000, 0x0000000096500000|  0%| F|  |TAMS 0x0000000096400000, 0x0000000096400000| Untracked 
| 357|0x0000000096500000, 0x0000000096500000, 0x0000000096600000|  0%| F|  |TAMS 0x0000000096500000, 0x0000000096500000| Untracked 
| 358|0x0000000096600000, 0x0000000096600000, 0x0000000096700000|  0%| F|  |TAMS 0x0000000096600000, 0x0000000096600000| Untracked 
| 359|0x0000000096700000, 0x0000000096700000, 0x0000000096800000|  0%| F|  |TAMS 0x0000000096700000, 0x0000000096700000| Untracked 
| 360|0x0000000096800000, 0x0000000096800000, 0x0000000096900000|  0%| F|  |TAMS 0x0000000096800000, 0x0000000096800000| Untracked 
| 361|0x0000000096900000, 0x0000000096900000, 0x0000000096a00000|  0%| F|  |TAMS 0x0000000096900000, 0x0000000096900000| Untracked 
| 362|0x0000000096a00000, 0x0000000096a00000, 0x0000000096b00000|  0%| F|  |TAMS 0x0000000096a00000, 0x0000000096a00000| Untracked 
| 363|0x0000000096b00000, 0x0000000096b00000, 0x0000000096c00000|  0%| F|  |TAMS 0x0000000096b00000, 0x0000000096b00000| Untracked 
| 364|0x0000000096c00000, 0x0000000096c00000, 0x0000000096d00000|  0%| F|  |TAMS 0x0000000096c00000, 0x0000000096c00000| Untracked 
| 365|0x0000000096d00000, 0x0000000096d00000, 0x0000000096e00000|  0%| F|  |TAMS 0x0000000096d00000, 0x0000000096d00000| Untracked 
| 366|0x0000000096e00000, 0x0000000096e00000, 0x0000000096f00000|  0%| F|  |TAMS 0x0000000096e00000, 0x0000000096e00000| Untracked 
| 367|0x0000000096f00000, 0x0000000096f00000, 0x0000000097000000|  0%| F|  |TAMS 0x0000000096f00000, 0x0000000096f00000| Untracked 
| 368|0x0000000097000000, 0x0000000097000000, 0x0000000097100000|  0%| F|  |TAMS 0x0000000097000000, 0x0000000097000000| Untracked 
| 369|0x0000000097100000, 0x0000000097100000, 0x0000000097200000|  0%| F|  |TAMS 0x0000000097100000, 0x0000000097100000| Untracked 
| 370|0x0000000097200000, 0x0000000097200000, 0x0000000097300000|  0%| F|  |TAMS 0x0000000097200000, 0x0000000097200000| Untracked 
| 371|0x0000000097300000, 0x0000000097300000, 0x0000000097400000|  0%| F|  |TAMS 0x0000000097300000, 0x0000000097300000| Untracked 
| 372|0x0000000097400000, 0x0000000097400000, 0x0000000097500000|  0%| F|  |TAMS 0x0000000097400000, 0x0000000097400000| Untracked 
| 373|0x0000000097500000, 0x0000000097500000, 0x0000000097600000|  0%| F|  |TAMS 0x0000000097500000, 0x0000000097500000| Untracked 
| 374|0x0000000097600000, 0x0000000097600000, 0x0000000097700000|  0%| F|  |TAMS 0x0000000097600000, 0x0000000097600000| Untracked 
| 375|0x0000000097700000, 0x0000000097700000, 0x0000000097800000|  0%| F|  |TAMS 0x0000000097700000, 0x0000000097700000| Untracked 
| 376|0x0000000097800000, 0x0000000097800000, 0x0000000097900000|  0%| F|  |TAMS 0x0000000097800000, 0x0000000097800000| Untracked 
| 377|0x0000000097900000, 0x0000000097900000, 0x0000000097a00000|  0%| F|  |TAMS 0x0000000097900000, 0x0000000097900000| Untracked 
| 378|0x0000000097a00000, 0x0000000097a00000, 0x0000000097b00000|  0%| F|  |TAMS 0x0000000097a00000, 0x0000000097a00000| Untracked 
| 379|0x0000000097b00000, 0x0000000097b00000, 0x0000000097c00000|  0%| F|  |TAMS 0x0000000097b00000, 0x0000000097b00000| Untracked 
| 380|0x0000000097c00000, 0x0000000097c00000, 0x0000000097d00000|  0%| F|  |TAMS 0x0000000097c00000, 0x0000000097c00000| Untracked 
| 381|0x0000000097d00000, 0x0000000097d00000, 0x0000000097e00000|  0%| F|  |TAMS 0x0000000097d00000, 0x0000000097d00000| Untracked 
| 382|0x0000000097e00000, 0x0000000097e00000, 0x0000000097f00000|  0%| F|  |TAMS 0x0000000097e00000, 0x0000000097e00000| Untracked 
| 383|0x0000000097f00000, 0x0000000097f00000, 0x0000000098000000|  0%| F|  |TAMS 0x0000000097f00000, 0x0000000097f00000| Untracked 
| 384|0x0000000098000000, 0x0000000098000000, 0x0000000098100000|  0%| F|  |TAMS 0x0000000098000000, 0x0000000098000000| Untracked 
| 385|0x0000000098100000, 0x0000000098100000, 0x0000000098200000|  0%| F|  |TAMS 0x0000000098100000, 0x0000000098100000| Untracked 
| 386|0x0000000098200000, 0x0000000098200000, 0x0000000098300000|  0%| F|  |TAMS 0x0000000098200000, 0x0000000098200000| Untracked 
| 387|0x0000000098300000, 0x0000000098300000, 0x0000000098400000|  0%| F|  |TAMS 0x0000000098300000, 0x0000000098300000| Untracked 
| 388|0x0000000098400000, 0x0000000098400000, 0x0000000098500000|  0%| F|  |TAMS 0x0000000098400000, 0x0000000098400000| Untracked 
| 389|0x0000000098500000, 0x0000000098500000, 0x0000000098600000|  0%| F|  |TAMS 0x0000000098500000, 0x0000000098500000| Untracked 
| 390|0x0000000098600000, 0x0000000098600000, 0x0000000098700000|  0%| F|  |TAMS 0x0000000098600000, 0x0000000098600000| Untracked 
| 391|0x0000000098700000, 0x0000000098700000, 0x0000000098800000|  0%| F|  |TAMS 0x0000000098700000, 0x0000000098700000| Untracked 
| 392|0x0000000098800000, 0x0000000098800000, 0x0000000098900000|  0%| F|  |TAMS 0x0000000098800000, 0x0000000098800000| Untracked 
| 393|0x0000000098900000, 0x0000000098900000, 0x0000000098a00000|  0%| F|  |TAMS 0x0000000098900000, 0x0000000098900000| Untracked 
| 394|0x0000000098a00000, 0x0000000098a00000, 0x0000000098b00000|  0%| F|  |TAMS 0x0000000098a00000, 0x0000000098a00000| Untracked 
| 395|0x0000000098b00000, 0x0000000098b00000, 0x0000000098c00000|  0%| F|  |TAMS 0x0000000098b00000, 0x0000000098b00000| Untracked 
| 396|0x0000000098c00000, 0x0000000098c00000, 0x0000000098d00000|  0%| F|  |TAMS 0x0000000098c00000, 0x0000000098c00000| Untracked 
| 397|0x0000000098d00000, 0x0000000098d00000, 0x0000000098e00000|  0%| F|  |TAMS 0x0000000098d00000, 0x0000000098d00000| Untracked 
| 398|0x0000000098e00000, 0x0000000098e00000, 0x0000000098f00000|  0%| F|  |TAMS 0x0000000098e00000, 0x0000000098e00000| Untracked 
| 399|0x0000000098f00000, 0x0000000098f00000, 0x0000000099000000|  0%| F|  |TAMS 0x0000000098f00000, 0x0000000098f00000| Untracked 
| 400|0x0000000099000000, 0x0000000099000000, 0x0000000099100000|  0%| F|  |TAMS 0x0000000099000000, 0x0000000099000000| Untracked 
| 401|0x0000000099100000, 0x0000000099100000, 0x0000000099200000|  0%| F|  |TAMS 0x0000000099100000, 0x0000000099100000| Untracked 
| 402|0x0000000099200000, 0x0000000099200000, 0x0000000099300000|  0%| F|  |TAMS 0x0000000099200000, 0x0000000099200000| Untracked 
| 403|0x0000000099300000, 0x0000000099300000, 0x0000000099400000|  0%| F|  |TAMS 0x0000000099300000, 0x0000000099300000| Untracked 
| 404|0x0000000099400000, 0x0000000099400000, 0x0000000099500000|  0%| F|  |TAMS 0x0000000099400000, 0x0000000099400000| Untracked 
| 405|0x0000000099500000, 0x00000000995a47c0, 0x0000000099600000| 64%| S|CS|TAMS 0x0000000099500000, 0x0000000099500000| Complete 
| 406|0x0000000099600000, 0x0000000099600000, 0x0000000099700000|  0%| F|  |TAMS 0x0000000099600000, 0x0000000099600000| Untracked 
| 407|0x0000000099700000, 0x0000000099700000, 0x0000000099800000|  0%| F|  |TAMS 0x0000000099700000, 0x0000000099700000| Untracked 
| 408|0x0000000099800000, 0x0000000099800000, 0x0000000099900000|  0%| F|  |TAMS 0x0000000099800000, 0x0000000099800000| Untracked 
| 409|0x0000000099900000, 0x0000000099900000, 0x0000000099a00000|  0%| F|  |TAMS 0x0000000099900000, 0x0000000099900000| Untracked 
| 410|0x0000000099a00000, 0x0000000099a00000, 0x0000000099b00000|  0%| F|  |TAMS 0x0000000099a00000, 0x0000000099a00000| Untracked 
| 411|0x0000000099b00000, 0x0000000099b00000, 0x0000000099c00000|  0%| F|  |TAMS 0x0000000099b00000, 0x0000000099b00000| Untracked 
| 412|0x0000000099c00000, 0x0000000099c00000, 0x0000000099d00000|  0%| F|  |TAMS 0x0000000099c00000, 0x0000000099c00000| Untracked 
| 413|0x0000000099d00000, 0x0000000099d00000, 0x0000000099e00000|  0%| F|  |TAMS 0x0000000099d00000, 0x0000000099d00000| Untracked 
| 414|0x0000000099e00000, 0x0000000099e00000, 0x0000000099f00000|  0%| F|  |TAMS 0x0000000099e00000, 0x0000000099e00000| Untracked 
| 415|0x0000000099f00000, 0x0000000099f00000, 0x000000009a000000|  0%| F|  |TAMS 0x0000000099f00000, 0x0000000099f00000| Untracked 
| 416|0x000000009a000000, 0x000000009a000000, 0x000000009a100000|  0%| F|  |TAMS 0x000000009a000000, 0x000000009a000000| Untracked 
| 417|0x000000009a100000, 0x000000009a100000, 0x000000009a200000|  0%| F|  |TAMS 0x000000009a100000, 0x000000009a100000| Untracked 
| 418|0x000000009a200000, 0x000000009a200000, 0x000000009a300000|  0%| F|  |TAMS 0x000000009a200000, 0x000000009a200000| Untracked 
| 419|0x000000009a300000, 0x000000009a300000, 0x000000009a400000|  0%| F|  |TAMS 0x000000009a300000, 0x000000009a300000| Untracked 
| 420|0x000000009a400000, 0x000000009a400000, 0x000000009a500000|  0%| F|  |TAMS 0x000000009a400000, 0x000000009a400000| Untracked 
| 421|0x000000009a500000, 0x000000009a500000, 0x000000009a600000|  0%| F|  |TAMS 0x000000009a500000, 0x000000009a500000| Untracked 
| 422|0x000000009a600000, 0x000000009a600000, 0x000000009a700000|  0%| F|  |TAMS 0x000000009a600000, 0x000000009a600000| Untracked 
| 423|0x000000009a700000, 0x000000009a700000, 0x000000009a800000|  0%| F|  |TAMS 0x000000009a700000, 0x000000009a700000| Untracked 
| 424|0x000000009a800000, 0x000000009a800000, 0x000000009a900000|  0%| F|  |TAMS 0x000000009a800000, 0x000000009a800000| Untracked 
| 425|0x000000009a900000, 0x000000009a900000, 0x000000009aa00000|  0%| F|  |TAMS 0x000000009a900000, 0x000000009a900000| Untracked 
| 426|0x000000009aa00000, 0x000000009aa00000, 0x000000009ab00000|  0%| F|  |TAMS 0x000000009aa00000, 0x000000009aa00000| Untracked 

Card table byte_map: [0x00000131f1c80000,0x00000131f2080000] _byte_map_base: 0x00000131f1880000

Marking Bits (Prev, Next): (CMBitMap*) 0x00000131dad5c730, (CMBitMap*) 0x00000131dad5c6f0
 Prev Bits: [0x00000131f4480000, 0x00000131f6480000)
 Next Bits: [0x00000131f2480000, 0x00000131f4480000)

Polling page: 0x00000131d8ad0000

Metaspace:

Usage:
  Non-class:    115.54 MB used.
      Class:     18.11 MB used.
       Both:    133.65 MB used.

Virtual space:
  Non-class space:      128.00 MB reserved,     116.25 MB ( 91%) committed,  2 nodes.
      Class space:      416.00 MB reserved,      18.69 MB (  4%) committed,  1 nodes.
             Both:      544.00 MB reserved,     134.94 MB ( 25%) committed. 

Chunk freelists:
   Non-Class:  11.47 MB
       Class:  13.27 MB
        Both:  24.73 MB

MaxMetaspaceSize: 512.00 MB
CompressedClassSpaceSize: 416.00 MB
Initial GC threshold: 21.00 MB
Current GC threshold: 212.31 MB
CDS: on
MetaspaceReclaimPolicy: balanced
 - commit_granule_bytes: 65536.
 - commit_granule_words: 8192.
 - virtual_space_node_default_size: 8388608.
 - enlarge_chunks_in_place: 1.
 - new_chunks_are_fully_committed: 0.
 - uncommit_free_chunks: 1.
 - use_allocation_guard: 0.
 - handle_deallocations: 1.


Internal statistics:

num_allocs_failed_limit: 6.
num_arena_births: 2038.
num_arena_deaths: 34.
num_vsnodes_births: 3.
num_vsnodes_deaths: 0.
num_space_committed: 2157.
num_space_uncommitted: 0.
num_chunks_returned_to_freelist: 58.
num_chunks_taken_from_freelist: 8292.
num_chunk_merges: 8.
num_chunk_splits: 5282.
num_chunks_enlarged: 3309.
num_inconsistent_stats: 0.

CodeHeap 'non-profiled nmethods': size=120000Kb used=12072Kb max_used=12072Kb free=107927Kb
 bounds [0x00000131ea350000, 0x00000131eaf30000, 0x00000131f1880000]
CodeHeap 'profiled nmethods': size=120000Kb used=33768Kb max_used=34319Kb free=86231Kb
 bounds [0x00000131e2880000, 0x00000131e4a30000, 0x00000131e9db0000]
CodeHeap 'non-nmethods': size=5760Kb used=2510Kb max_used=2593Kb free=3249Kb
 bounds [0x00000131e9db0000, 0x00000131ea050000, 0x00000131ea350000]
 total_blobs=18869 nmethods=17813 adapters=966
 compilation: enabled
              stopped_count=0, restarted_count=0
 full_count=0

Compilation events (20 events):
Event: 125.835 Thread 0x00000131f8943ee0 21975       2       java.lang.invoke.VarHandleReferences$Array::compareAndSet (71 bytes)
Event: 125.836 Thread 0x00000131f8943ee0 nmethod 21975 0x00000131e2946590 code [0x00000131e2946800, 0x00000131e29470c8]
Event: 125.836 Thread 0x00000131f8943ee0 21979       2       java.lang.invoke.VarHandleGuards::guard_LILL_Z (90 bytes)
Event: 125.838 Thread 0x00000131f8943ee0 nmethod 21979 0x00000131e389da10 code [0x00000131e389dca0, 0x00000131e389e828]
Event: 125.838 Thread 0x00000131f8943ee0 21992       2       com.android.tools.r8.internal.Mq::a (12 bytes)
Event: 125.838 Thread 0x00000131f8943ee0 nmethod 21992 0x00000131e4309290 code [0x00000131e4309440, 0x00000131e43095d8]
Event: 125.838 Thread 0x00000131f8943ee0 21999       2       com.android.tools.r8.internal.Tz::b (12 bytes)
Event: 125.838 Thread 0x00000131f8943ee0 nmethod 21999 0x00000131e4312a10 code [0x00000131e4312ba0, 0x00000131e4312cb8]
Event: 125.838 Thread 0x00000131f8943ee0 22055   !   2       com.android.tools.r8.internal.xr::a (72 bytes)
Event: 125.839 Thread 0x00000131f8943ee0 nmethod 22055 0x00000131e37d6910 code [0x00000131e37d6b20, 0x00000131e37d6ff8]
Event: 125.839 Thread 0x00000131f8943ee0 22056       2       java.util.concurrent.ForkJoinTask::isDone (13 bytes)
Event: 125.839 Thread 0x00000131f8943ee0 nmethod 22056 0x00000131e4329210 code [0x00000131e43293a0, 0x00000131e43294b8]
Event: 125.839 Thread 0x00000131f8943ee0 22057       2       com.android.tools.r8.internal.ti0$$Lambda$2676/0x000001318229f4e0::accept (11 bytes)
Event: 125.839 Thread 0x00000131f8943ee0 nmethod 22057 0x00000131e43f1910 code [0x00000131e43f1ac0, 0x00000131e43f1be8]
Event: 125.939 Thread 0x00000131f8943ee0 22059       3       java.util.concurrent.ForkJoinTask::isDone (13 bytes)
Event: 125.940 Thread 0x00000131f8943ee0 nmethod 22059 0x00000131e3d40990 code [0x00000131e3d40b20, 0x00000131e3d40c78]
Event: 125.940 Thread 0x00000131f8943ee0 22063   !   3       com.android.tools.r8.internal.xr::a (72 bytes)
Event: 125.941 Thread 0x00000131f8943ee0 nmethod 22063 0x00000131e384ec10 code [0x00000131e384ee40, 0x00000131e384f718]
Event: 126.065 Thread 0x00000131f8940590 nmethod 21855 0x00000131eaf16610 code [0x00000131eaf18100, 0x00000131eaf20fc0]
Event: 126.066 Thread 0x00000131f8940590 21872       4       com.android.tools.r8.dex.C::a (997 bytes)

GC Heap History (20 events):
Event: 105.744 GC heap after
{Heap after GC invocations=68 (full 0):
 garbage-first heap   total 306176K, used 248788K [0x0000000080000000, 0x0000000100000000)
  region size 1024K, 3 young (3072K), 3 survivors (3072K)
 Metaspace       used 128399K, committed 129792K, reserved 557056K
  class space    used 17195K, committed 17856K, reserved 425984K
}
Event: 107.402 GC heap before
{Heap before GC invocations=68 (full 0):
 garbage-first heap   total 306176K, used 268244K [0x0000000080000000, 0x0000000100000000)
  region size 1024K, 23 young (23552K), 3 survivors (3072K)
 Metaspace       used 128408K, committed 129792K, reserved 557056K
  class space    used 17195K, committed 17856K, reserved 425984K
}
Event: 107.409 GC heap after
{Heap after GC invocations=69 (full 0):
 garbage-first heap   total 306176K, used 249350K [0x0000000080000000, 0x0000000100000000)
  region size 1024K, 2 young (2048K), 2 survivors (2048K)
 Metaspace       used 128408K, committed 129792K, reserved 557056K
  class space    used 17195K, committed 17856K, reserved 425984K
}
Event: 110.405 GC heap before
{Heap before GC invocations=69 (full 0):
 garbage-first heap   total 306176K, used 283142K [0x0000000080000000, 0x0000000100000000)
  region size 1024K, 23 young (23552K), 2 survivors (2048K)
 Metaspace       used 128666K, committed 129984K, reserved 557056K
  class space    used 17224K, committed 17856K, reserved 425984K
}
Event: 110.425 GC heap after
{Heap after GC invocations=70 (full 0):
 garbage-first heap   total 306176K, used 268431K [0x0000000080000000, 0x0000000100000000)
  region size 1024K, 3 young (3072K), 3 survivors (3072K)
 Metaspace       used 128666K, committed 129984K, reserved 557056K
  class space    used 17224K, committed 17856K, reserved 425984K
}
Event: 115.380 GC heap before
{Heap before GC invocations=71 (full 0):
 garbage-first heap   total 437248K, used 274575K [0x0000000080000000, 0x0000000100000000)
  region size 1024K, 21 young (21504K), 3 survivors (3072K)
 Metaspace       used 130711K, committed 132032K, reserved 557056K
  class space    used 17538K, committed 18176K, reserved 425984K
}
Event: 115.400 GC heap after
{Heap after GC invocations=72 (full 0):
 garbage-first heap   total 437248K, used 257919K [0x0000000080000000, 0x0000000100000000)
  region size 1024K, 1 young (1024K), 1 survivors (1024K)
 Metaspace       used 130711K, committed 132032K, reserved 557056K
  class space    used 17538K, committed 18176K, reserved 425984K
}
Event: 117.622 GC heap before
{Heap before GC invocations=72 (full 0):
 garbage-first heap   total 437248K, used 308095K [0x0000000080000000, 0x0000000100000000)
  region size 1024K, 21 young (21504K), 1 survivors (1024K)
 Metaspace       used 131597K, committed 132928K, reserved 557056K
  class space    used 17671K, committed 18304K, reserved 425984K
}
Event: 117.631 GC heap after
{Heap after GC invocations=73 (full 0):
 garbage-first heap   total 437248K, used 255735K [0x0000000080000000, 0x0000000100000000)
  region size 1024K, 3 young (3072K), 3 survivors (3072K)
 Metaspace       used 131597K, committed 132928K, reserved 557056K
  class space    used 17671K, committed 18304K, reserved 425984K
}
Event: 121.445 GC heap before
{Heap before GC invocations=73 (full 0):
 garbage-first heap   total 437248K, used 362231K [0x0000000080000000, 0x0000000100000000)
  region size 1024K, 90 young (92160K), 3 survivors (3072K)
 Metaspace       used 134243K, committed 135552K, reserved 557056K
  class space    used 18224K, committed 18816K, reserved 425984K
}
Event: 121.544 GC heap after
{Heap after GC invocations=74 (full 0):
 garbage-first heap   total 437248K, used 291971K [0x0000000080000000, 0x0000000100000000)
  region size 1024K, 12 young (12288K), 12 survivors (12288K)
 Metaspace       used 134243K, committed 135552K, reserved 557056K
  class space    used 18224K, committed 18816K, reserved 425984K
}
Event: 122.459 GC heap before
{Heap before GC invocations=74 (full 0):
 garbage-first heap   total 437248K, used 352387K [0x0000000080000000, 0x0000000100000000)
  region size 1024K, 71 young (72704K), 12 survivors (12288K)
 Metaspace       used 134479K, committed 135744K, reserved 557056K
  class space    used 18231K, committed 18816K, reserved 425984K
}
Event: 122.572 GC heap after
{Heap after GC invocations=75 (full 0):
 garbage-first heap   total 437248K, used 322372K [0x0000000080000000, 0x0000000100000000)
  region size 1024K, 9 young (9216K), 9 survivors (9216K)
 Metaspace       used 134479K, committed 135744K, reserved 557056K
  class space    used 18231K, committed 18816K, reserved 425984K
}
Event: 123.446 GC heap before
{Heap before GC invocations=75 (full 0):
 garbage-first heap   total 437248K, used 360260K [0x0000000080000000, 0x0000000100000000)
  region size 1024K, 46 young (47104K), 9 survivors (9216K)
 Metaspace       used 134490K, committed 135808K, reserved 557056K
  class space    used 18231K, committed 18816K, reserved 425984K
}
Event: 123.526 GC heap after
{Heap after GC invocations=76 (full 0):
 garbage-first heap   total 437248K, used 341316K [0x0000000080000000, 0x0000000100000000)
  region size 1024K, 6 young (6144K), 6 survivors (6144K)
 Metaspace       used 134490K, committed 135808K, reserved 557056K
  class space    used 18231K, committed 18816K, reserved 425984K
}
Event: 123.964 GC heap before
{Heap before GC invocations=76 (full 0):
 garbage-first heap   total 437248K, used 365892K [0x0000000080000000, 0x0000000100000000)
  region size 1024K, 30 young (30720K), 6 survivors (6144K)
 Metaspace       used 134490K, committed 135808K, reserved 557056K
  class space    used 18231K, committed 18816K, reserved 425984K
}
Event: 124.024 GC heap after
{Heap after GC invocations=77 (full 0):
 garbage-first heap   total 437248K, used 354628K [0x0000000080000000, 0x0000000100000000)
  region size 1024K, 4 young (4096K), 4 survivors (4096K)
 Metaspace       used 134490K, committed 135808K, reserved 557056K
  class space    used 18231K, committed 18816K, reserved 425984K
}
Event: 124.517 GC heap before
{Heap before GC invocations=77 (full 0):
 garbage-first heap   total 437248K, used 372036K [0x0000000080000000, 0x0000000100000000)
  region size 1024K, 21 young (21504K), 4 survivors (4096K)
 Metaspace       used 134724K, committed 136064K, reserved 557056K
  class space    used 18259K, committed 18880K, reserved 425984K
}
Event: 124.569 GC heap after
{Heap after GC invocations=78 (full 0):
 garbage-first heap   total 437248K, used 363332K [0x0000000080000000, 0x0000000100000000)
  region size 1024K, 3 young (3072K), 3 survivors (3072K)
 Metaspace       used 134724K, committed 136064K, reserved 557056K
  class space    used 18259K, committed 18880K, reserved 425984K
}
Event: 126.388 GC heap before
{Heap before GC invocations=78 (full 0):
 garbage-first heap   total 437248K, used 380740K [0x0000000080000000, 0x0000000100000000)
  region size 1024K, 21 young (21504K), 3 survivors (3072K)
 Metaspace       used 136853K, committed 138176K, reserved 557056K
  class space    used 18542K, committed 19136K, reserved 425984K
}

Dll operation events (16 events):
Event: 0.016 Loaded shared library C:\Program Files\Microsoft\jdk-17.0.18.8-hotspot\bin\java.dll
Event: 0.044 Loaded shared library C:\Program Files\Microsoft\jdk-17.0.18.8-hotspot\bin\jsvml.dll
Event: 0.150 Loaded shared library C:\Program Files\Microsoft\jdk-17.0.18.8-hotspot\bin\zip.dll
Event: 0.162 Loaded shared library C:\Program Files\Microsoft\jdk-17.0.18.8-hotspot\bin\instrument.dll
Event: 0.168 Loaded shared library C:\Program Files\Microsoft\jdk-17.0.18.8-hotspot\bin\net.dll
Event: 0.170 Loaded shared library C:\Program Files\Microsoft\jdk-17.0.18.8-hotspot\bin\nio.dll
Event: 0.178 Loaded shared library C:\Program Files\Microsoft\jdk-17.0.18.8-hotspot\bin\zip.dll
Event: 0.616 Loaded shared library C:\Program Files\Microsoft\jdk-17.0.18.8-hotspot\bin\jimage.dll
Event: 0.762 Loaded shared library C:\Program Files\Microsoft\jdk-17.0.18.8-hotspot\bin\verify.dll
Event: 1.061 Loaded shared library C:\Users\Administrator\.gradle\native\c067742578af261105cb4f569cf0c3c89f3d7b1fecec35dd04571415982c5e48\windows-amd64\native-platform.dll
Event: 1.078 Loaded shared library C:\Users\Administrator\.gradle\native\38dada09dfb8b06ba9b0570ebf7e218e3eb74d4ef43ca46872605cf95ebc2f47\windows-amd64\native-platform-file-events.dll
Event: 3.603 Loaded shared library C:\Program Files\Microsoft\jdk-17.0.18.8-hotspot\bin\management.dll
Event: 3.609 Loaded shared library C:\Program Files\Microsoft\jdk-17.0.18.8-hotspot\bin\management_ext.dll
Event: 4.004 Loaded shared library C:\Program Files\Microsoft\jdk-17.0.18.8-hotspot\bin\extnet.dll
Event: 4.660 Loaded shared library C:\Program Files\Microsoft\jdk-17.0.18.8-hotspot\bin\sunmscapi.dll
Event: 61.502 Loaded shared library C:\Program Files\Microsoft\jdk-17.0.18.8-hotspot\bin\rmi.dll

Deoptimization events (20 events):
Event: 124.242 Thread 0x000001319ef16270 DEOPT PACKING pc=0x00000131e4924b2d sp=0x0000001c0bbfe8f0
Event: 124.242 Thread 0x000001319ef16270 DEOPT UNPACKING pc=0x00000131e9e07143 sp=0x0000001c0bbfdea8 mode 0
Event: 124.289 Thread 0x000001319ef16270 DEOPT PACKING pc=0x00000131e4924b2d sp=0x0000001c0bbfe8f0
Event: 124.289 Thread 0x000001319ef16270 DEOPT UNPACKING pc=0x00000131e9e07143 sp=0x0000001c0bbfdea8 mode 0
Event: 124.301 Thread 0x000001319ef16270 DEOPT PACKING pc=0x00000131e4924b2d sp=0x0000001c0bbfe8f0
Event: 124.301 Thread 0x000001319ef16270 DEOPT UNPACKING pc=0x00000131e9e07143 sp=0x0000001c0bbfdea8 mode 0
Event: 124.306 Thread 0x000001319ef16270 DEOPT PACKING pc=0x00000131e4924b2d sp=0x0000001c0bbfe8f0
Event: 124.306 Thread 0x000001319ef16270 DEOPT UNPACKING pc=0x00000131e9e07143 sp=0x0000001c0bbfdea8 mode 0
Event: 124.311 Thread 0x000001319ef16270 DEOPT PACKING pc=0x00000131e4924b2d sp=0x0000001c0bbfe8f0
Event: 124.311 Thread 0x000001319ef16270 DEOPT UNPACKING pc=0x00000131e9e07143 sp=0x0000001c0bbfdea8 mode 0
Event: 124.356 Thread 0x000001319ef16270 DEOPT PACKING pc=0x00000131e4924b2d sp=0x0000001c0bbfe8f0
Event: 124.356 Thread 0x000001319ef16270 DEOPT UNPACKING pc=0x00000131e9e07143 sp=0x0000001c0bbfdea8 mode 0
Event: 125.481 Thread 0x00000131ff2d7580 Uncommon trap: trap_request=0xffffffde fr.pc=0x00000131ea8af6b8 relative=0x00000000000007f8
Event: 125.481 Thread 0x00000131ff2d7580 Uncommon trap: reason=class_check action=maybe_recompile pc=0x00000131ea8af6b8 method=java.security.MessageDigest$Delegate.clone()Ljava/lang/Object; @ 15 c2
Event: 125.481 Thread 0x00000131ff2d7580 DEOPT PACKING pc=0x00000131ea8af6b8 sp=0x0000001c07afd260
Event: 125.481 Thread 0x00000131ff2d7580 DEOPT UNPACKING pc=0x00000131e9e069a3 sp=0x0000001c07afd238 mode 2
Event: 125.485 Thread 0x00000131ff2d7580 Uncommon trap: trap_request=0xffffffde fr.pc=0x00000131ea8af6b8 relative=0x00000000000007f8
Event: 125.485 Thread 0x00000131ff2d7580 Uncommon trap: reason=class_check action=maybe_recompile pc=0x00000131ea8af6b8 method=java.security.MessageDigest$Delegate.clone()Ljava/lang/Object; @ 15 c2
Event: 125.485 Thread 0x00000131ff2d7580 DEOPT PACKING pc=0x00000131ea8af6b8 sp=0x0000001c07afdd50
Event: 125.485 Thread 0x00000131ff2d7580 DEOPT UNPACKING pc=0x00000131e9e069a3 sp=0x0000001c07afdd28 mode 2

Classes loaded (20 events):
Event: 109.462 Loading class java/nio/file/FileTreeIterator
Event: 109.463 Loading class java/nio/file/FileTreeIterator done
Event: 111.851 Loading class sun/rmi/transport/DGCClient$EndpointEntry$CleanRequest
Event: 111.851 Loading class sun/rmi/transport/DGCClient$EndpointEntry$CleanRequest done
Event: 112.593 Loading class java/io/UTFDataFormatException
Event: 112.594 Loading class java/io/UTFDataFormatException done
Event: 116.268 Loading class java/nio/BufferUnderflowException
Event: 116.277 Loading class java/nio/BufferUnderflowException done
Event: 119.997 Loading class java/util/concurrent/ForkJoinTask$AdaptedCallable
Event: 119.998 Loading class java/util/concurrent/ForkJoinTask$AdaptedCallable done
Event: 119.999 Loading class java/util/concurrent/ForkJoinPool$DefaultForkJoinWorkerThreadFactory$1
Event: 120.000 Loading class java/util/concurrent/ForkJoinPool$DefaultForkJoinWorkerThreadFactory$1 done
Event: 120.208 Loading class java/lang/reflect/GenericSignatureFormatError
Event: 120.209 Loading class java/lang/reflect/GenericSignatureFormatError done
Event: 120.915 Loading class java/nio/ShortBuffer
Event: 120.916 Loading class java/nio/ShortBuffer done
Event: 120.916 Loading class java/nio/HeapShortBuffer
Event: 120.916 Loading class java/nio/HeapShortBuffer done
Event: 125.591 Loading class java/util/IdentityHashMap$EntrySet
Event: 125.593 Loading class java/util/IdentityHashMap$EntrySet done

Classes unloaded (17 events):
Event: 111.698 Thread 0x00000131f891bdb0 Unloading class 0x0000013182083c00 'jdk/internal/reflect/GeneratedSerializationConstructorAccessor131'
Event: 111.699 Thread 0x00000131f891bdb0 Unloading class 0x0000013182083400 'jdk/internal/reflect/GeneratedSerializationConstructorAccessor128'
Event: 111.699 Thread 0x00000131f891bdb0 Unloading class 0x0000013182082c00 'jdk/internal/reflect/GeneratedSerializationConstructorAccessor126'
Event: 111.699 Thread 0x00000131f891bdb0 Unloading class 0x0000013182082800 'jdk/internal/reflect/GeneratedSerializationConstructorAccessor125'
Event: 111.699 Thread 0x00000131f891bdb0 Unloading class 0x0000013182081c00 'jdk/internal/reflect/GeneratedSerializationConstructorAccessor123'
Event: 111.699 Thread 0x00000131f891bdb0 Unloading class 0x0000013182081800 'jdk/internal/reflect/GeneratedSerializationConstructorAccessor120'
Event: 111.699 Thread 0x00000131f891bdb0 Unloading class 0x0000013182081000 'jdk/internal/reflect/GeneratedSerializationConstructorAccessor119'
Event: 111.699 Thread 0x00000131f891bdb0 Unloading class 0x0000013182080800 'jdk/internal/reflect/GeneratedSerializationConstructorAccessor117'
Event: 111.699 Thread 0x00000131f891bdb0 Unloading class 0x0000013181f60000 'java/lang/invoke/LambdaForm$MH+0x0000013181f60000'
Event: 111.699 Thread 0x00000131f891bdb0 Unloading class 0x0000013181f5f800 'java/lang/invoke/LambdaForm$MH+0x0000013181f5f800'
Event: 111.699 Thread 0x00000131f891bdb0 Unloading class 0x0000013181f5f400 'java/lang/invoke/LambdaForm$MH+0x0000013181f5f400'
Event: 111.699 Thread 0x00000131f891bdb0 Unloading class 0x0000013181f5e800 'java/lang/invoke/LambdaForm$MH+0x0000013181f5e800'
Event: 111.699 Thread 0x00000131f891bdb0 Unloading class 0x0000013181f5e000 'java/lang/invoke/LambdaForm$MH+0x0000013181f5e000'
Event: 111.699 Thread 0x00000131f891bdb0 Unloading class 0x0000013181f5d800 'java/lang/invoke/LambdaForm$MH+0x0000013181f5d800'
Event: 111.699 Thread 0x00000131f891bdb0 Unloading class 0x0000013181f5d000 'java/lang/invoke/LambdaForm$MH+0x0000013181f5d000'
Event: 111.699 Thread 0x00000131f891bdb0 Unloading class 0x0000013181f5cc00 'java/lang/invoke/LambdaForm$MH+0x0000013181f5cc00'
Event: 111.699 Thread 0x00000131f891bdb0 Unloading class 0x0000013181f5c400 'java/lang/invoke/LambdaForm$MH+0x0000013181f5c400'

Classes redefined (0 events):
No events

Internal exceptions (20 events):
Event: 100.916 Thread 0x00000131febb8e20 Exception <a 'sun/nio/fs/WindowsException'{0x0000000091c0c2d0}> (0x0000000091c0c2d0) 
thrown [s\src\hotspot\share\prims\jni.cpp, line 516]
Event: 100.916 Thread 0x00000131febb8e20 Exception <a 'sun/nio/fs/WindowsException'{0x0000000091c0c410}> (0x0000000091c0c410) 
thrown [s\src\hotspot\share\prims\jni.cpp, line 516]
Event: 100.917 Thread 0x00000131febb8e20 Exception <a 'sun/nio/fs/WindowsException'{0x0000000091c0d710}> (0x0000000091c0d710) 
thrown [s\src\hotspot\share\prims\jni.cpp, line 516]
Event: 101.379 Thread 0x00000131febb8e20 Exception <a 'java/lang/NoSuchMethodError'{0x0000000091b31d18}: static Lcom/android/builder/internal/aapt/AaptOptions;.<clinit>()V> (0x0000000091b31d18) 
thrown [s\src\hotspot\share\prims\jni.cpp, line 1112]
Event: 101.385 Thread 0x00000131febb8e20 Exception <a 'java/lang/NoSuchMethodError'{0x0000000091b56868}: static Lcom/android/build/api/variant/impl/SerializableApplicationMultiOutputHandler;.<clinit>()V> (0x0000000091b56868) 
thrown [s\src\hotspot\share\prims\jni.cpp, line 1112]
Event: 101.390 Thread 0x00000131febb8e20 Exception <a 'java/lang/NoSuchMethodError'{0x0000000091b6e4b0}: static Lcom/android/build/api/variant/impl/VariantOutputImpl$SerializedForm;.<clinit>()V> (0x0000000091b6e4b0) 
thrown [s\src\hotspot\share\prims\jni.cpp, line 1112]
Event: 101.391 Thread 0x00000131febb8e20 Exception <a 'java/lang/NoSuchMethodError'{0x0000000091b84760}: static Lcom/android/build/api/variant/impl/VariantOutputConfigurationImpl;.<clinit>()V> (0x0000000091b84760) 
thrown [s\src\hotspot\share\prims\jni.cpp, line 1112]
Event: 111.852 Thread 0x00000131ff2d5720 Exception <a 'java/net/ConnectException'{0x00000000927fac48}: Connection refused: connect> (0x00000000927fac48) 
thrown [s\src\hotspot\share\prims\jni.cpp, line 535]
Event: 111.852 Thread 0x00000131ff2d5720 Exception <a 'java/net/SocketException'{0x00000000927fb1c0}: Socket is not connected: shutdown> (0x00000000927fb1c0) 
thrown [s\src\hotspot\share\prims\jni.cpp, line 535]
Event: 111.865 Thread 0x00000131ff2d5720 Exception <a 'java/net/ConnectException'{0x00000000927fb9f0}: Connection refused: connect> (0x00000000927fb9f0) 
thrown [s\src\hotspot\share\prims\jni.cpp, line 535]
Event: 111.865 Thread 0x00000131ff2d5720 Exception <a 'java/net/SocketException'{0x00000000927fbd28}: Socket is not connected: shutdown> (0x00000000927fbd28) 
thrown [s\src\hotspot\share\prims\jni.cpp, line 535]
Event: 111.877 Thread 0x00000131ff2d5720 Exception <a 'java/net/ConnectException'{0x000000009aa90538}: Connection refused: connect> (0x000000009aa90538) 
thrown [s\src\hotspot\share\prims\jni.cpp, line 535]
Event: 111.877 Thread 0x00000131ff2d5720 Exception <a 'java/net/SocketException'{0x000000009aa90870}: Socket is not connected: shutdown> (0x000000009aa90870) 
thrown [s\src\hotspot\share\prims\jni.cpp, line 535]
Event: 117.478 Thread 0x00000131ff2d7580 Exception <a 'java/lang/NoSuchMethodError'{0x000000009a4ee5f0}: 'java.lang.Object java.lang.invoke.DirectMethodHandle$Holder.invokeStaticInit(java.lang.Object, java.lang.Object, java.lang.Object, java.lang.Object, java.lang.Object, java.lang.Object, java.lang.Object, java.lang.Object, java.lang.Object, java.lang.Object, java.lang.Object, java.lang.Object, java.lang.Object, java.lang.Object, java.lang.Object, java.lang.Object, java.lang.Object, java.lang.Object, java.lang.Object, java.lang.Object, int, java
Event: 120.556 Thread 0x00000131febbf360 Exception <a 'java/lang/IncompatibleClassChangeError'{0x0000000095ec8e70}: Found class java.lang.Object, but interface was expected> (0x0000000095ec8e70) 
thrown [s\src\hotspot\share\interpreter\linkResolver.cpp, line 826]
Event: 120.561 Thread 0x00000131febbf360 Exception <a 'java/lang/IncompatibleClassChangeError'{0x0000000095d08820}: Found class java.lang.Object, but interface was expected> (0x0000000095d08820) 
thrown [s\src\hotspot\share\interpreter\linkResolver.cpp, line 826]
Event: 120.562 Thread 0x00000131febbf360 Exception <a 'java/lang/IncompatibleClassChangeError'{0x0000000095d0c8e8}: Found class java.lang.Object, but interface was expected> (0x0000000095d0c8e8) 
thrown [s\src\hotspot\share\interpreter\linkResolver.cpp, line 826]
Event: 120.950 Thread 0x000001319ef16c90 Exception <a 'java/lang/NoSuchMethodError'{0x0000000095721750}: 'long java.lang.invoke.DirectMethodHandle$Holder.invokeStatic(java.lang.Object, java.lang.Object, java.lang.Object)'> (0x0000000095721750) 
thrown [s\src\hotspot\share\interpreter\linkResolver.cpp, line 759]
Event: 125.702 Thread 0x00000131ff2d7580 Exception <a 'java/lang/IncompatibleClassChangeError'{0x000000009a28b238}: Found class java.lang.Object, but interface was expected> (0x000000009a28b238) 
thrown [s\src\hotspot\share\interpreter\linkResolver.cpp, line 826]
Event: 125.704 Thread 0x00000131ff2d7580 Exception <a 'java/lang/NoSuchMethodError'{0x000000009a293ba8}: 'void java.lang.invoke.DirectMethodHandle$Holder.invokeInterface(java.lang.Object, java.lang.Object, java.lang.Object, int)'> (0x000000009a293ba8) 
thrown [s\src\hotspot\share\interpreter\linkResolver.cpp, line 759]

VM Operations (20 events):
Event: 121.977 Executing VM operation: ICBufferFull done
Event: 122.094 Executing VM operation: HandshakeAllThreads
Event: 122.139 Executing VM operation: HandshakeAllThreads done
Event: 122.439 Executing VM operation: G1CollectForAllocation
Event: 122.572 Executing VM operation: G1CollectForAllocation done
Event: 123.386 Executing VM operation: HandshakeAllThreads
Event: 123.442 Executing VM operation: HandshakeAllThreads done
Event: 123.442 Executing VM operation: G1CollectForAllocation
Event: 123.526 Executing VM operation: G1CollectForAllocation done
Event: 123.921 Executing VM operation: G1CollectForAllocation
Event: 124.024 Executing VM operation: G1CollectForAllocation done
Event: 124.517 Executing VM operation: G1CollectForAllocation
Event: 124.570 Executing VM operation: G1CollectForAllocation done
Event: 125.570 Executing VM operation: Cleanup
Event: 125.571 Executing VM operation: Cleanup done
Event: 126.174 Executing VM operation: HandshakeAllThreads
Event: 126.174 Executing VM operation: HandshakeAllThreads done
Event: 126.180 Executing VM operation: HandshakeAllThreads
Event: 126.181 Executing VM operation: HandshakeAllThreads done
Event: 126.388 Executing VM operation: G1CollectForAllocation

Memory protections (0 events):
No events

Nmethod flushes (20 events):
Event: 123.558 Thread 0x00000131f89adf30 flushing  nmethod 0x00000131e430b190
Event: 123.558 Thread 0x00000131f89adf30 flushing  nmethod 0x00000131e430b910
Event: 123.558 Thread 0x00000131f89adf30 flushing  nmethod 0x00000131e430bd10
Event: 123.558 Thread 0x00000131f89adf30 flushing  nmethod 0x00000131e4312a10
Event: 123.558 Thread 0x00000131f89adf30 flushing  nmethod 0x00000131e4328310
Event: 123.558 Thread 0x00000131f89adf30 flushing  nmethod 0x00000131e4329210
Event: 123.558 Thread 0x00000131f89adf30 flushing  nmethod 0x00000131e4354f90
Event: 123.558 Thread 0x00000131f89adf30 flushing  nmethod 0x00000131e4382310
Event: 123.558 Thread 0x00000131f89adf30 flushing  nmethod 0x00000131e43d2490
Event: 123.559 Thread 0x00000131f89adf30 flushing  nmethod 0x00000131e43f1910
Event: 123.559 Thread 0x00000131f89adf30 flushing  nmethod 0x00000131e43f9790
Event: 123.560 Thread 0x00000131f89adf30 flushing  nmethod 0x00000131e4665a90
Event: 123.561 Thread 0x00000131f89adf30 flushing  nmethod 0x00000131e4682c90
Event: 123.561 Thread 0x00000131f89adf30 flushing osr nmethod 0x00000131e471ad90
Event: 123.561 Thread 0x00000131f89adf30 flushing  nmethod 0x00000131e4766c10
Event: 123.562 Thread 0x00000131f89adf30 flushing  nmethod 0x00000131e47a2090
Event: 123.562 Thread 0x00000131f89adf30 flushing  nmethod 0x00000131e47ae490
Event: 123.562 Thread 0x00000131f89adf30 flushing  nmethod 0x00000131e47bfd90
Event: 123.562 Thread 0x00000131f89adf30 flushing  nmethod 0x00000131e4879590
Event: 123.562 Thread 0x00000131f89adf30 flushing  nmethod 0x00000131e488e590

Events (20 events):
Event: 74.921 Thread 0x000001319ef14e30 Thread added: 0x00000131ff2d1040
Event: 75.326 Thread 0x00000131ff2d47f0 Thread added: 0x00000131ff2d38c0
Event: 81.655 Thread 0x00000131a319eff0 Thread exited: 0x00000131a319eff0
Event: 86.453 Thread 0x00000131febb8e20 Thread added: 0x00000131ff2d7070
Event: 88.471 Thread 0x000001319ef16c90 Thread exited: 0x000001319ef16c90
Event: 94.603 Thread 0x00000131febb8e20 Thread added: 0x00000131ff2d89c0
Event: 96.696 Thread 0x00000131ff2d7070 Thread exited: 0x00000131ff2d7070
Event: 97.794 Thread 0x00000131f8943ee0 Thread added: 0x00000131a319e550
Event: 97.971 Thread 0x00000131a319e550 Thread exited: 0x00000131a319e550
Event: 98.766 Thread 0x00000131ff2d89c0 Thread added: 0x00000131ff2d7070
Event: 101.170 Thread 0x00000131ff2d7070 Thread exited: 0x00000131ff2d7070
Event: 101.901 Thread 0x000001319ef16780 Thread added: 0x00000131ff2d7a90
Event: 103.465 Thread 0x000001319ef16780 Thread added: 0x00000131ff2d7070
Event: 103.466 Thread 0x000001319ef16780 Thread added: 0x00000131ff2d33b0
Event: 108.303 Thread 0x00000131febbf360 Thread exited: 0x00000131febbf360
Event: 109.799 Thread 0x00000131ff2d89c0 Thread added: 0x00000131ff2d7580
Event: 120.049 Thread 0x00000131ff2d7580 Thread added: 0x000001319ef16c90
Event: 120.074 Thread 0x000001319ef16c90 Thread added: 0x000001319ef16270
Event: 120.115 Thread 0x000001319ef16270 Thread added: 0x00000131febbd500
Event: 120.166 Thread 0x00000131febbd500 Thread added: 0x00000131febbf360


Dynamic libraries:
0x00007ff7fd240000 - 0x00007ff7fd24e000 	C:\Program Files\Microsoft\jdk-17.0.18.8-hotspot\bin\java.exe
0x00007ffcedbf0000 - 0x00007ffcedde8000 	C:\Windows\SYSTEM32\ntdll.dll
0x00007ffceda00000 - 0x00007ffcedac2000 	C:\Windows\System32\KERNEL32.DLL
0x00007ffceb880000 - 0x00007ffcebb76000 	C:\Windows\System32\KERNELBASE.dll
0x00007ffceb400000 - 0x00007ffceb500000 	C:\Windows\System32\ucrtbase.dll
0x00007ffce1e50000 - 0x00007ffce1e68000 	C:\Program Files\Microsoft\jdk-17.0.18.8-hotspot\bin\jli.dll
0x00007ffcecb70000 - 0x00007ffcecd11000 	C:\Windows\System32\USER32.dll
0x00007ffceb3d0000 - 0x00007ffceb3f2000 	C:\Windows\System32\win32u.dll
0x00007ffced940000 - 0x00007ffced96b000 	C:\Windows\System32\GDI32.dll
0x00007ffceb2b0000 - 0x00007ffceb3c9000 	C:\Windows\System32\gdi32full.dll
0x00007ffceb680000 - 0x00007ffceb71d000 	C:\Windows\System32\msvcp_win.dll
0x00007ffcd5d40000 - 0x00007ffcd5d5e000 	C:\Program Files\Microsoft\jdk-17.0.18.8-hotspot\bin\VCRUNTIME140.dll
0x00007ffcd5770000 - 0x00007ffcd5a0b000 	C:\Windows\WinSxS\amd64_microsoft.windows.common-controls_6595b64144ccf1df_6.0.19041.6456_none_60b8a6cb71f64256\COMCTL32.dll
0x00007ffced8a0000 - 0x00007ffced93e000 	C:\Windows\System32\msvcrt.dll
0x00007ffcecd20000 - 0x00007ffcecd4f000 	C:\Windows\System32\IMM32.DLL
0x00007ffce3630000 - 0x00007ffce363c000 	C:\Program Files\Microsoft\jdk-17.0.18.8-hotspot\bin\vcruntime140_1.dll
0x00007ffcc3f30000 - 0x00007ffcc3fb9000 	C:\Program Files\Microsoft\jdk-17.0.18.8-hotspot\bin\msvcp140.dll
0x00007ffc8ca70000 - 0x00007ffc8d6ea000 	C:\Program Files\Microsoft\jdk-17.0.18.8-hotspot\bin\server\jvm.dll
0x00007ffcec280000 - 0x00007ffcec331000 	C:\Windows\System32\ADVAPI32.dll
0x00007ffcecab0000 - 0x00007ffcecb4f000 	C:\Windows\System32\sechost.dll
0x00007ffced5d0000 - 0x00007ffced6f0000 	C:\Windows\System32\RPCRT4.dll
0x00007ffceb280000 - 0x00007ffceb2a7000 	C:\Windows\System32\bcrypt.dll
0x00007ffcecd50000 - 0x00007ffcecdbb000 	C:\Windows\System32\WS2_32.dll
0x00007ffceb0e0000 - 0x00007ffceb12b000 	C:\Windows\SYSTEM32\POWRPROF.dll
0x00007ffcd1870000 - 0x00007ffcd1897000 	C:\Windows\SYSTEM32\WINMM.dll
0x00007ffcd5fe0000 - 0x00007ffcd5fea000 	C:\Windows\SYSTEM32\VERSION.dll
0x00007ffceb0c0000 - 0x00007ffceb0d2000 	C:\Windows\SYSTEM32\UMPDC.dll
0x00007ffce9ae0000 - 0x00007ffce9af2000 	C:\Windows\SYSTEM32\kernel.appcore.dll
0x00007ffce1e00000 - 0x00007ffce1e0a000 	C:\Program Files\Microsoft\jdk-17.0.18.8-hotspot\bin\jimage.dll
0x00007ffce4fa0000 - 0x00007ffce51a1000 	C:\Windows\SYSTEM32\DBGHELP.DLL
0x00007ffcd0a90000 - 0x00007ffcd0ac4000 	C:\Windows\SYSTEM32\dbgcore.DLL
0x00007ffcebb80000 - 0x00007ffcebc02000 	C:\Windows\System32\bcryptPrimitives.dll
0x00007ffce35e0000 - 0x00007ffce35ef000 	C:\Program Files\Microsoft\jdk-17.0.18.8-hotspot\bin\instrument.dll
0x00007ffcc6300000 - 0x00007ffcc6326000 	C:\Program Files\Microsoft\jdk-17.0.18.8-hotspot\bin\java.dll
0x00007ffc9d6b0000 - 0x00007ffc9d786000 	C:\Program Files\Microsoft\jdk-17.0.18.8-hotspot\bin\jsvml.dll
0x00007ffcec340000 - 0x00007ffcecab0000 	C:\Windows\System32\SHELL32.dll
0x00007ffce8ca0000 - 0x00007ffce9445000 	C:\Windows\SYSTEM32\windows.storage.dll
0x00007ffced270000 - 0x00007ffced5c4000 	C:\Windows\System32\combase.dll
0x00007ffceac40000 - 0x00007ffceac6b000 	C:\Windows\SYSTEM32\Wldp.dll
0x00007ffcebc10000 - 0x00007ffcebcdd000 	C:\Windows\System32\OLEAUT32.dll
0x00007ffcecec0000 - 0x00007ffcecf6d000 	C:\Windows\System32\SHCORE.dll
0x00007ffcedad0000 - 0x00007ffcedb2b000 	C:\Windows\System32\shlwapi.dll
0x00007ffceb1b0000 - 0x00007ffceb1d4000 	C:\Windows\SYSTEM32\profapi.dll
0x00007ffcc4730000 - 0x00007ffcc4748000 	C:\Program Files\Microsoft\jdk-17.0.18.8-hotspot\bin\zip.dll
0x00007ffcc4770000 - 0x00007ffcc478b000 	C:\Program Files\Microsoft\jdk-17.0.18.8-hotspot\bin\net.dll
0x00007ffcd8a30000 - 0x00007ffcd8b3a000 	C:\Windows\SYSTEM32\WINHTTP.dll
0x00007ffcea9a0000 - 0x00007ffceaa0a000 	C:\Windows\system32\mswsock.dll
0x00007ffcc4750000 - 0x00007ffcc4766000 	C:\Program Files\Microsoft\jdk-17.0.18.8-hotspot\bin\nio.dll
0x00007ffce1db0000 - 0x00007ffce1dc0000 	C:\Program Files\Microsoft\jdk-17.0.18.8-hotspot\bin\verify.dll
0x00007ffcbb350000 - 0x00007ffcbb377000 	C:\Users\Administrator\.gradle\native\c067742578af261105cb4f569cf0c3c89f3d7b1fecec35dd04571415982c5e48\windows-amd64\native-platform.dll
0x00007ffcb89b0000 - 0x00007ffcb8af4000 	C:\Users\Administrator\.gradle\native\38dada09dfb8b06ba9b0570ebf7e218e3eb74d4ef43ca46872605cf95ebc2f47\windows-amd64\native-platform-file-events.dll
0x00007ffce0080000 - 0x00007ffce008a000 	C:\Program Files\Microsoft\jdk-17.0.18.8-hotspot\bin\management.dll
0x00007ffcd5d10000 - 0x00007ffcd5d1c000 	C:\Program Files\Microsoft\jdk-17.0.18.8-hotspot\bin\management_ext.dll
0x00007ffcec150000 - 0x00007ffcec158000 	C:\Windows\System32\PSAPI.DLL
0x00007ffceab90000 - 0x00007ffceaba8000 	C:\Windows\SYSTEM32\CRYPTSP.dll
0x00007ffcea2c0000 - 0x00007ffcea2f8000 	C:\Windows\system32\rsaenh.dll
0x00007ffceb170000 - 0x00007ffceb19e000 	C:\Windows\SYSTEM32\USERENV.dll
0x00007ffceabb0000 - 0x00007ffceabbc000 	C:\Windows\SYSTEM32\CRYPTBASE.dll
0x00007ffcea680000 - 0x00007ffcea6bb000 	C:\Windows\SYSTEM32\IPHLPAPI.DLL
0x00007ffcecea0000 - 0x00007ffcecea8000 	C:\Windows\System32\NSI.dll
0x00007ffcdcdd0000 - 0x00007ffcdcde7000 	C:\Windows\SYSTEM32\dhcpcsvc6.DLL
0x00007ffcdefa0000 - 0x00007ffcdefbd000 	C:\Windows\SYSTEM32\dhcpcsvc.DLL
0x00007ffcea6c0000 - 0x00007ffcea78a000 	C:\Windows\SYSTEM32\DNSAPI.dll
0x00007ffcd4460000 - 0x00007ffcd4469000 	C:\Program Files\Microsoft\jdk-17.0.18.8-hotspot\bin\extnet.dll
0x00007ffce35d0000 - 0x00007ffce35de000 	C:\Program Files\Microsoft\jdk-17.0.18.8-hotspot\bin\sunmscapi.dll
0x00007ffceb720000 - 0x00007ffceb87d000 	C:\Windows\System32\CRYPT32.dll
0x00007ffceacb0000 - 0x00007ffceacd7000 	C:\Windows\SYSTEM32\ncrypt.dll
0x00007ffceac70000 - 0x00007ffceacab000 	C:\Windows\SYSTEM32\NTASN1.dll
0x00007ffcbb3a0000 - 0x00007ffcbb3a7000 	C:\Windows\system32\wshunix.dll
0x00007ffccc7a0000 - 0x00007ffccc7b7000 	C:\Windows\system32\napinsp.dll
0x00007ffcc90f0000 - 0x00007ffcc910b000 	C:\Windows\system32\pnrpnsp.dll
0x00007ffce4370000 - 0x00007ffce438d000 	C:\Windows\system32\wshbth.dll
0x00007ffce34e0000 - 0x00007ffce34fd000 	C:\Windows\system32\NLAapi.dll
0x00007ffcc94d0000 - 0x00007ffcc94e2000 	C:\Windows\System32\winrnr.dll
0x00007ffcd38d0000 - 0x00007ffcd38da000 	C:\Windows\System32\rasadhlp.dll
0x00007ffcd4ec0000 - 0x00007ffcd4f40000 	C:\Windows\System32\fwpuclnt.dll
0x00007ffcea510000 - 0x00007ffcea543000 	C:\Windows\SYSTEM32\ntmarta.dll
0x00007ffce3590000 - 0x00007ffce3597000 	C:\Program Files\Microsoft\jdk-17.0.18.8-hotspot\bin\rmi.dll

dbghelp: loaded successfully - version: 4.0.5 - missing functions: none
symbol engine: initialized successfully - sym options: 0x614 - pdb path: .;C:\Program Files\Microsoft\jdk-17.0.18.8-hotspot\bin;C:\Windows\SYSTEM32;C:\Windows\WinSxS\amd64_microsoft.windows.common-controls_6595b64144ccf1df_6.0.19041.6456_none_60b8a6cb71f64256;C:\Program Files\Microsoft\jdk-17.0.18.8-hotspot\bin\server;C:\Users\Administrator\.gradle\native\c067742578af261105cb4f569cf0c3c89f3d7b1fecec35dd04571415982c5e48\windows-amd64;C:\Users\Administrator\.gradle\native\38dada09dfb8b06ba9b0570ebf7e218e3eb74d4ef43ca46872605cf95ebc2f47\windows-amd64

VM Arguments:
jvm_args: -XX:MaxMetaspaceSize=512m --add-opens=java.base/java.util=ALL-UNNAMED --add-opens=java.base/java.lang=ALL-UNNAMED --add-opens=java.base/java.lang.invoke=ALL-UNNAMED --add-opens=java.prefs/java.util.prefs=ALL-UNNAMED --add-opens=java.base/java.nio.charset=ALL-UNNAMED --add-opens=java.base/java.net=ALL-UNNAMED --add-opens=java.base/java.util.concurrent.atomic=ALL-UNNAMED -Xmx2048m -Dfile.encoding=windows-1252 -Duser.country=US -Duser.language=en -Duser.variant -javaagent:C:\Users\Administrator\.gradle\wrapper\dists\gradle-8.7-all\aan3ydargesu18aqyqjwhr3pc\gradle-8.7\lib\agents\gradle-instrumentation-agent-8.7.jar 
java_command: org.gradle.launcher.daemon.bootstrap.GradleDaemon 8.7
java_class_path (initial): C:\Users\Administrator\.gradle\wrapper\dists\gradle-8.7-all\aan3ydargesu18aqyqjwhr3pc\gradle-8.7\lib\gradle-launcher-8.7.jar
Launcher Type: SUN_STANDARD

[Global flags]
     intx CICompilerCount                          = 3                                         {product} {ergonomic}
   size_t CompressedClassSpaceSize                 = 436207616                                 {product} {ergonomic}
     uint ConcGCThreads                            = 1                                         {product} {ergonomic}
     uint G1ConcRefinementThreads                  = 4                                         {product} {ergonomic}
   size_t G1HeapRegionSize                         = 1048576                                   {product} {ergonomic}
    uintx GCDrainStackTargetSize                   = 64                                        {product} {ergonomic}
   size_t InitialHeapSize                          = 130023424                                 {product} {ergonomic}
   size_t MarkStackSize                            = 4194304                                   {product} {ergonomic}
   size_t MaxHeapSize                              = 2147483648                                {product} {command line}
   size_t MaxMetaspaceSize                         = 536870912                                 {product} {command line}
   size_t MaxNewSize                               = 1287651328                                {product} {ergonomic}
   size_t MinHeapDeltaBytes                        = 1048576                                   {product} {ergonomic}
   size_t MinHeapSize                              = 8388608                                   {product} {ergonomic}
    uintx NonNMethodCodeHeapSize                   = 5832780                                {pd product} {ergonomic}
    uintx NonProfiledCodeHeapSize                  = 122912730                              {pd product} {ergonomic}
    uintx ProfiledCodeHeapSize                     = 122912730                              {pd product} {ergonomic}
    uintx ReservedCodeCacheSize                    = 251658240                              {pd product} {ergonomic}
     bool SegmentedCodeCache                       = true                                      {product} {ergonomic}
   size_t SoftMaxHeapSize                          = 2147483648                             {manageable} {ergonomic}
     bool UseCompressedClassPointers               = true                           {product lp64_product} {ergonomic}
     bool UseCompressedOops                        = true                           {product lp64_product} {ergonomic}
     bool UseG1GC                                  = true                                      {product} {ergonomic}
     bool UseLargePagesIndividualAllocation        = false                                  {pd product} {ergonomic}

Logging:
Log output configuration:
 #0: stdout all=warning uptime,level,tags
 #1: stderr all=off uptime,level,tags

Environment Variables:
JAVA_HOME=C:\Program Files\Microsoft\jdk-17.0.18.8-hotspot
PATH=C:\Program Files\Eclipse Adoptium\jdk-17.0.18.8-hotspot\bin;C:\Program Files\Eclipse Adoptium\jdk-25.0.2.10-hotspot\bin;C:\Program Files\Eclipse Adoptium\jdk-11.0.19.7-hotspot\bin;C:\Windows\system32;C:\Windows;C:\Windows\System32\Wbem;C:\Windows\System32\WindowsPowerShell\v1.0\;C:\Windows\System32\OpenSSH\;C:\Program Files\Git\cmd;E:\;C:\Users\Administrator\Downloads\platform-tools;C:\Users\Administrator\AppData\Local\Android\Sdk\tools;C:\Users\Administrator\AppData\Local\Programs\Python\Python314\Scripts\;C:\Users\Administrator\AppData\Local\Programs\Python\Python314\;C:\Users\Administrator\AppData\Local\Microsoft\WindowsApps;E:\Antigravity\bin;E:\Microsoft VS Code\bin;C:\Users\Administrator\AppData\Roaming\npm;C:\Users\Administrator\AppData\Local\Android\Sdk\platform-tools;C:\Users\Administrator\AppData\Local\Android\Sdk\emulator;c:\Users\Administrator\.antigravity\extensions\vscjava.vscode-java-debug-0.58.5-universal\bundled\scripts\noConfigScripts;c:\Users\Administrator\.antigravity\extensions\d-biehl.robotcode-2.2.0-universal\bundled\scripts
USERNAME=Administrator
LANG=en_US.UTF-8
OS=Windows_NT
PROCESSOR_IDENTIFIER=Intel64 Family 6 Model 142 Stepping 9, GenuineIntel
TMP=C:\Users\ADMINI~1\AppData\Local\Temp
TEMP=C:\Users\ADMINI~1\AppData\Local\Temp



Periodic native trim disabled


---------------  S Y S T E M  ---------------

OS:
 Windows 10 , 64 bit Build 19041 (10.0.19041.5915)
OS uptime: 0 days 20:21 hours

CPU: total 4 (initial active 4) (2 cores per cpu, 2 threads per core) family 6 model 142 stepping 9 microcode 0xd6, cx8, cmov, fxsr, ht, mmx, 3dnowpref, sse, sse2, sse3, ssse3, sse4.1, sse4.2, popcnt, lzcnt, tsc, tscinvbit, avx, avx2, aes, erms, clmul, bmi1, bmi2, adx, fma, vzeroupper, clflush, clflushopt
Processor Information for the first 4 processors :
  Max Mhz: 2712, Current Mhz: 2511, Mhz Limit: 2495

Memory: 4k page, system-wide physical 7843M (315M free)
TotalPageFile size 17730M (AvailPageFile size 142M)
current process WorkingSet (physical memory assigned to process): 558M, peak: 570M
current process commit charge ("private bytes"): 866M, peak: 1162M

vm_info: OpenJDK 64-Bit Server VM (17.0.18+8-LTS) for windows-amd64 JRE (17.0.18+8-LTS), built on Jan 15 2026 18:50:45 by "MicrosoftCorporation" with MS VC++ 17.14 (VS2022)

END.
