#
# There is insufficient memory for the Java Runtime Environment to continue.
# Native memory allocation (malloc) failed to allocate 840976 bytes. Error detail: Chunk::new
# Possible reasons:
#   The system is out of physical RAM or swap space
#   This process is running with CompressedOops enabled, and the Java Heap may be blocking the growth of the native heap
# Possible solutions:
#   Reduce memory load on the system
#   Increase physical memory or swap space
#   Check if swap backing store is full
#   Decrease Java heap size (-Xmx/-Xms)
#   Decrease number of Java threads
#   Decrease Java thread stack sizes (-Xss)
#   Set larger code cache with -XX:ReservedCodeCacheSize=
#   JVM is running with Unscaled Compressed Oops mode in which the Java heap is
#     placed in the first 4GB address space. The Java Heap base address is the
#     maximum limit for the native heap growth. Please use -XX:HeapBaseMinAddress
#     to set the Java Heap base and to place the Java Heap above 4GB virtual address.
# This output file may be truncated or incomplete.
#
#  Out of Memory Error (arena.cpp:191), pid=16324, tid=14492
#
# JRE version: OpenJDK Runtime Environment Microsoft-13106358 (17.0.18+8) (build 17.0.18+8-LTS)
# Java VM: OpenJDK 64-Bit Server VM Microsoft-13106358 (17.0.18+8-LTS, mixed mode, sharing, tiered, compressed oops, compressed class ptrs, g1 gc, windows-amd64)
# No core dump will be written. Minidumps are not enabled by default on client versions of Windows
#

---------------  S U M M A R Y ------------

Command Line: -XX:MaxMetaspaceSize=512m --add-opens=java.base/java.util=ALL-UNNAMED --add-opens=java.base/java.lang=ALL-UNNAMED --add-opens=java.base/java.lang.invoke=ALL-UNNAMED --add-opens=java.prefs/java.util.prefs=ALL-UNNAMED --add-opens=java.base/java.nio.charset=ALL-UNNAMED --add-opens=java.base/java.net=ALL-UNNAMED --add-opens=java.base/java.util.concurrent.atomic=ALL-UNNAMED -Xmx2048m -Dfile.encoding=windows-1252 -Duser.country=US -Duser.language=en -Duser.variant -javaagent:C:\Users\Administrator\.gradle\wrapper\dists\gradle-8.7-all\aan3ydargesu18aqyqjwhr3pc\gradle-8.7\lib\agents\gradle-instrumentation-agent-8.7.jar org.gradle.launcher.daemon.bootstrap.GradleDaemon 8.7

Host: Intel(R) Core(TM) i5-7200U CPU @ 2.50GHz, 4 cores, 7G,  Windows 10 , 64 bit Build 19041 (10.0.19041.5915)
Time: Sat Mar 14 17:58:50 2026 Egypt Standard Time elapsed time: 244.858602 seconds (0d 0h 4m 4s)

---------------  T H R E A D  ---------------

Current thread (0x0000021e57a915f0):  JavaThread "C2 CompilerThread0" daemon [_thread_in_native, id=14492, stack(0x0000006bc2800000,0x0000006bc2900000)]


Current CompileTask:
C2:244858 19833       4       org.gradle.cache.internal.btree.FreeListBlockStore::write (16 bytes)

Stack: [0x0000006bc2800000,0x0000006bc2900000]
Native frames: (J=compiled Java code, j=interpreted, Vv=VM code, C=native code)
V  [jvm.dll+0x68c879]  (no source info available)
V  [jvm.dll+0x845979]  (no source info available)
V  [jvm.dll+0x8476e8]  (no source info available)
V  [jvm.dll+0x847d73]  (no source info available)
V  [jvm.dll+0x24cf6f]  (no source info available)
V  [jvm.dll+0xaecb6]  (no source info available)
V  [jvm.dll+0xaf35c]  (no source info available)
V  [jvm.dll+0x3716ff]  (no source info available)
V  [jvm.dll+0x33b985]  (no source info available)
V  [jvm.dll+0x33adea]  (no source info available)
V  [jvm.dll+0x21df29]  (no source info available)
V  [jvm.dll+0x21d36d]  (no source info available)
V  [jvm.dll+0x1a8ce6]  (no source info available)
V  [jvm.dll+0x22db1b]  (no source info available)
V  [jvm.dll+0x22bca6]  (no source info available)
V  [jvm.dll+0x7fbabb]  (no source info available)
V  [jvm.dll+0x7f5ebc]  (no source info available)
V  [jvm.dll+0x68de17]  (no source info available)
C  [ucrtbase.dll+0x21bb2]  (no source info available)
C  [KERNEL32.DLL+0x17374]  (no source info available)
C  [ntdll.dll+0x4cc91]  (no source info available)


---------------  P R O C E S S  ---------------

Threads class SMR info:
_java_thread_list=0x0000021e7d2b5ce0, length=104, elements={
0x0000021e39e50770, 0x0000021e57a739c0, 0x0000021e57a74840, 0x0000021e57a8a9a0,
0x0000021e57a8b560, 0x0000021e57a8ff40, 0x0000021e57a90900, 0x0000021e57a915f0,
0x0000021e57aacc70, 0x0000021e57ac30f0, 0x0000021e57a5f0c0, 0x0000021e57c38fd0,
0x0000021e78505520, 0x0000021e791c6fe0, 0x0000021e783c4180, 0x0000021e783b30a0,
0x0000021e78706e20, 0x0000021e794df840, 0x0000021e79341030, 0x0000021e77fe4d40,
0x0000021e78fa2c10, 0x0000021e78fa21f0, 0x0000021e78fa17d0, 0x0000021e78fa12c0,
0x0000021e78f9fe80, 0x0000021e78fa08a0, 0x0000021e78fa3120, 0x0000021e78fa0db0,
0x0000021e78fa1ce0, 0x0000021e78fa2700, 0x0000021e78fa3630, 0x0000021e7a2d9de0,
0x0000021e7a2db730, 0x0000021e7a2dad10, 0x0000021e7a2d51f0, 0x0000021e7a2d5700,
0x0000021e7a2da2f0, 0x0000021e7a2d6b40, 0x0000021e7a2da800, 0x0000021e7a2d8eb0,
0x0000021e7a2d6120, 0x0000021e7a2db220, 0x0000021e7a2d42c0, 0x0000021e7a2dbc40,
0x0000021e7a2d93c0, 0x0000021e7a2d47d0, 0x0000021e7a2d7f80, 0x0000021e7a2d8490,
0x0000021e7ba3db40, 0x0000021e7ba3ea70, 0x0000021e7ba3e560, 0x0000021e7ba3feb0,
0x0000021e7ba3d120, 0x0000021e7ba3c700, 0x0000021e7ba3d630, 0x0000021e7ba3cc10,
0x0000021e7ba3e050, 0x0000021e7ba3ef80, 0x0000021e7ba3f490, 0x0000021e7ba3f9a0,
0x0000021e7be3b080, 0x0000021e7be382f0, 0x0000021e7be3c4c0, 0x0000021e7be37de0,
0x0000021e7be38d10, 0x0000021e7be36eb0, 0x0000021e7be369a0, 0x0000021e7be39220,
0x0000021e7be39730, 0x0000021e7be38800, 0x0000021e7be3bfb0, 0x0000021e7be378d0,
0x0000021e7be39c40, 0x0000021e7be3c9d0, 0x0000021e7be373c0, 0x0000021e7be3a150,
0x0000021e7be3a660, 0x0000021e7be3ab70, 0x0000021e7be3baa0, 0x0000021e7be3cee0,
0x0000021e7be3d3f0, 0x0000021e7be3d900, 0x0000021e7be3de10, 0x0000021e7be3e320,
0x0000021e7b3c47e0, 0x0000021e7b3c5c20, 0x0000021e7b3c3dc0, 0x0000021e7b3c42d0,
0x0000021e78fa0390, 0x0000021e7a2d5c10, 0x0000021e7d445a90, 0x0000021e7b3c6640,
0x0000021e7ef3aa80, 0x0000021e7ef37cf0, 0x0000021e7ef35e90, 0x0000021e7ef3bec0,
0x0000021e7ef3c3d0, 0x0000021e7ef38710, 0x0000021e7ef363a0, 0x0000021e7ef34f60,
0x0000021e7ef36dc0, 0x0000021e7ef377e0, 0x0000021e7a2d7050, 0x0000021e7d443210
}

Java Threads: ( => current thread )
  0x0000021e39e50770 JavaThread "main" [_thread_blocked, id=11060, stack(0x0000006bc1b00000,0x0000006bc1c00000)]
  0x0000021e57a739c0 JavaThread "Reference Handler" daemon [_thread_blocked, id=3124, stack(0x0000006bc2200000,0x0000006bc2300000)]
  0x0000021e57a74840 JavaThread "Finalizer" daemon [_thread_blocked, id=14092, stack(0x0000006bc2300000,0x0000006bc2400000)]
  0x0000021e57a8a9a0 JavaThread "Signal Dispatcher" daemon [_thread_blocked, id=10404, stack(0x0000006bc2400000,0x0000006bc2500000)]
  0x0000021e57a8b560 JavaThread "Attach Listener" daemon [_thread_blocked, id=3460, stack(0x0000006bc2500000,0x0000006bc2600000)]
  0x0000021e57a8ff40 JavaThread "Service Thread" daemon [_thread_blocked, id=13820, stack(0x0000006bc2600000,0x0000006bc2700000)]
  0x0000021e57a90900 JavaThread "Monitor Deflation Thread" daemon [_thread_blocked, id=12068, stack(0x0000006bc2700000,0x0000006bc2800000)]
=>0x0000021e57a915f0 JavaThread "C2 CompilerThread0" daemon [_thread_in_native, id=14492, stack(0x0000006bc2800000,0x0000006bc2900000)]
  0x0000021e57aacc70 JavaThread "C1 CompilerThread0" daemon [_thread_blocked, id=15664, stack(0x0000006bc2900000,0x0000006bc2a00000)]
  0x0000021e57ac30f0 JavaThread "Sweeper thread" daemon [_thread_blocked, id=5920, stack(0x0000006bc2a00000,0x0000006bc2b00000)]
  0x0000021e57a5f0c0 JavaThread "Common-Cleaner" daemon [_thread_blocked, id=13196, stack(0x0000006bc2b00000,0x0000006bc2c00000)]
  0x0000021e57c38fd0 JavaThread "Notification Thread" daemon [_thread_blocked, id=14892, stack(0x0000006bc2c00000,0x0000006bc2d00000)]
  0x0000021e78505520 JavaThread "Daemon health stats" [_thread_blocked, id=5628, stack(0x0000006bc3200000,0x0000006bc3300000)]
  0x0000021e791c6fe0 JavaThread "Incoming local TCP Connector on port 62386" [_thread_in_native, id=6456, stack(0x0000006bc3300000,0x0000006bc3400000)]
  0x0000021e783c4180 JavaThread "Daemon periodic checks" [_thread_blocked, id=14216, stack(0x0000006bc3400000,0x0000006bc3500000)]
  0x0000021e783b30a0 JavaThread "Daemon" [_thread_blocked, id=6744, stack(0x0000006bc2e00000,0x0000006bc2f00000)]
  0x0000021e78706e20 JavaThread "Handler for socket connection from /127.0.0.1:62386 to /127.0.0.1:62387" [_thread_in_native, id=7820, stack(0x0000006bc3500000,0x0000006bc3600000)]
  0x0000021e794df840 JavaThread "Cancel handler" [_thread_blocked, id=11568, stack(0x0000006bc3600000,0x0000006bc3700000)]
  0x0000021e79341030 JavaThread "Daemon worker" [_thread_blocked, id=8556, stack(0x0000006bc3700000,0x0000006bc3800000)]
  0x0000021e77fe4d40 JavaThread "Asynchronous log dispatcher for DefaultDaemonConnection: socket connection from /127.0.0.1:62386 to /127.0.0.1:62387" [_thread_blocked, id=9256, stack(0x0000006bc3800000,0x0000006bc3900000)]
  0x0000021e78fa2c10 JavaThread "Stdin handler" [_thread_blocked, id=12328, stack(0x0000006bc3900000,0x0000006bc3a00000)]
  0x0000021e78fa21f0 JavaThread "Daemon client event forwarder" [_thread_blocked, id=13356, stack(0x0000006bc3a00000,0x0000006bc3b00000)]
  0x0000021e78fa17d0 JavaThread "Cache worker for journal cache (C:\Users\Administrator\.gradle\caches\journal-1)" [_thread_blocked, id=3164, stack(0x0000006bc3b00000,0x0000006bc3c00000)]
  0x0000021e78fa12c0 JavaThread "File lock request listener" [_thread_in_native, id=10124, stack(0x0000006bc3c00000,0x0000006bc3d00000)]
  0x0000021e78f9fe80 JavaThread "Cache worker for file hash cache (C:\Users\Administrator\.gradle\caches\8.7\fileHashes)" [_thread_blocked, id=5588, stack(0x0000006bc3d00000,0x0000006bc3e00000)]
  0x0000021e78fa08a0 JavaThread "Cache worker for file hash cache (F:\mobile\android\.gradle\8.7\fileHashes)" [_thread_blocked, id=10828, stack(0x0000006bc3f00000,0x0000006bc4000000)]
  0x0000021e78fa3120 JavaThread "File watcher server" daemon [_thread_in_native, id=14820, stack(0x0000006bc4000000,0x0000006bc4100000)]
  0x0000021e78fa0db0 JavaThread "File watcher consumer" daemon [_thread_blocked, id=12920, stack(0x0000006bc4100000,0x0000006bc4200000)]
  0x0000021e78fa1ce0 JavaThread "Cache worker for checksums cache (F:\mobile\android\.gradle\8.7\checksums)" [_thread_blocked, id=8952, stack(0x0000006bc4200000,0x0000006bc4300000)]
  0x0000021e78fa2700 JavaThread "Cache worker for cache directory md-supplier (C:\Users\Administrator\.gradle\caches\8.7\md-supplier)" [_thread_blocked, id=1280, stack(0x0000006bc4300000,0x0000006bc4400000)]
  0x0000021e78fa3630 JavaThread "Cache worker for cache directory md-rule (C:\Users\Administrator\.gradle\caches\8.7\md-rule)" [_thread_blocked, id=5236, stack(0x0000006bc4400000,0x0000006bc4500000)]
  0x0000021e7a2d9de0 JavaThread "Cache worker for file content cache (C:\Users\Administrator\.gradle\caches\8.7\fileContent)" [_thread_blocked, id=13412, stack(0x0000006bc4500000,0x0000006bc4600000)]
  0x0000021e7a2db730 JavaThread "jar transforms" [_thread_blocked, id=4076, stack(0x0000006bc4600000,0x0000006bc4700000)]
  0x0000021e7a2dad10 JavaThread "Unconstrained build operations" [_thread_blocked, id=11504, stack(0x0000006bc4800000,0x0000006bc4900000)]
  0x0000021e7a2d51f0 JavaThread "Unconstrained build operations Thread 2" [_thread_blocked, id=14816, stack(0x0000006bc4900000,0x0000006bc4a00000)]
  0x0000021e7a2d5700 JavaThread "Unconstrained build operations Thread 3" [_thread_blocked, id=9960, stack(0x0000006bc4a00000,0x0000006bc4b00000)]
  0x0000021e7a2da2f0 JavaThread "Unconstrained build operations Thread 4" [_thread_blocked, id=11248, stack(0x0000006bc4b00000,0x0000006bc4c00000)]
  0x0000021e7a2d6b40 JavaThread "Cache worker for Build Output Cleanup Cache (F:\mobile\node_modules\@react-native\gradle-plugin\.gradle\buildOutputCleanup)" [_thread_blocked, id=14740, stack(0x0000006bc4c00000,0x0000006bc4d00000)]
  0x0000021e7a2da800 JavaThread "Unconstrained build operations Thread 5" [_thread_blocked, id=768, stack(0x0000006bc4d00000,0x0000006bc4e00000)]
  0x0000021e7a2d8eb0 JavaThread "Unconstrained build operations Thread 6" [_thread_blocked, id=7608, stack(0x0000006bc4e00000,0x0000006bc4f00000)]
  0x0000021e7a2d6120 JavaThread "Unconstrained build operations Thread 7" [_thread_blocked, id=9136, stack(0x0000006bc4f00000,0x0000006bc5000000)]
  0x0000021e7a2db220 JavaThread "Unconstrained build operations Thread 8" [_thread_blocked, id=200, stack(0x0000006bc5000000,0x0000006bc5100000)]
  0x0000021e7a2d42c0 JavaThread "Unconstrained build operations Thread 9" [_thread_blocked, id=10256, stack(0x0000006bc5100000,0x0000006bc5200000)]
  0x0000021e7a2dbc40 JavaThread "Unconstrained build operations Thread 10" [_thread_blocked, id=9480, stack(0x0000006bc5200000,0x0000006bc5300000)]
  0x0000021e7a2d93c0 JavaThread "Memory manager" [_thread_blocked, id=13816, stack(0x0000006bc5300000,0x0000006bc5400000)]
  0x0000021e7a2d47d0 JavaThread "build event listener" [_thread_blocked, id=10928, stack(0x0000006bc5400000,0x0000006bc5500000)]
  0x0000021e7a2d7f80 JavaThread "Exec process" daemon [_thread_in_native, id=9536, stack(0x0000006bc5800000,0x0000006bc5900000)]
  0x0000021e7a2d8490 JavaThread "Exec process Thread 2" daemon [_thread_in_native, id=15184, stack(0x0000006bc5900000,0x0000006bc5a00000)]
  0x0000021e7ba3db40 JavaThread "Exec process Thread 3" daemon [_thread_in_native, id=11920, stack(0x0000006bc5a00000,0x0000006bc5b00000)]
  0x0000021e7ba3ea70 JavaThread "included builds" [_thread_blocked, id=508, stack(0x0000006bc5b00000,0x0000006bc5c00000)]
  0x0000021e7ba3e560 JavaThread "Execution worker" [_thread_blocked, id=13336, stack(0x0000006bc5c00000,0x0000006bc5d00000)]
  0x0000021e7ba3feb0 JavaThread "Execution worker Thread 2" [_thread_blocked, id=7544, stack(0x0000006bc5d00000,0x0000006bc5e00000)]
  0x0000021e7ba3d120 JavaThread "Execution worker Thread 3" [_thread_blocked, id=8776, stack(0x0000006bc5e00000,0x0000006bc5f00000)]
  0x0000021e7ba3c700 JavaThread "Cache worker for execution history cache (F:\mobile\node_modules\@react-native\gradle-plugin\.gradle\8.7\executionHistory)" [_thread_blocked, id=14184, stack(0x0000006bc5f00000,0x0000006bc6000000)]
  0x0000021e7ba3d630 JavaThread "Unconstrained build operations Thread 11" [_thread_blocked, id=7592, stack(0x0000006bc6000000,0x0000006bc6100000)]
  0x0000021e7ba3cc10 JavaThread "Unconstrained build operations Thread 12" [_thread_blocked, id=1444, stack(0x0000006bc6100000,0x0000006bc6200000)]
  0x0000021e7ba3e050 JavaThread "Unconstrained build operations Thread 13" [_thread_blocked, id=15380, stack(0x0000006bc6200000,0x0000006bc6300000)]
  0x0000021e7ba3ef80 JavaThread "Unconstrained build operations Thread 14" [_thread_blocked, id=15284, stack(0x0000006bc6300000,0x0000006bc6400000)]
  0x0000021e7ba3f490 JavaThread "Unconstrained build operations Thread 15" [_thread_blocked, id=4664, stack(0x0000006bc6400000,0x0000006bc6500000)]
  0x0000021e7ba3f9a0 JavaThread "Unconstrained build operations Thread 16" [_thread_blocked, id=10820, stack(0x0000006bc6500000,0x0000006bc6600000)]
  0x0000021e7be3b080 JavaThread "Unconstrained build operations Thread 17" [_thread_blocked, id=11476, stack(0x0000006bc6600000,0x0000006bc6700000)]
  0x0000021e7be382f0 JavaThread "Unconstrained build operations Thread 18" [_thread_blocked, id=14956, stack(0x0000006bc6700000,0x0000006bc6800000)]
  0x0000021e7be3c4c0 JavaThread "Unconstrained build operations Thread 19" [_thread_blocked, id=2136, stack(0x0000006bc6800000,0x0000006bc6900000)]
  0x0000021e7be37de0 JavaThread "Unconstrained build operations Thread 20" [_thread_blocked, id=9900, stack(0x0000006bc6900000,0x0000006bc6a00000)]
  0x0000021e7be38d10 JavaThread "Unconstrained build operations Thread 21" [_thread_blocked, id=14724, stack(0x0000006bc6a00000,0x0000006bc6b00000)]
  0x0000021e7be36eb0 JavaThread "Unconstrained build operations Thread 22" [_thread_blocked, id=11440, stack(0x0000006bc6b00000,0x0000006bc6c00000)]
  0x0000021e7be369a0 JavaThread "Unconstrained build operations Thread 23" [_thread_blocked, id=5784, stack(0x0000006bc3e00000,0x0000006bc3f00000)]
  0x0000021e7be39220 JavaThread "Unconstrained build operations Thread 24" [_thread_blocked, id=10408, stack(0x0000006bc6c00000,0x0000006bc6d00000)]
  0x0000021e7be39730 JavaThread "Unconstrained build operations Thread 25" [_thread_blocked, id=13180, stack(0x0000006bc6d00000,0x0000006bc6e00000)]
  0x0000021e7be38800 JavaThread "jar transforms Thread 2" [_thread_blocked, id=16004, stack(0x0000006bc6e00000,0x0000006bc6f00000)]
  0x0000021e7be3bfb0 JavaThread "Cache worker for Build Output Cleanup Cache (F:\mobile\android\.gradle\buildOutputCleanup)" [_thread_blocked, id=9416, stack(0x0000006bc7000000,0x0000006bc7100000)]
  0x0000021e7be378d0 JavaThread "jar transforms Thread 3" [_thread_blocked, id=1656, stack(0x0000006bc7100000,0x0000006bc7200000)]
  0x0000021e7be39c40 JavaThread "Unconstrained build operations Thread 26" [_thread_blocked, id=8212, stack(0x0000006bc7200000,0x0000006bc7300000)]
  0x0000021e7be3c9d0 JavaThread "Unconstrained build operations Thread 27" [_thread_blocked, id=14968, stack(0x0000006bc7300000,0x0000006bc7400000)]
  0x0000021e7be373c0 JavaThread "Unconstrained build operations Thread 28" [_thread_in_Java, id=14188, stack(0x0000006bc7400000,0x0000006bc7500000)]
  0x0000021e7be3a150 JavaThread "Unconstrained build operations Thread 29" [_thread_blocked, id=10900, stack(0x0000006bc7500000,0x0000006bc7600000)]
  0x0000021e7be3a660 JavaThread "Unconstrained build operations Thread 30" [_thread_blocked, id=10860, stack(0x0000006bc7600000,0x0000006bc7700000)]
  0x0000021e7be3ab70 JavaThread "Unconstrained build operations Thread 31" [_thread_blocked, id=7044, stack(0x0000006bc7700000,0x0000006bc7800000)]
  0x0000021e7be3baa0 JavaThread "Unconstrained build operations Thread 32" [_thread_blocked, id=14616, stack(0x0000006bc7800000,0x0000006bc7900000)]
  0x0000021e7be3cee0 JavaThread "Unconstrained build operations Thread 33" [_thread_blocked, id=5136, stack(0x0000006bc7900000,0x0000006bc7a00000)]
  0x0000021e7be3d3f0 JavaThread "Unconstrained build operations Thread 34" [_thread_blocked, id=12208, stack(0x0000006bc7a00000,0x0000006bc7b00000)]
  0x0000021e7be3d900 JavaThread "Unconstrained build operations Thread 35" [_thread_blocked, id=2204, stack(0x0000006bc7b00000,0x0000006bc7c00000)]
  0x0000021e7be3de10 JavaThread "Unconstrained build operations Thread 36" [_thread_blocked, id=16272, stack(0x0000006bc7c00000,0x0000006bc7d00000)]
  0x0000021e7be3e320 JavaThread "Unconstrained build operations Thread 37" [_thread_blocked, id=1212, stack(0x0000006bc7d00000,0x0000006bc7e00000)]
  0x0000021e7b3c47e0 JavaThread "jar transforms Thread 4" [_thread_blocked, id=8152, stack(0x0000006bc7e00000,0x0000006bc7f00000)]
  0x0000021e7b3c5c20 JavaThread "build event listener" [_thread_blocked, id=4960, stack(0x0000006bc6f00000,0x0000006bc7000000)]
  0x0000021e7b3c3dc0 JavaThread "Unconstrained build operations Thread 38" [_thread_blocked, id=7248, stack(0x0000006bc8100000,0x0000006bc8200000)]
  0x0000021e7b3c42d0 JavaThread "Unconstrained build operations Thread 39" [_thread_blocked, id=1720, stack(0x0000006bc8200000,0x0000006bc8300000)]
  0x0000021e78fa0390 JavaThread "Unconstrained build operations Thread 40" [_thread_blocked, id=13172, stack(0x0000006bc8300000,0x0000006bc8400000)]
  0x0000021e7a2d5c10 JavaThread "pool-3-thread-1" [_thread_blocked, id=15808, stack(0x0000006bc8500000,0x0000006bc8600000)]
  0x0000021e7d445a90 JavaThread "build event listener" [_thread_blocked, id=7508, stack(0x0000006bc8600000,0x0000006bc8700000)]
  0x0000021e7b3c6640 JavaThread "Cache worker for execution history cache (F:\mobile\android\.gradle\8.7\executionHistory)" [_thread_blocked, id=9364, stack(0x0000006bc8700000,0x0000006bc8800000)]
  0x0000021e7ef3aa80 JavaThread "WorkerExecutor Queue Thread 3" [_thread_in_native, id=3500, stack(0x0000006bc8400000,0x0000006bc8500000)]
  0x0000021e7ef37cf0 JavaThread "WorkerExecutor Queue Thread 4" [_thread_in_native, id=6780, stack(0x0000006bc8b00000,0x0000006bc8c00000)]
  0x0000021e7ef35e90 JavaThread "WorkerExecutor Queue Thread 5" [_thread_blocked, id=15004, stack(0x0000006bc8c00000,0x0000006bc8d00000)]
  0x0000021e7ef3bec0 JavaThread "WorkerExecutor Queue Thread 6" [_thread_blocked, id=10864, stack(0x0000006bc1a00000,0x0000006bc1b00000)]
  0x0000021e7ef3c3d0 JavaThread "RMI Scheduler(0)" daemon [_thread_blocked, id=740, stack(0x0000006bc1900000,0x0000006bc1a00000)]
  0x0000021e7ef38710 JavaThread "RMI RenewClean-[127.0.0.1:17889,org.jetbrains.kotlin.daemon.common.LoopbackNetworkInterface$ClientLoopbackSocketFactory@5089a6ea]" daemon [_thread_blocked, id=11804, stack(0x0000006bc5500000,0x0000006bc5600000)]
  0x0000021e7ef363a0 JavaThread "RMI GC Daemon" daemon [_thread_blocked, id=5704, stack(0x0000006bc8800000,0x0000006bc8900000)]
  0x0000021e7ef34f60 JavaThread "RMI TCP Accept-0" daemon [_thread_in_native, id=12820, stack(0x0000006bc8900000,0x0000006bc8a00000)]
  0x0000021e7ef36dc0 JavaThread "RMI Reaper" [_thread_blocked, id=14784, stack(0x0000006bc8d00000,0x0000006bc8e00000)]
  0x0000021e7ef377e0 JavaThread "RMI RenewClean-[127.0.0.1:17889,org.jetbrains.kotlin.daemon.common.LoopbackNetworkInterface$ClientLoopbackSocketFactory@9de1fd1]" daemon [_thread_blocked, id=10204, stack(0x0000006bc8e00000,0x0000006bc8f00000)]
  0x0000021e7a2d7050 JavaThread "Thread-83" [_thread_in_native, id=8104, stack(0x0000006bc7f00000,0x0000006bc8000000)]
  0x0000021e7d443210 JavaThread "Thread-84" [_thread_in_native, id=8528, stack(0x0000006bc8000000,0x0000006bc8100000)]

Other Threads:
  0x0000021e57a6fa60 VMThread "VM Thread" [stack: 0x0000006bc2100000,0x0000006bc2200000] [id=7840]
  0x0000021e39e51540 WatcherThread [stack: 0x0000006bc2d00000,0x0000006bc2e00000] [id=16236]
  0x0000021e39eaa4a0 GCTaskThread "GC Thread#0" [stack: 0x0000006bc1c00000,0x0000006bc1d00000] [id=10096]
  0x0000021e57ee65d0 GCTaskThread "GC Thread#1" [stack: 0x0000006bc2f00000,0x0000006bc3000000] [id=11412]
  0x0000021e7716eea0 GCTaskThread "GC Thread#2" [stack: 0x0000006bc3000000,0x0000006bc3100000] [id=5804]
  0x0000021e77b6ee60 GCTaskThread "GC Thread#3" [stack: 0x0000006bc3100000,0x0000006bc3200000] [id=12048]
  0x0000021e39ebd410 ConcurrentGCThread "G1 Main Marker" [stack: 0x0000006bc1d00000,0x0000006bc1e00000] [id=6932]
  0x0000021e39ebe5d0 ConcurrentGCThread "G1 Conc#0" [stack: 0x0000006bc1e00000,0x0000006bc1f00000] [id=4068]
  0x0000021e579324c0 ConcurrentGCThread "G1 Refine#0" [stack: 0x0000006bc1f00000,0x0000006bc2000000] [id=15204]
  0x0000021e785d3440 ConcurrentGCThread "G1 Refine#1" [stack: 0x0000006bc4700000,0x0000006bc4800000] [id=2372]
  0x0000021e7d418490 ConcurrentGCThread "G1 Refine#2" [stack: 0x0000006bc1800000,0x0000006bc1900000] [id=8936]
  0x0000021e57932f00 ConcurrentGCThread "G1 Service" [stack: 0x0000006bc2000000,0x0000006bc2100000] [id=4864]

Threads with active compile tasks:
C2 CompilerThread0  244886 19833       4       org.gradle.cache.internal.btree.FreeListBlockStore::write (16 bytes)

VM state: not at safepoint (normal execution)

VM Mutex/Monitor currently owned by a thread: None

Heap address: 0x0000000080000000, size: 2048 MB, Compressed Oops mode: 32-bit

CDS archive(s) mapped at: [0x0000021e58000000-0x0000021e58bb0000-0x0000021e58bb0000), size 12255232, SharedBaseAddress: 0x0000021e58000000, ArchiveRelocationMode: 1.
Compressed class space mapped at: 0x0000021e59000000-0x0000021e73000000, reserved size: 436207616
Narrow klass base: 0x0000021e58000000, Narrow klass shift: 0, Narrow klass range: 0x100000000

GC Precious Log:
 CPUs: 4 total, 4 available
 Memory: 7843M
 Large Page Support: Disabled
 NUMA Support: Disabled
 Compressed Oops: Enabled (32-bit)
 Heap Region Size: 1M
 Heap Min Capacity: 8M
 Heap Initial Capacity: 124M
 Heap Max Capacity: 2G
 Pre-touch: Disabled
 Parallel Workers: 4
 Concurrent Workers: 1
 Concurrent Refinement Workers: 4
 Periodic GC: Disabled

Heap:
 garbage-first heap   total 397312K, used 230628K [0x0000000080000000, 0x0000000100000000)
  region size 1024K, 44 young (45056K), 8 survivors (8192K)
 Metaspace       used 137331K, committed 138688K, reserved 557056K
  class space    used 18258K, committed 18880K, reserved 425984K

Heap Regions: E=young(eden), S=young(survivor), O=old, HS=humongous(starts), HC=humongous(continues), CS=collection set, F=free, OA=open archive, CA=closed archive, TAMS=top-at-mark-start (previous, next)
|   0|0x0000000080000000, 0x0000000080100000, 0x0000000080100000|100%| O|  |TAMS 0x0000000080100000, 0x0000000080000000| Untracked 
|   1|0x0000000080100000, 0x0000000080200000, 0x0000000080200000|100%|HS|  |TAMS 0x0000000080200000, 0x0000000080100000| Complete 
|   2|0x0000000080200000, 0x0000000080300000, 0x0000000080300000|100%|HC|  |TAMS 0x0000000080300000, 0x0000000080200000| Complete 
|   3|0x0000000080300000, 0x0000000080400000, 0x0000000080400000|100%|HC|  |TAMS 0x0000000080400000, 0x0000000080300000| Complete 
|   4|0x0000000080400000, 0x0000000080500000, 0x0000000080500000|100%|HC|  |TAMS 0x0000000080500000, 0x0000000080400000| Complete 
|   5|0x0000000080500000, 0x0000000080600000, 0x0000000080600000|100%| O|  |TAMS 0x0000000080600000, 0x0000000080500000| Untracked 
|   6|0x0000000080600000, 0x0000000080700000, 0x0000000080700000|100%| O|  |TAMS 0x0000000080700000, 0x0000000080600000| Untracked 
|   7|0x0000000080700000, 0x0000000080800000, 0x0000000080800000|100%| O|  |TAMS 0x0000000080800000, 0x0000000080700000| Untracked 
|   8|0x0000000080800000, 0x0000000080900000, 0x0000000080900000|100%| O|  |TAMS 0x0000000080900000, 0x0000000080800000| Untracked 
|   9|0x0000000080900000, 0x0000000080a00000, 0x0000000080a00000|100%| O|  |TAMS 0x0000000080a00000, 0x0000000080900000| Untracked 
|  10|0x0000000080a00000, 0x0000000080b00000, 0x0000000080b00000|100%| O|  |TAMS 0x0000000080b00000, 0x0000000080a00000| Untracked 
|  11|0x0000000080b00000, 0x0000000080c00000, 0x0000000080c00000|100%| O|  |TAMS 0x0000000080c00000, 0x0000000080b00000| Untracked 
|  12|0x0000000080c00000, 0x0000000080d00000, 0x0000000080d00000|100%| O|  |TAMS 0x0000000080d00000, 0x0000000080c00000| Untracked 
|  13|0x0000000080d00000, 0x0000000080e00000, 0x0000000080e00000|100%| O|  |TAMS 0x0000000080e00000, 0x0000000080d00000| Untracked 
|  14|0x0000000080e00000, 0x0000000080f00000, 0x0000000080f00000|100%| O|  |TAMS 0x0000000080f00000, 0x0000000080e00000| Untracked 
|  15|0x0000000080f00000, 0x0000000081000000, 0x0000000081000000|100%| O|  |TAMS 0x0000000081000000, 0x0000000080f00000| Untracked 
|  16|0x0000000081000000, 0x0000000081100000, 0x0000000081100000|100%| O|  |TAMS 0x0000000081100000, 0x0000000081000000| Untracked 
|  17|0x0000000081100000, 0x0000000081200000, 0x0000000081200000|100%| O|  |TAMS 0x0000000081200000, 0x0000000081100000| Untracked 
|  18|0x0000000081200000, 0x0000000081300000, 0x0000000081300000|100%| O|  |TAMS 0x0000000081300000, 0x0000000081200000| Untracked 
|  19|0x0000000081300000, 0x00000000813c9a00, 0x0000000081400000| 78%| O|  |TAMS 0x00000000813c9a00, 0x0000000081300000| Untracked 
|  20|0x0000000081400000, 0x0000000081500000, 0x0000000081500000|100%| O|  |TAMS 0x0000000081500000, 0x0000000081400000| Untracked 
|  21|0x0000000081500000, 0x0000000081600000, 0x0000000081600000|100%| O|  |TAMS 0x0000000081600000, 0x0000000081500000| Untracked 
|  22|0x0000000081600000, 0x0000000081700000, 0x0000000081700000|100%|HS|  |TAMS 0x0000000081700000, 0x0000000081600000| Complete 
|  23|0x0000000081700000, 0x0000000081800000, 0x0000000081800000|100%| O|  |TAMS 0x0000000081800000, 0x0000000081700000| Untracked 
|  24|0x0000000081800000, 0x0000000081900000, 0x0000000081900000|100%| O|  |TAMS 0x0000000081900000, 0x0000000081800000| Untracked 
|  25|0x0000000081900000, 0x0000000081a00000, 0x0000000081a00000|100%|HS|  |TAMS 0x0000000081a00000, 0x0000000081900000| Complete 
|  26|0x0000000081a00000, 0x0000000081b00000, 0x0000000081b00000|100%| O|  |TAMS 0x0000000081b00000, 0x0000000081a00000| Untracked 
|  27|0x0000000081b00000, 0x0000000081c00000, 0x0000000081c00000|100%| O|  |TAMS 0x0000000081c00000, 0x0000000081b00000| Untracked 
|  28|0x0000000081c00000, 0x0000000081d00000, 0x0000000081d00000|100%| O|  |TAMS 0x0000000081d00000, 0x0000000081c00000| Untracked 
|  29|0x0000000081d00000, 0x0000000081e00000, 0x0000000081e00000|100%| O|  |TAMS 0x0000000081e00000, 0x0000000081d00000| Untracked 
|  30|0x0000000081e00000, 0x0000000081f00000, 0x0000000081f00000|100%| O|  |TAMS 0x0000000081f00000, 0x0000000081e00000| Untracked 
|  31|0x0000000081f00000, 0x0000000082000000, 0x0000000082000000|100%| O|  |TAMS 0x0000000082000000, 0x0000000081f00000| Untracked 
|  32|0x0000000082000000, 0x0000000082100000, 0x0000000082100000|100%| O|  |TAMS 0x0000000082100000, 0x0000000082000000| Untracked 
|  33|0x0000000082100000, 0x0000000082200000, 0x0000000082200000|100%| O|  |TAMS 0x0000000082200000, 0x0000000082100000| Untracked 
|  34|0x0000000082200000, 0x0000000082300000, 0x0000000082300000|100%| O|  |TAMS 0x0000000082300000, 0x0000000082200000| Untracked 
|  35|0x0000000082300000, 0x0000000082400000, 0x0000000082400000|100%| O|  |TAMS 0x0000000082400000, 0x0000000082300000| Untracked 
|  36|0x0000000082400000, 0x0000000082500000, 0x0000000082500000|100%| O|  |TAMS 0x0000000082500000, 0x0000000082400000| Untracked 
|  37|0x0000000082500000, 0x0000000082600000, 0x0000000082600000|100%| O|  |TAMS 0x0000000082600000, 0x0000000082500000| Untracked 
|  38|0x0000000082600000, 0x0000000082700000, 0x0000000082700000|100%| O|  |TAMS 0x0000000082700000, 0x0000000082600000| Untracked 
|  39|0x0000000082700000, 0x0000000082800000, 0x0000000082800000|100%| O|  |TAMS 0x0000000082800000, 0x0000000082700000| Untracked 
|  40|0x0000000082800000, 0x0000000082900000, 0x0000000082900000|100%|HS|  |TAMS 0x0000000082900000, 0x0000000082800000| Complete 
|  41|0x0000000082900000, 0x0000000082a00000, 0x0000000082a00000|100%|HC|  |TAMS 0x0000000082a00000, 0x0000000082900000| Complete 
|  42|0x0000000082a00000, 0x0000000082b00000, 0x0000000082b00000|100%|HS|  |TAMS 0x0000000082b00000, 0x0000000082a00000| Complete 
|  43|0x0000000082b00000, 0x0000000082c00000, 0x0000000082c00000|100%|HC|  |TAMS 0x0000000082c00000, 0x0000000082b00000| Complete 
|  44|0x0000000082c00000, 0x0000000082d00000, 0x0000000082d00000|100%|HS|  |TAMS 0x0000000082d00000, 0x0000000082c00000| Complete 
|  45|0x0000000082d00000, 0x0000000082e00000, 0x0000000082e00000|100%|HC|  |TAMS 0x0000000082e00000, 0x0000000082d00000| Complete 
|  46|0x0000000082e00000, 0x0000000082f00000, 0x0000000082f00000|100%|HC|  |TAMS 0x0000000082f00000, 0x0000000082e00000| Complete 
|  47|0x0000000082f00000, 0x0000000083000000, 0x0000000083000000|100%|HC|  |TAMS 0x0000000083000000, 0x0000000082f00000| Complete 
|  48|0x0000000083000000, 0x0000000083100000, 0x0000000083100000|100%|HS|  |TAMS 0x0000000083100000, 0x0000000083000000| Complete 
|  49|0x0000000083100000, 0x0000000083200000, 0x0000000083200000|100%|HC|  |TAMS 0x0000000083200000, 0x0000000083100000| Complete 
|  50|0x0000000083200000, 0x0000000083300000, 0x0000000083300000|100%|HC|  |TAMS 0x0000000083300000, 0x0000000083200000| Complete 
|  51|0x0000000083300000, 0x0000000083400000, 0x0000000083400000|100%|HC|  |TAMS 0x0000000083400000, 0x0000000083300000| Complete 
|  52|0x0000000083400000, 0x0000000083500000, 0x0000000083500000|100%| O|  |TAMS 0x0000000083500000, 0x0000000083400000| Untracked 
|  53|0x0000000083500000, 0x0000000083600000, 0x0000000083600000|100%| O|  |TAMS 0x0000000083600000, 0x0000000083500000| Untracked 
|  54|0x0000000083600000, 0x0000000083700000, 0x0000000083700000|100%| O|  |TAMS 0x0000000083700000, 0x0000000083600000| Untracked 
|  55|0x0000000083700000, 0x0000000083800000, 0x0000000083800000|100%| O|  |TAMS 0x0000000083800000, 0x0000000083700000| Untracked 
|  56|0x0000000083800000, 0x0000000083900000, 0x0000000083900000|100%| O|  |TAMS 0x0000000083900000, 0x0000000083800000| Untracked 
|  57|0x0000000083900000, 0x0000000083a00000, 0x0000000083a00000|100%| O|  |TAMS 0x0000000083a00000, 0x0000000083900000| Untracked 
|  58|0x0000000083a00000, 0x0000000083b00000, 0x0000000083b00000|100%| O|  |TAMS 0x0000000083b00000, 0x0000000083a00000| Untracked 
|  59|0x0000000083b00000, 0x0000000083c00000, 0x0000000083c00000|100%| O|  |TAMS 0x0000000083c00000, 0x0000000083b00000| Untracked 
|  60|0x0000000083c00000, 0x0000000083d00000, 0x0000000083d00000|100%| O|  |TAMS 0x0000000083d00000, 0x0000000083c00000| Untracked 
|  61|0x0000000083d00000, 0x0000000083e00000, 0x0000000083e00000|100%| O|  |TAMS 0x0000000083e00000, 0x0000000083d00000| Untracked 
|  62|0x0000000083e00000, 0x0000000083f00000, 0x0000000083f00000|100%| O|  |TAMS 0x0000000083f00000, 0x0000000083e00000| Untracked 
|  63|0x0000000083f00000, 0x0000000084000000, 0x0000000084000000|100%| O|  |TAMS 0x0000000084000000, 0x0000000083f00000| Untracked 
|  64|0x0000000084000000, 0x0000000084100000, 0x0000000084100000|100%| O|  |TAMS 0x0000000084100000, 0x0000000084000000| Untracked 
|  65|0x0000000084100000, 0x0000000084200000, 0x0000000084200000|100%| O|  |TAMS 0x0000000084200000, 0x0000000084100000| Untracked 
|  66|0x0000000084200000, 0x0000000084300000, 0x0000000084300000|100%| O|  |TAMS 0x0000000084200000, 0x0000000084200000| Untracked 
|  67|0x0000000084300000, 0x0000000084400000, 0x0000000084400000|100%| O|  |TAMS 0x0000000084400000, 0x0000000084300000| Untracked 
|  68|0x0000000084400000, 0x0000000084500000, 0x0000000084500000|100%| O|  |TAMS 0x0000000084500000, 0x0000000084400000| Untracked 
|  69|0x0000000084500000, 0x0000000084600000, 0x0000000084600000|100%| O|  |TAMS 0x0000000084600000, 0x0000000084500000| Untracked 
|  70|0x0000000084600000, 0x0000000084700000, 0x0000000084700000|100%|HS|  |TAMS 0x0000000084700000, 0x0000000084600000| Complete 
|  71|0x0000000084700000, 0x0000000084800000, 0x0000000084800000|100%|HC|  |TAMS 0x0000000084800000, 0x0000000084700000| Complete 
|  72|0x0000000084800000, 0x0000000084900000, 0x0000000084900000|100%|HS|  |TAMS 0x0000000084900000, 0x0000000084800000| Complete 
|  73|0x0000000084900000, 0x0000000084a00000, 0x0000000084a00000|100%|HS|  |TAMS 0x0000000084a00000, 0x0000000084900000| Complete 
|  74|0x0000000084a00000, 0x0000000084b00000, 0x0000000084b00000|100%|HS|  |TAMS 0x0000000084b00000, 0x0000000084a00000| Complete 
|  75|0x0000000084b00000, 0x0000000084c00000, 0x0000000084c00000|100%|HC|  |TAMS 0x0000000084c00000, 0x0000000084b00000| Complete 
|  76|0x0000000084c00000, 0x0000000084d00000, 0x0000000084d00000|100%|HC|  |TAMS 0x0000000084d00000, 0x0000000084c00000| Complete 
|  77|0x0000000084d00000, 0x0000000084e00000, 0x0000000084e00000|100%|HS|  |TAMS 0x0000000084e00000, 0x0000000084d00000| Complete 
|  78|0x0000000084e00000, 0x0000000084f00000, 0x0000000084f00000|100%|HS|  |TAMS 0x0000000084f00000, 0x0000000084e00000| Complete 
|  79|0x0000000084f00000, 0x0000000085000000, 0x0000000085000000|100%|HS|  |TAMS 0x0000000085000000, 0x0000000084f00000| Complete 
|  80|0x0000000085000000, 0x0000000085100000, 0x0000000085100000|100%|HC|  |TAMS 0x0000000085100000, 0x0000000085000000| Complete 
|  81|0x0000000085100000, 0x0000000085200000, 0x0000000085200000|100%|HS|  |TAMS 0x0000000085200000, 0x0000000085100000| Complete 
|  82|0x0000000085200000, 0x0000000085300000, 0x0000000085300000|100%| O|  |TAMS 0x0000000085300000, 0x0000000085200000| Untracked 
|  83|0x0000000085300000, 0x0000000085400000, 0x0000000085400000|100%| O|  |TAMS 0x0000000085400000, 0x0000000085300000| Untracked 
|  84|0x0000000085400000, 0x0000000085500000, 0x0000000085500000|100%| O|  |TAMS 0x0000000085500000, 0x0000000085400000| Untracked 
|  85|0x0000000085500000, 0x0000000085600000, 0x0000000085600000|100%| O|  |TAMS 0x0000000085600000, 0x0000000085500000| Untracked 
|  86|0x0000000085600000, 0x0000000085700000, 0x0000000085700000|100%| O|  |TAMS 0x0000000085700000, 0x0000000085600000| Untracked 
|  87|0x0000000085700000, 0x0000000085800000, 0x0000000085800000|100%| O|  |TAMS 0x0000000085800000, 0x0000000085700000| Untracked 
|  88|0x0000000085800000, 0x0000000085900000, 0x0000000085900000|100%| O|  |TAMS 0x0000000085900000, 0x0000000085800000| Untracked 
|  89|0x0000000085900000, 0x0000000085a00000, 0x0000000085a00000|100%| O|  |TAMS 0x0000000085a00000, 0x0000000085900000| Untracked 
|  90|0x0000000085a00000, 0x0000000085b00000, 0x0000000085b00000|100%| O|  |TAMS 0x0000000085b00000, 0x0000000085a00000| Untracked 
|  91|0x0000000085b00000, 0x0000000085c00000, 0x0000000085c00000|100%| O|  |TAMS 0x0000000085c00000, 0x0000000085b00000| Untracked 
|  92|0x0000000085c00000, 0x0000000085d00000, 0x0000000085d00000|100%| O|  |TAMS 0x0000000085d00000, 0x0000000085c00000| Untracked 
|  93|0x0000000085d00000, 0x0000000085e00000, 0x0000000085e00000|100%| O|  |TAMS 0x0000000085e00000, 0x0000000085d00000| Untracked 
|  94|0x0000000085e00000, 0x0000000085f00000, 0x0000000085f00000|100%| O|  |TAMS 0x0000000085f00000, 0x0000000085e00000| Untracked 
|  95|0x0000000085f00000, 0x0000000086000000, 0x0000000086000000|100%| O|  |TAMS 0x0000000086000000, 0x0000000085f00000| Untracked 
|  96|0x0000000086000000, 0x0000000086100000, 0x0000000086100000|100%| O|  |TAMS 0x0000000086000000, 0x0000000086000000| Untracked 
|  97|0x0000000086100000, 0x0000000086200000, 0x0000000086200000|100%| O|  |TAMS 0x0000000086100000, 0x0000000086100000| Untracked 
|  98|0x0000000086200000, 0x0000000086300000, 0x0000000086300000|100%| O|  |TAMS 0x0000000086300000, 0x0000000086200000| Untracked 
|  99|0x0000000086300000, 0x0000000086400000, 0x0000000086400000|100%|HS|  |TAMS 0x0000000086300000, 0x0000000086300000| Complete 
| 100|0x0000000086400000, 0x0000000086500000, 0x0000000086500000|100%| O|  |TAMS 0x0000000086500000, 0x0000000086400000| Untracked 
| 101|0x0000000086500000, 0x0000000086600000, 0x0000000086600000|100%| O|  |TAMS 0x0000000086600000, 0x0000000086500000| Untracked 
| 102|0x0000000086600000, 0x0000000086700000, 0x0000000086700000|100%| O|  |TAMS 0x0000000086700000, 0x0000000086600000| Untracked 
| 103|0x0000000086700000, 0x0000000086800000, 0x0000000086800000|100%| O|  |TAMS 0x0000000086800000, 0x0000000086700000| Untracked 
| 104|0x0000000086800000, 0x0000000086900000, 0x0000000086900000|100%| O|  |TAMS 0x0000000086900000, 0x0000000086800000| Untracked 
| 105|0x0000000086900000, 0x0000000086a00000, 0x0000000086a00000|100%| O|  |TAMS 0x0000000086953200, 0x0000000086900000| Untracked 
| 106|0x0000000086a00000, 0x0000000086b00000, 0x0000000086b00000|100%| O|  |TAMS 0x0000000086a00000, 0x0000000086a00000| Untracked 
| 107|0x0000000086b00000, 0x0000000086c00000, 0x0000000086c00000|100%|HS|  |TAMS 0x0000000086b00000, 0x0000000086b00000| Complete 
| 108|0x0000000086c00000, 0x0000000086d00000, 0x0000000086d00000|100%|HC|  |TAMS 0x0000000086c00000, 0x0000000086c00000| Complete 
| 109|0x0000000086d00000, 0x0000000086e00000, 0x0000000086e00000|100%|HC|  |TAMS 0x0000000086d00000, 0x0000000086d00000| Complete 
| 110|0x0000000086e00000, 0x0000000086f00000, 0x0000000086f00000|100%|HS|  |TAMS 0x0000000086e00000, 0x0000000086e00000| Complete 
| 111|0x0000000086f00000, 0x0000000087000000, 0x0000000087000000|100%|HC|  |TAMS 0x0000000086f00000, 0x0000000086f00000| Complete 
| 112|0x0000000087000000, 0x0000000087100000, 0x0000000087100000|100%|HS|  |TAMS 0x0000000087000000, 0x0000000087000000| Complete 
| 113|0x0000000087100000, 0x0000000087200000, 0x0000000087200000|100%|HC|  |TAMS 0x0000000087100000, 0x0000000087100000| Complete 
| 114|0x0000000087200000, 0x0000000087300000, 0x0000000087300000|100%|HC|  |TAMS 0x0000000087200000, 0x0000000087200000| Complete 
| 115|0x0000000087300000, 0x0000000087400000, 0x0000000087400000|100%|HC|  |TAMS 0x0000000087300000, 0x0000000087300000| Complete 
| 116|0x0000000087400000, 0x0000000087500000, 0x0000000087500000|100%|HS|  |TAMS 0x0000000087400000, 0x0000000087400000| Complete 
| 117|0x0000000087500000, 0x0000000087600000, 0x0000000087600000|100%| O|  |TAMS 0x0000000087500000, 0x0000000087500000| Untracked 
| 118|0x0000000087600000, 0x0000000087700000, 0x0000000087700000|100%|HS|  |TAMS 0x0000000087600000, 0x0000000087600000| Complete 
| 119|0x0000000087700000, 0x0000000087800000, 0x0000000087800000|100%|HC|  |TAMS 0x0000000087700000, 0x0000000087700000| Complete 
| 120|0x0000000087800000, 0x0000000087900000, 0x0000000087900000|100%|HS|  |TAMS 0x0000000087800000, 0x0000000087800000| Complete 
| 121|0x0000000087900000, 0x0000000087a00000, 0x0000000087a00000|100%|HS|  |TAMS 0x0000000087900000, 0x0000000087900000| Complete 
| 122|0x0000000087a00000, 0x0000000087b00000, 0x0000000087b00000|100%|HS|  |TAMS 0x0000000087a00000, 0x0000000087a00000| Complete 
| 123|0x0000000087b00000, 0x0000000087c00000, 0x0000000087c00000|100%| O|  |TAMS 0x0000000087b00000, 0x0000000087b00000| Untracked 
| 124|0x0000000087c00000, 0x0000000087d00000, 0x0000000087d00000|100%| O|  |TAMS 0x0000000087c00000, 0x0000000087c00000| Untracked 
| 125|0x0000000087d00000, 0x0000000087e00000, 0x0000000087e00000|100%| O|  |TAMS 0x0000000087d00000, 0x0000000087d00000| Untracked 
| 126|0x0000000087e00000, 0x0000000087f00000, 0x0000000087f00000|100%| O|  |TAMS 0x0000000087e00000, 0x0000000087e00000| Untracked 
| 127|0x0000000087f00000, 0x0000000088000000, 0x0000000088000000|100%| O|  |TAMS 0x0000000087f00000, 0x0000000087f00000| Untracked 
| 128|0x0000000088000000, 0x0000000088100000, 0x0000000088100000|100%| O|  |TAMS 0x0000000088000000, 0x0000000088000000| Untracked 
| 129|0x0000000088100000, 0x0000000088200000, 0x0000000088200000|100%| O|  |TAMS 0x0000000088100000, 0x0000000088100000| Untracked 
| 130|0x0000000088200000, 0x0000000088300000, 0x0000000088300000|100%| O|  |TAMS 0x0000000088200000, 0x0000000088200000| Untracked 
| 131|0x0000000088300000, 0x0000000088400000, 0x0000000088400000|100%| O|  |TAMS 0x0000000088300000, 0x0000000088300000| Untracked 
| 132|0x0000000088400000, 0x0000000088500000, 0x0000000088500000|100%| O|  |TAMS 0x0000000088400000, 0x0000000088400000| Untracked 
| 133|0x0000000088500000, 0x0000000088600000, 0x0000000088600000|100%| O|  |TAMS 0x0000000088500000, 0x0000000088500000| Untracked 
| 134|0x0000000088600000, 0x0000000088700000, 0x0000000088700000|100%| O|  |TAMS 0x0000000088600000, 0x0000000088600000| Untracked 
| 135|0x0000000088700000, 0x0000000088800000, 0x0000000088800000|100%| O|  |TAMS 0x0000000088700000, 0x0000000088700000| Untracked 
| 136|0x0000000088800000, 0x0000000088900000, 0x0000000088900000|100%| O|  |TAMS 0x0000000088800000, 0x0000000088800000| Untracked 
| 137|0x0000000088900000, 0x0000000088a00000, 0x0000000088a00000|100%| O|  |TAMS 0x0000000088900000, 0x0000000088900000| Untracked 
| 138|0x0000000088a00000, 0x0000000088b00000, 0x0000000088b00000|100%| O|  |TAMS 0x0000000088a00000, 0x0000000088a00000| Untracked 
| 139|0x0000000088b00000, 0x0000000088c00000, 0x0000000088c00000|100%| O|  |TAMS 0x0000000088b00000, 0x0000000088b00000| Untracked 
| 140|0x0000000088c00000, 0x0000000088d00000, 0x0000000088d00000|100%| O|  |TAMS 0x0000000088c00000, 0x0000000088c00000| Untracked 
| 141|0x0000000088d00000, 0x0000000088e00000, 0x0000000088e00000|100%| O|  |TAMS 0x0000000088d00000, 0x0000000088d00000| Untracked 
| 142|0x0000000088e00000, 0x0000000088f00000, 0x0000000088f00000|100%| O|  |TAMS 0x0000000088e00000, 0x0000000088e00000| Untracked 
| 143|0x0000000088f00000, 0x0000000089000000, 0x0000000089000000|100%| O|  |TAMS 0x0000000088f00000, 0x0000000088f00000| Untracked 
| 144|0x0000000089000000, 0x0000000089100000, 0x0000000089100000|100%| O|  |TAMS 0x0000000089000000, 0x0000000089000000| Untracked 
| 145|0x0000000089100000, 0x0000000089200000, 0x0000000089200000|100%| O|  |TAMS 0x0000000089100000, 0x0000000089100000| Untracked 
| 146|0x0000000089200000, 0x0000000089300000, 0x0000000089300000|100%| O|  |TAMS 0x0000000089200000, 0x0000000089200000| Untracked 
| 147|0x0000000089300000, 0x0000000089400000, 0x0000000089400000|100%| O|  |TAMS 0x0000000089300000, 0x0000000089300000| Untracked 
| 148|0x0000000089400000, 0x0000000089500000, 0x0000000089500000|100%| O|  |TAMS 0x0000000089400000, 0x0000000089400000| Untracked 
| 149|0x0000000089500000, 0x0000000089600000, 0x0000000089600000|100%| O|  |TAMS 0x0000000089500000, 0x0000000089500000| Untracked 
| 150|0x0000000089600000, 0x0000000089700000, 0x0000000089700000|100%| O|  |TAMS 0x0000000089600000, 0x0000000089600000| Untracked 
| 151|0x0000000089700000, 0x0000000089800000, 0x0000000089800000|100%| O|  |TAMS 0x0000000089700000, 0x0000000089700000| Untracked 
| 152|0x0000000089800000, 0x0000000089900000, 0x0000000089900000|100%| O|  |TAMS 0x0000000089800000, 0x0000000089800000| Untracked 
| 153|0x0000000089900000, 0x0000000089a00000, 0x0000000089a00000|100%| O|  |TAMS 0x0000000089900000, 0x0000000089900000| Untracked 
| 154|0x0000000089a00000, 0x0000000089b00000, 0x0000000089b00000|100%| O|  |TAMS 0x0000000089a00000, 0x0000000089a00000| Untracked 
| 155|0x0000000089b00000, 0x0000000089c00000, 0x0000000089c00000|100%| O|  |TAMS 0x0000000089b00000, 0x0000000089b00000| Untracked 
| 156|0x0000000089c00000, 0x0000000089d00000, 0x0000000089d00000|100%| O|  |TAMS 0x0000000089c00000, 0x0000000089c00000| Untracked 
| 157|0x0000000089d00000, 0x0000000089e00000, 0x0000000089e00000|100%| O|  |TAMS 0x0000000089d00000, 0x0000000089d00000| Untracked 
| 158|0x0000000089e00000, 0x0000000089f00000, 0x0000000089f00000|100%| O|  |TAMS 0x0000000089e00000, 0x0000000089e00000| Untracked 
| 159|0x0000000089f00000, 0x000000008a000000, 0x000000008a000000|100%| O|  |TAMS 0x0000000089f00000, 0x0000000089f00000| Untracked 
| 160|0x000000008a000000, 0x000000008a100000, 0x000000008a100000|100%| O|  |TAMS 0x000000008a000000, 0x000000008a000000| Untracked 
| 161|0x000000008a100000, 0x000000008a200000, 0x000000008a200000|100%| O|  |TAMS 0x000000008a100000, 0x000000008a100000| Untracked 
| 162|0x000000008a200000, 0x000000008a300000, 0x000000008a300000|100%| O|  |TAMS 0x000000008a200000, 0x000000008a200000| Untracked 
| 163|0x000000008a300000, 0x000000008a400000, 0x000000008a400000|100%| O|  |TAMS 0x000000008a300000, 0x000000008a300000| Untracked 
| 164|0x000000008a400000, 0x000000008a500000, 0x000000008a500000|100%| O|  |TAMS 0x000000008a400000, 0x000000008a400000| Untracked 
| 165|0x000000008a500000, 0x000000008a600000, 0x000000008a600000|100%| O|  |TAMS 0x000000008a500000, 0x000000008a500000| Untracked 
| 166|0x000000008a600000, 0x000000008a700000, 0x000000008a700000|100%| O|  |TAMS 0x000000008a600000, 0x000000008a600000| Untracked 
| 167|0x000000008a700000, 0x000000008a800000, 0x000000008a800000|100%| O|  |TAMS 0x000000008a700000, 0x000000008a700000| Untracked 
| 168|0x000000008a800000, 0x000000008a900000, 0x000000008a900000|100%| O|  |TAMS 0x000000008a800000, 0x000000008a800000| Untracked 
| 169|0x000000008a900000, 0x000000008aa00000, 0x000000008aa00000|100%| O|  |TAMS 0x000000008a900000, 0x000000008a900000| Untracked 
| 170|0x000000008aa00000, 0x000000008ab00000, 0x000000008ab00000|100%| O|  |TAMS 0x000000008aa00000, 0x000000008aa00000| Untracked 
| 171|0x000000008ab00000, 0x000000008ac00000, 0x000000008ac00000|100%| O|  |TAMS 0x000000008ab00000, 0x000000008ab00000| Untracked 
| 172|0x000000008ac00000, 0x000000008ad00000, 0x000000008ad00000|100%| O|  |TAMS 0x000000008ac00000, 0x000000008ac00000| Untracked 
| 173|0x000000008ad00000, 0x000000008ae00000, 0x000000008ae00000|100%| O|  |TAMS 0x000000008ad00000, 0x000000008ad00000| Untracked 
| 174|0x000000008ae00000, 0x000000008af00000, 0x000000008af00000|100%| O|  |TAMS 0x000000008ae00000, 0x000000008ae00000| Untracked 
| 175|0x000000008af00000, 0x000000008b000000, 0x000000008b000000|100%| O|  |TAMS 0x000000008af00000, 0x000000008af00000| Untracked 
| 176|0x000000008b000000, 0x000000008b100000, 0x000000008b100000|100%| O|  |TAMS 0x000000008b000000, 0x000000008b000000| Untracked 
| 177|0x000000008b100000, 0x000000008b200000, 0x000000008b200000|100%| O|  |TAMS 0x000000008b100000, 0x000000008b100000| Untracked 
| 178|0x000000008b200000, 0x000000008b300000, 0x000000008b300000|100%| O|  |TAMS 0x000000008b200000, 0x000000008b200000| Untracked 
| 179|0x000000008b300000, 0x000000008b400000, 0x000000008b400000|100%| O|  |TAMS 0x000000008b300000, 0x000000008b300000| Untracked 
| 180|0x000000008b400000, 0x000000008b500000, 0x000000008b500000|100%| O|  |TAMS 0x000000008b400000, 0x000000008b400000| Untracked 
| 181|0x000000008b500000, 0x000000008b600000, 0x000000008b600000|100%| O|  |TAMS 0x000000008b500000, 0x000000008b500000| Untracked 
| 182|0x000000008b600000, 0x000000008b700000, 0x000000008b700000|100%| O|  |TAMS 0x000000008b600000, 0x000000008b600000| Untracked 
| 183|0x000000008b700000, 0x000000008b7b9c00, 0x000000008b800000| 72%| O|  |TAMS 0x000000008b700000, 0x000000008b700000| Untracked 
| 184|0x000000008b800000, 0x000000008b800000, 0x000000008b900000|  0%| F|  |TAMS 0x000000008b800000, 0x000000008b800000| Untracked 
| 185|0x000000008b900000, 0x000000008b900000, 0x000000008ba00000|  0%| F|  |TAMS 0x000000008b900000, 0x000000008b900000| Untracked 
| 186|0x000000008ba00000, 0x000000008ba00000, 0x000000008bb00000|  0%| F|  |TAMS 0x000000008ba00000, 0x000000008ba00000| Untracked 
| 187|0x000000008bb00000, 0x000000008bb00000, 0x000000008bc00000|  0%| F|  |TAMS 0x000000008bb00000, 0x000000008bb00000| Untracked 
| 188|0x000000008bc00000, 0x000000008bc00000, 0x000000008bd00000|  0%| F|  |TAMS 0x000000008bc00000, 0x000000008bc00000| Untracked 
| 189|0x000000008bd00000, 0x000000008bd00000, 0x000000008be00000|  0%| F|  |TAMS 0x000000008bd00000, 0x000000008bd00000| Untracked 
| 190|0x000000008be00000, 0x000000008be00000, 0x000000008bf00000|  0%| F|  |TAMS 0x000000008be00000, 0x000000008be00000| Untracked 
| 191|0x000000008bf00000, 0x000000008bf00000, 0x000000008c000000|  0%| F|  |TAMS 0x000000008bf00000, 0x000000008bf00000| Untracked 
| 192|0x000000008c000000, 0x000000008c000000, 0x000000008c100000|  0%| F|  |TAMS 0x000000008c000000, 0x000000008c000000| Untracked 
| 193|0x000000008c100000, 0x000000008c100000, 0x000000008c200000|  0%| F|  |TAMS 0x000000008c100000, 0x000000008c100000| Untracked 
| 194|0x000000008c200000, 0x000000008c200000, 0x000000008c300000|  0%| F|  |TAMS 0x000000008c200000, 0x000000008c200000| Untracked 
| 195|0x000000008c300000, 0x000000008c300000, 0x000000008c400000|  0%| F|  |TAMS 0x000000008c300000, 0x000000008c300000| Untracked 
| 196|0x000000008c400000, 0x000000008c400000, 0x000000008c500000|  0%| F|  |TAMS 0x000000008c400000, 0x000000008c400000| Untracked 
| 197|0x000000008c500000, 0x000000008c500000, 0x000000008c600000|  0%| F|  |TAMS 0x000000008c500000, 0x000000008c500000| Untracked 
| 198|0x000000008c600000, 0x000000008c600000, 0x000000008c700000|  0%| F|  |TAMS 0x000000008c600000, 0x000000008c600000| Untracked 
| 199|0x000000008c700000, 0x000000008c700000, 0x000000008c800000|  0%| F|  |TAMS 0x000000008c700000, 0x000000008c700000| Untracked 
| 200|0x000000008c800000, 0x000000008c800000, 0x000000008c900000|  0%| F|  |TAMS 0x000000008c800000, 0x000000008c800000| Untracked 
| 201|0x000000008c900000, 0x000000008c900000, 0x000000008ca00000|  0%| F|  |TAMS 0x000000008c900000, 0x000000008c900000| Untracked 
| 202|0x000000008ca00000, 0x000000008ca00000, 0x000000008cb00000|  0%| F|  |TAMS 0x000000008ca00000, 0x000000008ca00000| Untracked 
| 203|0x000000008cb00000, 0x000000008cb00000, 0x000000008cc00000|  0%| F|  |TAMS 0x000000008cb00000, 0x000000008cb00000| Untracked 
| 204|0x000000008cc00000, 0x000000008cc00000, 0x000000008cd00000|  0%| F|  |TAMS 0x000000008cc00000, 0x000000008cc00000| Untracked 
| 205|0x000000008cd00000, 0x000000008cd00000, 0x000000008ce00000|  0%| F|  |TAMS 0x000000008cd00000, 0x000000008cd00000| Untracked 
| 206|0x000000008ce00000, 0x000000008ce00000, 0x000000008cf00000|  0%| F|  |TAMS 0x000000008ce00000, 0x000000008ce00000| Untracked 
| 207|0x000000008cf00000, 0x000000008cf00000, 0x000000008d000000|  0%| F|  |TAMS 0x000000008cf00000, 0x000000008cf00000| Untracked 
| 208|0x000000008d000000, 0x000000008d000000, 0x000000008d100000|  0%| F|  |TAMS 0x000000008d000000, 0x000000008d000000| Untracked 
| 209|0x000000008d100000, 0x000000008d100000, 0x000000008d200000|  0%| F|  |TAMS 0x000000008d100000, 0x000000008d100000| Untracked 
| 210|0x000000008d200000, 0x000000008d200000, 0x000000008d300000|  0%| F|  |TAMS 0x000000008d200000, 0x000000008d200000| Untracked 
| 211|0x000000008d300000, 0x000000008d300000, 0x000000008d400000|  0%| F|  |TAMS 0x000000008d300000, 0x000000008d300000| Untracked 
| 212|0x000000008d400000, 0x000000008d400000, 0x000000008d500000|  0%| F|  |TAMS 0x000000008d400000, 0x000000008d400000| Untracked 
| 213|0x000000008d500000, 0x000000008d500000, 0x000000008d600000|  0%| F|  |TAMS 0x000000008d500000, 0x000000008d500000| Untracked 
| 214|0x000000008d600000, 0x000000008d600000, 0x000000008d700000|  0%| F|  |TAMS 0x000000008d600000, 0x000000008d600000| Untracked 
| 215|0x000000008d700000, 0x000000008d700000, 0x000000008d800000|  0%| F|  |TAMS 0x000000008d700000, 0x000000008d700000| Untracked 
| 216|0x000000008d800000, 0x000000008d800000, 0x000000008d900000|  0%| F|  |TAMS 0x000000008d800000, 0x000000008d800000| Untracked 
| 217|0x000000008d900000, 0x000000008d900000, 0x000000008da00000|  0%| F|  |TAMS 0x000000008d900000, 0x000000008d900000| Untracked 
| 218|0x000000008da00000, 0x000000008da00000, 0x000000008db00000|  0%| F|  |TAMS 0x000000008da00000, 0x000000008da00000| Untracked 
| 219|0x000000008db00000, 0x000000008db00000, 0x000000008dc00000|  0%| F|  |TAMS 0x000000008db00000, 0x000000008db00000| Untracked 
| 220|0x000000008dc00000, 0x000000008dc00000, 0x000000008dd00000|  0%| F|  |TAMS 0x000000008dc00000, 0x000000008dc00000| Untracked 
| 221|0x000000008dd00000, 0x000000008dd00000, 0x000000008de00000|  0%| F|  |TAMS 0x000000008dd00000, 0x000000008dd00000| Untracked 
| 222|0x000000008de00000, 0x000000008de00000, 0x000000008df00000|  0%| F|  |TAMS 0x000000008de00000, 0x000000008de00000| Untracked 
| 223|0x000000008df00000, 0x000000008df00000, 0x000000008e000000|  0%| F|  |TAMS 0x000000008df00000, 0x000000008df00000| Untracked 
| 224|0x000000008e000000, 0x000000008e000000, 0x000000008e100000|  0%| F|  |TAMS 0x000000008e000000, 0x000000008e000000| Untracked 
| 225|0x000000008e100000, 0x000000008e100000, 0x000000008e200000|  0%| F|  |TAMS 0x000000008e100000, 0x000000008e100000| Untracked 
| 226|0x000000008e200000, 0x000000008e200000, 0x000000008e300000|  0%| F|  |TAMS 0x000000008e200000, 0x000000008e200000| Untracked 
| 227|0x000000008e300000, 0x000000008e300000, 0x000000008e400000|  0%| F|  |TAMS 0x000000008e300000, 0x000000008e300000| Untracked 
| 228|0x000000008e400000, 0x000000008e400000, 0x000000008e500000|  0%| F|  |TAMS 0x000000008e400000, 0x000000008e400000| Untracked 
| 229|0x000000008e500000, 0x000000008e500000, 0x000000008e600000|  0%| F|  |TAMS 0x000000008e500000, 0x000000008e500000| Untracked 
| 230|0x000000008e600000, 0x000000008e600000, 0x000000008e700000|  0%| F|  |TAMS 0x000000008e600000, 0x000000008e600000| Untracked 
| 231|0x000000008e700000, 0x000000008e700000, 0x000000008e800000|  0%| F|  |TAMS 0x000000008e700000, 0x000000008e700000| Untracked 
| 232|0x000000008e800000, 0x000000008e800000, 0x000000008e900000|  0%| F|  |TAMS 0x000000008e800000, 0x000000008e800000| Untracked 
| 233|0x000000008e900000, 0x000000008e900000, 0x000000008ea00000|  0%| F|  |TAMS 0x000000008e900000, 0x000000008e900000| Untracked 
| 234|0x000000008ea00000, 0x000000008ea00000, 0x000000008eb00000|  0%| F|  |TAMS 0x000000008ea00000, 0x000000008ea00000| Untracked 
| 235|0x000000008eb00000, 0x000000008eb00000, 0x000000008ec00000|  0%| F|  |TAMS 0x000000008eb00000, 0x000000008eb00000| Untracked 
| 236|0x000000008ec00000, 0x000000008ec00000, 0x000000008ed00000|  0%| F|  |TAMS 0x000000008ec00000, 0x000000008ec00000| Untracked 
| 237|0x000000008ed00000, 0x000000008ed00000, 0x000000008ee00000|  0%| F|  |TAMS 0x000000008ed00000, 0x000000008ed00000| Untracked 
| 238|0x000000008ee00000, 0x000000008ee00000, 0x000000008ef00000|  0%| F|  |TAMS 0x000000008ee00000, 0x000000008ee00000| Untracked 
| 239|0x000000008ef00000, 0x000000008efb5c90, 0x000000008f000000| 71%| S|CS|TAMS 0x000000008ef00000, 0x000000008ef00000| Complete 
| 240|0x000000008f000000, 0x000000008f100000, 0x000000008f100000|100%| S|CS|TAMS 0x000000008f000000, 0x000000008f000000| Complete 
| 241|0x000000008f100000, 0x000000008f100000, 0x000000008f200000|  0%| F|  |TAMS 0x000000008f100000, 0x000000008f100000| Untracked 
| 242|0x000000008f200000, 0x000000008f200000, 0x000000008f300000|  0%| F|  |TAMS 0x000000008f200000, 0x000000008f200000| Untracked 
| 243|0x000000008f300000, 0x000000008f300000, 0x000000008f400000|  0%| F|  |TAMS 0x000000008f300000, 0x000000008f300000| Untracked 
| 244|0x000000008f400000, 0x000000008f400000, 0x000000008f500000|  0%| F|  |TAMS 0x000000008f400000, 0x000000008f400000| Untracked 
| 245|0x000000008f500000, 0x000000008f500000, 0x000000008f600000|  0%| F|  |TAMS 0x000000008f500000, 0x000000008f500000| Untracked 
| 246|0x000000008f600000, 0x000000008f600000, 0x000000008f700000|  0%| F|  |TAMS 0x000000008f600000, 0x000000008f600000| Untracked 
| 247|0x000000008f700000, 0x000000008f700000, 0x000000008f800000|  0%| F|  |TAMS 0x000000008f700000, 0x000000008f700000| Untracked 
| 248|0x000000008f800000, 0x000000008f900000, 0x000000008f900000|100%| S|CS|TAMS 0x000000008f800000, 0x000000008f800000| Complete 
| 249|0x000000008f900000, 0x000000008fa00000, 0x000000008fa00000|100%| S|CS|TAMS 0x000000008f900000, 0x000000008f900000| Complete 
| 250|0x000000008fa00000, 0x000000008fb00000, 0x000000008fb00000|100%| S|CS|TAMS 0x000000008fa00000, 0x000000008fa00000| Complete 
| 251|0x000000008fb00000, 0x000000008fc00000, 0x000000008fc00000|100%| S|CS|TAMS 0x000000008fb00000, 0x000000008fb00000| Complete 
| 252|0x000000008fc00000, 0x000000008fd00000, 0x000000008fd00000|100%| S|CS|TAMS 0x000000008fc00000, 0x000000008fc00000| Complete 
| 253|0x000000008fd00000, 0x000000008fe00000, 0x000000008fe00000|100%| S|CS|TAMS 0x000000008fd00000, 0x000000008fd00000| Complete 
| 254|0x000000008fe00000, 0x000000008fe00000, 0x000000008ff00000|  0%| F|  |TAMS 0x000000008fe00000, 0x000000008fe00000| Untracked 
| 255|0x000000008ff00000, 0x000000008ff00000, 0x0000000090000000|  0%| F|  |TAMS 0x000000008ff00000, 0x000000008ff00000| Untracked 
| 256|0x0000000090000000, 0x0000000090000000, 0x0000000090100000|  0%| F|  |TAMS 0x0000000090000000, 0x0000000090000000| Untracked 
| 257|0x0000000090100000, 0x0000000090100000, 0x0000000090200000|  0%| F|  |TAMS 0x0000000090100000, 0x0000000090100000| Untracked 
| 258|0x0000000090200000, 0x0000000090200000, 0x0000000090300000|  0%| F|  |TAMS 0x0000000090200000, 0x0000000090200000| Untracked 
| 259|0x0000000090300000, 0x0000000090300000, 0x0000000090400000|  0%| F|  |TAMS 0x0000000090300000, 0x0000000090300000| Untracked 
| 260|0x0000000090400000, 0x0000000090400000, 0x0000000090500000|  0%| F|  |TAMS 0x0000000090400000, 0x0000000090400000| Untracked 
| 261|0x0000000090500000, 0x0000000090500000, 0x0000000090600000|  0%| F|  |TAMS 0x0000000090500000, 0x0000000090500000| Untracked 
| 262|0x0000000090600000, 0x0000000090600000, 0x0000000090700000|  0%| F|  |TAMS 0x0000000090600000, 0x0000000090600000| Untracked 
| 263|0x0000000090700000, 0x0000000090700000, 0x0000000090800000|  0%| F|  |TAMS 0x0000000090700000, 0x0000000090700000| Untracked 
| 264|0x0000000090800000, 0x0000000090800000, 0x0000000090900000|  0%| F|  |TAMS 0x0000000090800000, 0x0000000090800000| Untracked 
| 265|0x0000000090900000, 0x0000000090900000, 0x0000000090a00000|  0%| F|  |TAMS 0x0000000090900000, 0x0000000090900000| Untracked 
| 266|0x0000000090a00000, 0x0000000090a00000, 0x0000000090b00000|  0%| F|  |TAMS 0x0000000090a00000, 0x0000000090a00000| Untracked 
| 267|0x0000000090b00000, 0x0000000090b00000, 0x0000000090c00000|  0%| F|  |TAMS 0x0000000090b00000, 0x0000000090b00000| Untracked 
| 268|0x0000000090c00000, 0x0000000090c00000, 0x0000000090d00000|  0%| F|  |TAMS 0x0000000090c00000, 0x0000000090c00000| Untracked 
| 269|0x0000000090d00000, 0x0000000090d00000, 0x0000000090e00000|  0%| F|  |TAMS 0x0000000090d00000, 0x0000000090d00000| Untracked 
| 270|0x0000000090e00000, 0x0000000090e00000, 0x0000000090f00000|  0%| F|  |TAMS 0x0000000090e00000, 0x0000000090e00000| Untracked 
| 271|0x0000000090f00000, 0x0000000090f00000, 0x0000000091000000|  0%| F|  |TAMS 0x0000000090f00000, 0x0000000090f00000| Untracked 
| 272|0x0000000091000000, 0x0000000091000000, 0x0000000091100000|  0%| F|  |TAMS 0x0000000091000000, 0x0000000091000000| Untracked 
| 273|0x0000000091100000, 0x0000000091100000, 0x0000000091200000|  0%| F|  |TAMS 0x0000000091100000, 0x0000000091100000| Untracked 
| 274|0x0000000091200000, 0x0000000091200000, 0x0000000091300000|  0%| F|  |TAMS 0x0000000091200000, 0x0000000091200000| Untracked 
| 275|0x0000000091300000, 0x0000000091300000, 0x0000000091400000|  0%| F|  |TAMS 0x0000000091300000, 0x0000000091300000| Untracked 
| 276|0x0000000091400000, 0x0000000091400000, 0x0000000091500000|  0%| F|  |TAMS 0x0000000091400000, 0x0000000091400000| Untracked 
| 277|0x0000000091500000, 0x0000000091500000, 0x0000000091600000|  0%| F|  |TAMS 0x0000000091500000, 0x0000000091500000| Untracked 
| 278|0x0000000091600000, 0x0000000091600000, 0x0000000091700000|  0%| F|  |TAMS 0x0000000091600000, 0x0000000091600000| Untracked 
| 279|0x0000000091700000, 0x0000000091700000, 0x0000000091800000|  0%| F|  |TAMS 0x0000000091700000, 0x0000000091700000| Untracked 
| 280|0x0000000091800000, 0x0000000091800000, 0x0000000091900000|  0%| F|  |TAMS 0x0000000091800000, 0x0000000091800000| Untracked 
| 281|0x0000000091900000, 0x0000000091900000, 0x0000000091a00000|  0%| F|  |TAMS 0x0000000091900000, 0x0000000091900000| Untracked 
| 282|0x0000000091a00000, 0x0000000091a00000, 0x0000000091b00000|  0%| F|  |TAMS 0x0000000091a00000, 0x0000000091a00000| Untracked 
| 283|0x0000000091b00000, 0x0000000091b00000, 0x0000000091c00000|  0%| F|  |TAMS 0x0000000091b00000, 0x0000000091b00000| Untracked 
| 284|0x0000000091c00000, 0x0000000091c00000, 0x0000000091d00000|  0%| F|  |TAMS 0x0000000091c00000, 0x0000000091c00000| Untracked 
| 285|0x0000000091d00000, 0x0000000091d00000, 0x0000000091e00000|  0%| F|  |TAMS 0x0000000091d00000, 0x0000000091d00000| Untracked 
| 286|0x0000000091e00000, 0x0000000091e00000, 0x0000000091f00000|  0%| F|  |TAMS 0x0000000091e00000, 0x0000000091e00000| Untracked 
| 287|0x0000000091f00000, 0x0000000091f00000, 0x0000000092000000|  0%| F|  |TAMS 0x0000000091f00000, 0x0000000091f00000| Untracked 
| 288|0x0000000092000000, 0x0000000092000000, 0x0000000092100000|  0%| F|  |TAMS 0x0000000092000000, 0x0000000092000000| Untracked 
| 289|0x0000000092100000, 0x0000000092100000, 0x0000000092200000|  0%| F|  |TAMS 0x0000000092100000, 0x0000000092100000| Untracked 
| 290|0x0000000092200000, 0x0000000092200000, 0x0000000092300000|  0%| F|  |TAMS 0x0000000092200000, 0x0000000092200000| Untracked 
| 291|0x0000000092300000, 0x0000000092300000, 0x0000000092400000|  0%| F|  |TAMS 0x0000000092300000, 0x0000000092300000| Untracked 
| 292|0x0000000092400000, 0x0000000092400000, 0x0000000092500000|  0%| F|  |TAMS 0x0000000092400000, 0x0000000092400000| Untracked 
| 293|0x0000000092500000, 0x0000000092500000, 0x0000000092600000|  0%| F|  |TAMS 0x0000000092500000, 0x0000000092500000| Untracked 
| 294|0x0000000092600000, 0x0000000092600000, 0x0000000092700000|  0%| F|  |TAMS 0x0000000092600000, 0x0000000092600000| Untracked 
| 295|0x0000000092700000, 0x0000000092700000, 0x0000000092800000|  0%| F|  |TAMS 0x0000000092700000, 0x0000000092700000| Untracked 
| 296|0x0000000092800000, 0x0000000092800000, 0x0000000092900000|  0%| F|  |TAMS 0x0000000092800000, 0x0000000092800000| Untracked 
| 297|0x0000000092900000, 0x0000000092900000, 0x0000000092a00000|  0%| F|  |TAMS 0x0000000092900000, 0x0000000092900000| Untracked 
| 298|0x0000000092a00000, 0x0000000092a00000, 0x0000000092b00000|  0%| F|  |TAMS 0x0000000092a00000, 0x0000000092a00000| Untracked 
| 299|0x0000000092b00000, 0x0000000092b00000, 0x0000000092c00000|  0%| F|  |TAMS 0x0000000092b00000, 0x0000000092b00000| Untracked 
| 300|0x0000000092c00000, 0x0000000092c00000, 0x0000000092d00000|  0%| F|  |TAMS 0x0000000092c00000, 0x0000000092c00000| Untracked 
| 301|0x0000000092d00000, 0x0000000092d00000, 0x0000000092e00000|  0%| F|  |TAMS 0x0000000092d00000, 0x0000000092d00000| Untracked 
| 302|0x0000000092e00000, 0x0000000092e00000, 0x0000000092f00000|  0%| F|  |TAMS 0x0000000092e00000, 0x0000000092e00000| Untracked 
| 303|0x0000000092f00000, 0x0000000092f00000, 0x0000000093000000|  0%| F|  |TAMS 0x0000000092f00000, 0x0000000092f00000| Untracked 
| 304|0x0000000093000000, 0x0000000093000000, 0x0000000093100000|  0%| F|  |TAMS 0x0000000093000000, 0x0000000093000000| Untracked 
| 305|0x0000000093100000, 0x0000000093100000, 0x0000000093200000|  0%| F|  |TAMS 0x0000000093100000, 0x0000000093100000| Untracked 
| 306|0x0000000093200000, 0x0000000093200000, 0x0000000093300000|  0%| F|  |TAMS 0x0000000093200000, 0x0000000093200000| Untracked 
| 307|0x0000000093300000, 0x0000000093300000, 0x0000000093400000|  0%| F|  |TAMS 0x0000000093300000, 0x0000000093300000| Untracked 
| 308|0x0000000093400000, 0x0000000093400000, 0x0000000093500000|  0%| F|  |TAMS 0x0000000093400000, 0x0000000093400000| Untracked 
| 309|0x0000000093500000, 0x0000000093500000, 0x0000000093600000|  0%| F|  |TAMS 0x0000000093500000, 0x0000000093500000| Untracked 
| 310|0x0000000093600000, 0x0000000093600000, 0x0000000093700000|  0%| F|  |TAMS 0x0000000093600000, 0x0000000093600000| Untracked 
| 311|0x0000000093700000, 0x0000000093700000, 0x0000000093800000|  0%| F|  |TAMS 0x0000000093700000, 0x0000000093700000| Untracked 
| 312|0x0000000093800000, 0x0000000093800000, 0x0000000093900000|  0%| F|  |TAMS 0x0000000093800000, 0x0000000093800000| Untracked 
| 313|0x0000000093900000, 0x0000000093900000, 0x0000000093a00000|  0%| F|  |TAMS 0x0000000093900000, 0x0000000093900000| Untracked 
| 314|0x0000000093a00000, 0x0000000093a00000, 0x0000000093b00000|  0%| F|  |TAMS 0x0000000093a00000, 0x0000000093a00000| Untracked 
| 315|0x0000000093b00000, 0x0000000093b00000, 0x0000000093c00000|  0%| F|  |TAMS 0x0000000093b00000, 0x0000000093b00000| Untracked 
| 316|0x0000000093c00000, 0x0000000093c00000, 0x0000000093d00000|  0%| F|  |TAMS 0x0000000093c00000, 0x0000000093c00000| Untracked 
| 317|0x0000000093d00000, 0x0000000093d00000, 0x0000000093e00000|  0%| F|  |TAMS 0x0000000093d00000, 0x0000000093d00000| Untracked 
| 318|0x0000000093e00000, 0x0000000093e00000, 0x0000000093f00000|  0%| F|  |TAMS 0x0000000093e00000, 0x0000000093e00000| Untracked 
| 319|0x0000000093f00000, 0x0000000093f00000, 0x0000000094000000|  0%| F|  |TAMS 0x0000000093f00000, 0x0000000093f00000| Untracked 
| 320|0x0000000094000000, 0x0000000094000000, 0x0000000094100000|  0%| F|  |TAMS 0x0000000094000000, 0x0000000094000000| Untracked 
| 321|0x0000000094100000, 0x0000000094100000, 0x0000000094200000|  0%| F|  |TAMS 0x0000000094100000, 0x0000000094100000| Untracked 
| 322|0x0000000094200000, 0x0000000094200000, 0x0000000094300000|  0%| F|  |TAMS 0x0000000094200000, 0x0000000094200000| Untracked 
| 323|0x0000000094300000, 0x0000000094300000, 0x0000000094400000|  0%| F|  |TAMS 0x0000000094300000, 0x0000000094300000| Untracked 
| 324|0x0000000094400000, 0x0000000094400000, 0x0000000094500000|  0%| F|  |TAMS 0x0000000094400000, 0x0000000094400000| Untracked 
| 325|0x0000000094500000, 0x0000000094500000, 0x0000000094600000|  0%| F|  |TAMS 0x0000000094500000, 0x0000000094500000| Untracked 
| 326|0x0000000094600000, 0x0000000094600000, 0x0000000094700000|  0%| F|  |TAMS 0x0000000094600000, 0x0000000094600000| Untracked 
| 327|0x0000000094700000, 0x0000000094700000, 0x0000000094800000|  0%| F|  |TAMS 0x0000000094700000, 0x0000000094700000| Untracked 
| 328|0x0000000094800000, 0x0000000094800000, 0x0000000094900000|  0%| F|  |TAMS 0x0000000094800000, 0x0000000094800000| Untracked 
| 329|0x0000000094900000, 0x0000000094900000, 0x0000000094a00000|  0%| F|  |TAMS 0x0000000094900000, 0x0000000094900000| Untracked 
| 330|0x0000000094a00000, 0x0000000094a00000, 0x0000000094b00000|  0%| F|  |TAMS 0x0000000094a00000, 0x0000000094a00000| Untracked 
| 331|0x0000000094b00000, 0x0000000094b00000, 0x0000000094c00000|  0%| F|  |TAMS 0x0000000094b00000, 0x0000000094b00000| Untracked 
| 332|0x0000000094c00000, 0x0000000094c00000, 0x0000000094d00000|  0%| F|  |TAMS 0x0000000094c00000, 0x0000000094c00000| Untracked 
| 333|0x0000000094d00000, 0x0000000094d00000, 0x0000000094e00000|  0%| F|  |TAMS 0x0000000094d00000, 0x0000000094d00000| Untracked 
| 334|0x0000000094e00000, 0x0000000094e00000, 0x0000000094f00000|  0%| F|  |TAMS 0x0000000094e00000, 0x0000000094e00000| Untracked 
| 335|0x0000000094f00000, 0x0000000094f00000, 0x0000000095000000|  0%| F|  |TAMS 0x0000000094f00000, 0x0000000094f00000| Untracked 
| 336|0x0000000095000000, 0x0000000095000000, 0x0000000095100000|  0%| F|  |TAMS 0x0000000095000000, 0x0000000095000000| Untracked 
| 337|0x0000000095100000, 0x0000000095100000, 0x0000000095200000|  0%| F|  |TAMS 0x0000000095100000, 0x0000000095100000| Untracked 
| 338|0x0000000095200000, 0x0000000095200000, 0x0000000095300000|  0%| F|  |TAMS 0x0000000095200000, 0x0000000095200000| Untracked 
| 339|0x0000000095300000, 0x0000000095300000, 0x0000000095400000|  0%| F|  |TAMS 0x0000000095300000, 0x0000000095300000| Untracked 
| 340|0x0000000095400000, 0x0000000095400000, 0x0000000095500000|  0%| F|  |TAMS 0x0000000095400000, 0x0000000095400000| Untracked 
| 341|0x0000000095500000, 0x0000000095500000, 0x0000000095600000|  0%| F|  |TAMS 0x0000000095500000, 0x0000000095500000| Untracked 
| 342|0x0000000095600000, 0x0000000095600000, 0x0000000095700000|  0%| F|  |TAMS 0x0000000095600000, 0x0000000095600000| Untracked 
| 343|0x0000000095700000, 0x0000000095700000, 0x0000000095800000|  0%| F|  |TAMS 0x0000000095700000, 0x0000000095700000| Untracked 
| 344|0x0000000095800000, 0x0000000095800000, 0x0000000095900000|  0%| F|  |TAMS 0x0000000095800000, 0x0000000095800000| Untracked 
| 345|0x0000000095900000, 0x0000000095900000, 0x0000000095a00000|  0%| F|  |TAMS 0x0000000095900000, 0x0000000095900000| Untracked 
| 346|0x0000000095a00000, 0x0000000095a00000, 0x0000000095b00000|  0%| F|  |TAMS 0x0000000095a00000, 0x0000000095a00000| Untracked 
| 347|0x0000000095b00000, 0x0000000095b00000, 0x0000000095c00000|  0%| F|  |TAMS 0x0000000095b00000, 0x0000000095b00000| Untracked 
| 348|0x0000000095c00000, 0x0000000095c00000, 0x0000000095d00000|  0%| F|  |TAMS 0x0000000095c00000, 0x0000000095c00000| Untracked 
| 349|0x0000000095d00000, 0x0000000095d00000, 0x0000000095e00000|  0%| F|  |TAMS 0x0000000095d00000, 0x0000000095d00000| Untracked 
| 350|0x0000000095e00000, 0x0000000095e00000, 0x0000000095f00000|  0%| F|  |TAMS 0x0000000095e00000, 0x0000000095e00000| Untracked 
| 351|0x0000000095f00000, 0x0000000095f00000, 0x0000000096000000|  0%| F|  |TAMS 0x0000000095f00000, 0x0000000095f00000| Untracked 
| 352|0x0000000096000000, 0x0000000096050908, 0x0000000096100000| 31%| E|  |TAMS 0x0000000096000000, 0x0000000096000000| Complete 
| 353|0x0000000096100000, 0x0000000096200000, 0x0000000096200000|100%| E|CS|TAMS 0x0000000096100000, 0x0000000096100000| Complete 
| 354|0x0000000096200000, 0x0000000096300000, 0x0000000096300000|100%| E|CS|TAMS 0x0000000096200000, 0x0000000096200000| Complete 
| 355|0x0000000096300000, 0x0000000096400000, 0x0000000096400000|100%| E|CS|TAMS 0x0000000096300000, 0x0000000096300000| Complete 
| 356|0x0000000096400000, 0x0000000096500000, 0x0000000096500000|100%| E|CS|TAMS 0x0000000096400000, 0x0000000096400000| Complete 
| 357|0x0000000096500000, 0x0000000096600000, 0x0000000096600000|100%| E|CS|TAMS 0x0000000096500000, 0x0000000096500000| Complete 
| 358|0x0000000096600000, 0x0000000096700000, 0x0000000096700000|100%| E|CS|TAMS 0x0000000096600000, 0x0000000096600000| Complete 
| 359|0x0000000096700000, 0x0000000096800000, 0x0000000096800000|100%| E|CS|TAMS 0x0000000096700000, 0x0000000096700000| Complete 
| 360|0x0000000096800000, 0x0000000096900000, 0x0000000096900000|100%| E|CS|TAMS 0x0000000096800000, 0x0000000096800000| Complete 
| 361|0x0000000096900000, 0x0000000096a00000, 0x0000000096a00000|100%| E|CS|TAMS 0x0000000096900000, 0x0000000096900000| Complete 
| 362|0x0000000096a00000, 0x0000000096b00000, 0x0000000096b00000|100%| E|CS|TAMS 0x0000000096a00000, 0x0000000096a00000| Complete 
| 363|0x0000000096b00000, 0x0000000096c00000, 0x0000000096c00000|100%| E|CS|TAMS 0x0000000096b00000, 0x0000000096b00000| Complete 
| 364|0x0000000096c00000, 0x0000000096d00000, 0x0000000096d00000|100%| E|CS|TAMS 0x0000000096c00000, 0x0000000096c00000| Complete 
| 365|0x0000000096d00000, 0x0000000096e00000, 0x0000000096e00000|100%| E|  |TAMS 0x0000000096d00000, 0x0000000096d00000| Complete 
| 366|0x0000000096e00000, 0x0000000096f00000, 0x0000000096f00000|100%| E|CS|TAMS 0x0000000096e00000, 0x0000000096e00000| Complete 
| 367|0x0000000096f00000, 0x0000000097000000, 0x0000000097000000|100%| E|CS|TAMS 0x0000000096f00000, 0x0000000096f00000| Complete 
| 368|0x0000000097000000, 0x0000000097100000, 0x0000000097100000|100%| E|CS|TAMS 0x0000000097000000, 0x0000000097000000| Complete 
| 369|0x0000000097100000, 0x0000000097200000, 0x0000000097200000|100%| E|CS|TAMS 0x0000000097100000, 0x0000000097100000| Complete 
| 370|0x0000000097200000, 0x0000000097300000, 0x0000000097300000|100%| E|CS|TAMS 0x0000000097200000, 0x0000000097200000| Complete 
| 371|0x0000000097300000, 0x0000000097400000, 0x0000000097400000|100%| E|CS|TAMS 0x0000000097300000, 0x0000000097300000| Complete 
| 372|0x0000000097400000, 0x0000000097500000, 0x0000000097500000|100%| E|CS|TAMS 0x0000000097400000, 0x0000000097400000| Complete 
| 373|0x0000000097500000, 0x0000000097600000, 0x0000000097600000|100%| E|CS|TAMS 0x0000000097500000, 0x0000000097500000| Complete 
| 374|0x0000000097600000, 0x0000000097700000, 0x0000000097700000|100%| E|CS|TAMS 0x0000000097600000, 0x0000000097600000| Complete 
| 375|0x0000000097700000, 0x0000000097800000, 0x0000000097800000|100%| E|CS|TAMS 0x0000000097700000, 0x0000000097700000| Complete 
| 376|0x0000000097800000, 0x0000000097900000, 0x0000000097900000|100%| E|CS|TAMS 0x0000000097800000, 0x0000000097800000| Complete 
| 377|0x0000000097900000, 0x0000000097a00000, 0x0000000097a00000|100%| E|CS|TAMS 0x0000000097900000, 0x0000000097900000| Complete 
| 378|0x0000000097a00000, 0x0000000097b00000, 0x0000000097b00000|100%| E|CS|TAMS 0x0000000097a00000, 0x0000000097a00000| Complete 
| 379|0x0000000097b00000, 0x0000000097c00000, 0x0000000097c00000|100%| E|CS|TAMS 0x0000000097b00000, 0x0000000097b00000| Complete 
| 380|0x0000000097c00000, 0x0000000097d00000, 0x0000000097d00000|100%| E|CS|TAMS 0x0000000097c00000, 0x0000000097c00000| Complete 
| 381|0x0000000097d00000, 0x0000000097e00000, 0x0000000097e00000|100%| E|CS|TAMS 0x0000000097d00000, 0x0000000097d00000| Complete 
| 382|0x0000000097e00000, 0x0000000097f00000, 0x0000000097f00000|100%| E|CS|TAMS 0x0000000097e00000, 0x0000000097e00000| Complete 
| 383|0x0000000097f00000, 0x0000000098000000, 0x0000000098000000|100%| E|CS|TAMS 0x0000000097f00000, 0x0000000097f00000| Complete 
| 384|0x0000000098000000, 0x0000000098100000, 0x0000000098100000|100%| E|CS|TAMS 0x0000000098000000, 0x0000000098000000| Complete 
| 385|0x0000000098100000, 0x0000000098200000, 0x0000000098200000|100%| E|CS|TAMS 0x0000000098100000, 0x0000000098100000| Complete 
| 386|0x0000000098200000, 0x0000000098300000, 0x0000000098300000|100%| E|CS|TAMS 0x0000000098200000, 0x0000000098200000| Complete 
| 387|0x0000000098300000, 0x0000000098400000, 0x0000000098400000|100%| E|CS|TAMS 0x0000000098300000, 0x0000000098300000| Complete 

Card table byte_map: [0x0000021e50dd0000,0x0000021e511d0000] _byte_map_base: 0x0000021e509d0000

Marking Bits (Prev, Next): (CMBitMap*) 0x0000021e39eaab10, (CMBitMap*) 0x0000021e39eaaad0
 Prev Bits: [0x0000021e535d0000, 0x0000021e555d0000)
 Next Bits: [0x0000021e515d0000, 0x0000021e535d0000)

Polling page: 0x0000021e37d20000

Metaspace:

Usage:
  Non-class:    116.28 MB used.
      Class:     17.83 MB used.
       Both:    134.11 MB used.

Virtual space:
  Non-class space:      128.00 MB reserved,     117.00 MB ( 91%) committed,  2 nodes.
      Class space:      416.00 MB reserved,      18.44 MB (  4%) committed,  1 nodes.
             Both:      544.00 MB reserved,     135.44 MB ( 25%) committed. 

Chunk freelists:
   Non-Class:  10.91 MB
       Class:  13.53 MB
        Both:  24.44 MB

MaxMetaspaceSize: 512.00 MB
CompressedClassSpaceSize: 416.00 MB
Initial GC threshold: 21.00 MB
Current GC threshold: 138.75 MB
CDS: on
MetaspaceReclaimPolicy: balanced
 - commit_granule_bytes: 65536.
 - commit_granule_words: 8192.
 - virtual_space_node_default_size: 8388608.
 - enlarge_chunks_in_place: 1.
 - new_chunks_are_fully_committed: 0.
 - uncommit_free_chunks: 1.
 - use_allocation_guard: 0.
 - handle_deallocations: 1.


Internal statistics:

num_allocs_failed_limit: 6.
num_arena_births: 1920.
num_arena_deaths: 2.
num_vsnodes_births: 3.
num_vsnodes_deaths: 0.
num_space_committed: 2166.
num_space_uncommitted: 0.
num_chunks_returned_to_freelist: 9.
num_chunks_taken_from_freelist: 7934.
num_chunk_merges: 6.
num_chunk_splits: 5115.
num_chunks_enlarged: 3232.
num_inconsistent_stats: 0.

CodeHeap 'non-profiled nmethods': size=120000Kb used=11644Kb max_used=11644Kb free=108355Kb
 bounds [0x0000021e494a0000, 0x0000021e4a000000, 0x0000021e509d0000]
CodeHeap 'profiled nmethods': size=120000Kb used=34407Kb max_used=34407Kb free=85592Kb
 bounds [0x0000021e419d0000, 0x0000021e43b70000, 0x0000021e48f00000]
CodeHeap 'non-nmethods': size=5760Kb used=2527Kb max_used=2596Kb free=3232Kb
 bounds [0x0000021e48f00000, 0x0000021e491a0000, 0x0000021e494a0000]
 total_blobs=17791 nmethods=16709 adapters=993
 compilation: enabled
              stopped_count=0, restarted_count=0
 full_count=0

Compilation events (20 events):
Event: 231.944 Thread 0x0000021e57a915f0 nmethod 19824 0x0000021e49ff8c10 code [0x0000021e49ff8e20, 0x0000021e49ff9d98]
Event: 233.573 Thread 0x0000021e57a915f0 19825       4       org.gradle.internal.io.RandomAccessFileOutputStream::write (11 bytes)
Event: 233.574 Thread 0x0000021e57a915f0 nmethod 19825 0x0000021e49ffa710 code [0x0000021e49ffa8a0, 0x0000021e49ffa968]
Event: 233.988 Thread 0x0000021e57aacc70 19826       3       org.gradle.launcher.daemon.registry.DaemonStopEvent$Serializer::read (73 bytes)
Event: 233.989 Thread 0x0000021e57aacc70 nmethod 19826 0x0000021e43b69d10 code [0x0000021e43b69f80, 0x0000021e43b6ab48]
Event: 235.224 Thread 0x0000021e57a915f0 19827  s    4       java.io.DataOutputStream::write (16 bytes)
Event: 235.226 Thread 0x0000021e57a915f0 nmethod 19827 0x0000021e49ffaa90 code [0x0000021e49ffac20, 0x0000021e49ffaef8]
Event: 235.553 Thread 0x0000021e57a915f0 19828       4       org.gradle.internal.serialize.kryo.KryoBackedEncoder::writeByte (9 bytes)
Event: 235.556 Thread 0x0000021e57a915f0 nmethod 19828 0x0000021e49ffb010 code [0x0000021e49ffb1a0, 0x0000021e49ffb2e8]
Event: 237.002 Thread 0x0000021e57a915f0 19829       4       java.util.LinkedHashMap$LinkedHashIterator::remove (75 bytes)
Event: 237.004 Thread 0x0000021e57a915f0 nmethod 19829 0x0000021e49ffb410 code [0x0000021e49ffb5a0, 0x0000021e49ffb728]
Event: 238.077 Thread 0x0000021e57a915f0 19830       4       org.gradle.internal.snapshot.impl.DirectorySnapshotter$DefaultExcludes$$Lambda$182/0x0000021e592171e8::test (8 bytes)
Event: 238.078 Thread 0x0000021e57a915f0 nmethod 19830 0x0000021e49ffb890 code [0x0000021e49ffba20, 0x0000021e49ffbad8]
Event: 243.354 Thread 0x0000021e57a915f0 19831       4       java.util.HashMap$HashMapSpliterator::estimateSize (11 bytes)
Event: 243.355 Thread 0x0000021e57a915f0 nmethod 19831 0x0000021e49ffbb90 code [0x0000021e49ffbd20, 0x0000021e49ffbdf8]
Event: 243.727 Thread 0x0000021e57a915f0 19832   !   4       com.google.common.cache.LocalCache$Segment::put (439 bytes)
Event: 243.803 Thread 0x0000021e57a915f0 nmethod 19832 0x0000021e49ffbe90 code [0x0000021e49ffc160, 0x0000021e49ffd918]
Event: 244.777 Thread 0x0000021e57a915f0 19833       4       org.gradle.cache.internal.btree.FreeListBlockStore::write (16 bytes)
Event: 244.829 Thread 0x0000021e57aacc70 19835       3       org.gradle.internal.logging.events.RenderableOutputEvent::<init> (15 bytes)
Event: 244.829 Thread 0x0000021e57aacc70 nmethod 19835 0x0000021e43b6af10 code [0x0000021e43b6b0c0, 0x0000021e43b6b3f8]

GC Heap History (20 events):
Event: 33.037 GC heap before
{Heap before GC invocations=43 (full 0):
 garbage-first heap   total 198656K, used 144755K [0x0000000080000000, 0x0000000100000000)
  region size 1024K, 40 young (40960K), 4 survivors (4096K)
 Metaspace       used 86361K, committed 87232K, reserved 557056K
  class space    used 11879K, committed 12288K, reserved 425984K
}
Event: 33.047 GC heap after
{Heap after GC invocations=44 (full 0):
 garbage-first heap   total 198656K, used 109432K [0x0000000080000000, 0x0000000100000000)
  region size 1024K, 4 young (4096K), 4 survivors (4096K)
 Metaspace       used 86361K, committed 87232K, reserved 557056K
  class space    used 11879K, committed 12288K, reserved 425984K
}
Event: 33.161 GC heap before
{Heap before GC invocations=44 (full 0):
 garbage-first heap   total 198656K, used 114552K [0x0000000080000000, 0x0000000100000000)
  region size 1024K, 9 young (9216K), 4 survivors (4096K)
 Metaspace       used 86741K, committed 87680K, reserved 557056K
  class space    used 11925K, committed 12352K, reserved 425984K
}
Event: 33.167 GC heap after
{Heap after GC invocations=45 (full 0):
 garbage-first heap   total 198656K, used 108910K [0x0000000080000000, 0x0000000100000000)
  region size 1024K, 1 young (1024K), 1 survivors (1024K)
 Metaspace       used 86741K, committed 87680K, reserved 557056K
  class space    used 11925K, committed 12352K, reserved 425984K
}
Event: 34.602 GC heap before
{Heap before GC invocations=45 (full 0):
 garbage-first heap   total 198656K, used 165230K [0x0000000080000000, 0x0000000100000000)
  region size 1024K, 53 young (54272K), 1 survivors (1024K)
 Metaspace       used 89165K, committed 90048K, reserved 557056K
  class space    used 12305K, committed 12736K, reserved 425984K
}
Event: 34.614 GC heap after
{Heap after GC invocations=46 (full 0):
 garbage-first heap   total 397312K, used 114704K [0x0000000080000000, 0x0000000100000000)
  region size 1024K, 4 young (4096K), 4 survivors (4096K)
 Metaspace       used 89165K, committed 90048K, reserved 557056K
  class space    used 12305K, committed 12736K, reserved 425984K
}
Event: 39.743 GC heap before
{Heap before GC invocations=46 (full 0):
 garbage-first heap   total 397312K, used 307216K [0x0000000080000000, 0x0000000100000000)
  region size 1024K, 192 young (196608K), 4 survivors (4096K)
 Metaspace       used 99094K, committed 100096K, reserved 557056K
  class space    used 13801K, committed 14272K, reserved 425984K
}
Event: 39.765 GC heap after
{Heap after GC invocations=47 (full 0):
 garbage-first heap   total 397312K, used 124587K [0x0000000080000000, 0x0000000100000000)
  region size 1024K, 13 young (13312K), 13 survivors (13312K)
 Metaspace       used 99094K, committed 100096K, reserved 557056K
  class space    used 13801K, committed 14272K, reserved 425984K
}
Event: 45.205 GC heap before
{Heap before GC invocations=47 (full 0):
 garbage-first heap   total 397312K, used 330411K [0x0000000080000000, 0x0000000100000000)
  region size 1024K, 200 young (204800K), 13 survivors (13312K)
 Metaspace       used 105842K, committed 106880K, reserved 557056K
  class space    used 14710K, committed 15168K, reserved 425984K
}
Event: 45.255 GC heap after
{Heap after GC invocations=48 (full 0):
 garbage-first heap   total 397312K, used 164052K [0x0000000080000000, 0x0000000100000000)
  region size 1024K, 25 young (25600K), 25 survivors (25600K)
 Metaspace       used 105842K, committed 106880K, reserved 557056K
  class space    used 14710K, committed 15168K, reserved 425984K
}
Event: 48.630 GC heap before
{Heap before GC invocations=48 (full 0):
 garbage-first heap   total 397312K, used 316628K [0x0000000080000000, 0x0000000100000000)
  region size 1024K, 175 young (179200K), 25 survivors (25600K)
 Metaspace       used 114847K, committed 115968K, reserved 557056K
  class space    used 15812K, committed 16320K, reserved 425984K
}
Event: 48.680 GC heap after
{Heap after GC invocations=49 (full 0):
 garbage-first heap   total 397312K, used 179971K [0x0000000080000000, 0x0000000100000000)
  region size 1024K, 15 young (15360K), 15 survivors (15360K)
 Metaspace       used 114847K, committed 115968K, reserved 557056K
  class space    used 15812K, committed 16320K, reserved 425984K
}
Event: 74.361 GC heap before
{Heap before GC invocations=49 (full 0):
 garbage-first heap   total 397312K, used 325379K [0x0000000080000000, 0x0000000100000000)
  region size 1024K, 153 young (156672K), 15 survivors (15360K)
 Metaspace       used 127176K, committed 128448K, reserved 557056K
  class space    used 17220K, committed 17856K, reserved 425984K
}
Event: 74.406 GC heap after
{Heap after GC invocations=50 (full 0):
 garbage-first heap   total 397312K, used 188710K [0x0000000080000000, 0x0000000100000000)
  region size 1024K, 9 young (9216K), 9 survivors (9216K)
 Metaspace       used 127176K, committed 128448K, reserved 557056K
  class space    used 17220K, committed 17856K, reserved 425984K
}
Event: 102.997 GC heap before
{Heap before GC invocations=50 (full 0):
 garbage-first heap   total 397312K, used 324902K [0x0000000080000000, 0x0000000100000000)
  region size 1024K, 141 young (144384K), 9 survivors (9216K)
 Metaspace       used 131754K, committed 132992K, reserved 557056K
  class space    used 17569K, committed 18176K, reserved 425984K
}
Event: 103.022 GC heap after
{Heap after GC invocations=51 (full 0):
 garbage-first heap   total 397312K, used 191752K [0x0000000080000000, 0x0000000100000000)
  region size 1024K, 12 young (12288K), 12 survivors (12288K)
 Metaspace       used 131754K, committed 132992K, reserved 557056K
  class space    used 17569K, committed 18176K, reserved 425984K
}
Event: 111.506 GC heap before
{Heap before GC invocations=51 (full 0):
 garbage-first heap   total 397312K, used 327944K [0x0000000080000000, 0x0000000100000000)
  region size 1024K, 146 young (149504K), 12 survivors (12288K)
 Metaspace       used 136203K, committed 137536K, reserved 557056K
  class space    used 18097K, committed 18752K, reserved 425984K
}
Event: 111.535 GC heap after
{Heap after GC invocations=52 (full 0):
 garbage-first heap   total 397312K, used 195085K [0x0000000080000000, 0x0000000100000000)
  region size 1024K, 7 young (7168K), 7 survivors (7168K)
 Metaspace       used 136203K, committed 137536K, reserved 557056K
  class space    used 18097K, committed 18752K, reserved 425984K
}
Event: 170.831 GC heap before
{Heap before GC invocations=52 (full 0):
 garbage-first heap   total 397312K, used 331277K [0x0000000080000000, 0x0000000100000000)
  region size 1024K, 141 young (144384K), 7 survivors (7168K)
 Metaspace       used 137311K, committed 138624K, reserved 557056K
  class space    used 18257K, committed 18880K, reserved 425984K
}
Event: 170.850 GC heap after
{Heap after GC invocations=53 (full 0):
 garbage-first heap   total 397312K, used 195812K [0x0000000080000000, 0x0000000100000000)
  region size 1024K, 8 young (8192K), 8 survivors (8192K)
 Metaspace       used 137311K, committed 138624K, reserved 557056K
  class space    used 18257K, committed 18880K, reserved 425984K
}

Dll operation events (16 events):
Event: 0.014 Loaded shared library C:\Program Files\Microsoft\jdk-17.0.18.8-hotspot\bin\java.dll
Event: 0.037 Loaded shared library C:\Program Files\Microsoft\jdk-17.0.18.8-hotspot\bin\jsvml.dll
Event: 0.132 Loaded shared library C:\Program Files\Microsoft\jdk-17.0.18.8-hotspot\bin\zip.dll
Event: 0.137 Loaded shared library C:\Program Files\Microsoft\jdk-17.0.18.8-hotspot\bin\instrument.dll
Event: 0.143 Loaded shared library C:\Program Files\Microsoft\jdk-17.0.18.8-hotspot\bin\net.dll
Event: 0.145 Loaded shared library C:\Program Files\Microsoft\jdk-17.0.18.8-hotspot\bin\nio.dll
Event: 0.150 Loaded shared library C:\Program Files\Microsoft\jdk-17.0.18.8-hotspot\bin\zip.dll
Event: 0.539 Loaded shared library C:\Program Files\Microsoft\jdk-17.0.18.8-hotspot\bin\jimage.dll
Event: 0.664 Loaded shared library C:\Program Files\Microsoft\jdk-17.0.18.8-hotspot\bin\verify.dll
Event: 1.037 Loaded shared library C:\Users\Administrator\.gradle\native\c067742578af261105cb4f569cf0c3c89f3d7b1fecec35dd04571415982c5e48\windows-amd64\native-platform.dll
Event: 1.063 Loaded shared library C:\Users\Administrator\.gradle\native\38dada09dfb8b06ba9b0570ebf7e218e3eb74d4ef43ca46872605cf95ebc2f47\windows-amd64\native-platform-file-events.dll
Event: 3.160 Loaded shared library C:\Program Files\Microsoft\jdk-17.0.18.8-hotspot\bin\management.dll
Event: 3.163 Loaded shared library C:\Program Files\Microsoft\jdk-17.0.18.8-hotspot\bin\management_ext.dll
Event: 3.474 Loaded shared library C:\Program Files\Microsoft\jdk-17.0.18.8-hotspot\bin\extnet.dll
Event: 4.095 Loaded shared library C:\Program Files\Microsoft\jdk-17.0.18.8-hotspot\bin\sunmscapi.dll
Event: 119.593 Loaded shared library C:\Program Files\Microsoft\jdk-17.0.18.8-hotspot\bin\rmi.dll

Deoptimization events (20 events):
Event: 170.851 Thread 0x0000021e7ef38710 Uncommon trap: trap_request=0xffffff45 fr.pc=0x0000021e495dc234 relative=0x0000000000000314
Event: 170.851 Thread 0x0000021e7ef38710 Uncommon trap: reason=unstable_if action=reinterpret pc=0x0000021e495dc234 method=java.util.WeakHashMap.matchesKey(Ljava/util/WeakHashMap$Entry;Ljava/lang/Object;)Z @ 5 c2
Event: 170.851 Thread 0x0000021e7ef38710 DEOPT PACKING pc=0x0000021e495dc234 sp=0x0000006bc55feed0
Event: 170.851 Thread 0x0000021e7ef38710 DEOPT UNPACKING pc=0x0000021e48f569a3 sp=0x0000006bc55fee10 mode 2
Event: 229.193 Thread 0x0000021e7be373c0 Uncommon trap: trap_request=0xffffffbe fr.pc=0x0000021e49fe4d84 relative=0x0000000000001c04
Event: 229.193 Thread 0x0000021e7be373c0 Uncommon trap: reason=profile_predicate action=maybe_recompile pc=0x0000021e49fe4d84 method=com.google.common.collect.MapMakerInternalMap$Segment.expand()V @ 56 c2
Event: 229.193 Thread 0x0000021e7be373c0 DEOPT PACKING pc=0x0000021e49fe4d84 sp=0x0000006bc74fb0c0
Event: 229.193 Thread 0x0000021e7be373c0 DEOPT UNPACKING pc=0x0000021e48f569a3 sp=0x0000006bc74fb078 mode 2
Event: 229.193 Thread 0x0000021e7be373c0 Uncommon trap: trap_request=0xffffffbe fr.pc=0x0000021e49fe4d84 relative=0x0000000000001c04
Event: 229.193 Thread 0x0000021e7be373c0 Uncommon trap: reason=profile_predicate action=maybe_recompile pc=0x0000021e49fe4d84 method=com.google.common.collect.MapMakerInternalMap$Segment.expand()V @ 56 c2
Event: 229.193 Thread 0x0000021e7be373c0 DEOPT PACKING pc=0x0000021e49fe4d84 sp=0x0000006bc74fb0c0
Event: 229.193 Thread 0x0000021e7be373c0 DEOPT UNPACKING pc=0x0000021e48f569a3 sp=0x0000006bc74fb078 mode 2
Event: 229.193 Thread 0x0000021e7be373c0 Uncommon trap: trap_request=0xffffffbe fr.pc=0x0000021e49fe4d84 relative=0x0000000000001c04
Event: 229.193 Thread 0x0000021e7be373c0 Uncommon trap: reason=profile_predicate action=maybe_recompile pc=0x0000021e49fe4d84 method=com.google.common.collect.MapMakerInternalMap$Segment.expand()V @ 56 c2
Event: 229.193 Thread 0x0000021e7be373c0 DEOPT PACKING pc=0x0000021e49fe4d84 sp=0x0000006bc74fb0c0
Event: 229.194 Thread 0x0000021e7be373c0 DEOPT UNPACKING pc=0x0000021e48f569a3 sp=0x0000006bc74fb078 mode 2
Event: 229.194 Thread 0x0000021e7be373c0 Uncommon trap: trap_request=0xffffffbe fr.pc=0x0000021e49fe4d84 relative=0x0000000000001c04
Event: 229.194 Thread 0x0000021e7be373c0 Uncommon trap: reason=profile_predicate action=maybe_recompile pc=0x0000021e49fe4d84 method=com.google.common.collect.MapMakerInternalMap$Segment.expand()V @ 56 c2
Event: 229.194 Thread 0x0000021e7be373c0 DEOPT PACKING pc=0x0000021e49fe4d84 sp=0x0000006bc74fb0c0
Event: 229.194 Thread 0x0000021e7be373c0 DEOPT UNPACKING pc=0x0000021e48f569a3 sp=0x0000006bc74fb078 mode 2

Classes loaded (20 events):
Event: 120.244 Loading class sun/rmi/transport/tcp/TCPTransport$ConnectionHandler
Event: 120.244 Loading class sun/rmi/transport/tcp/TCPTransport$ConnectionHandler done
Event: 120.360 Loading class sun/rmi/transport/Transport$1
Event: 120.361 Loading class sun/rmi/transport/Transport$1 done
Event: 120.362 Loading class sun/rmi/transport/DGCImpl$LeaseInfo
Event: 120.362 Loading class sun/rmi/transport/DGCImpl$LeaseInfo done
Event: 120.362 Loading class sun/rmi/transport/DGCImpl$1
Event: 120.362 Loading class sun/rmi/transport/DGCImpl$1 done
Event: 120.362 Loading class sun/rmi/transport/SequenceEntry
Event: 120.363 Loading class sun/rmi/transport/SequenceEntry done
Event: 165.937 Loading class sun/net/ConnectionResetException
Event: 165.938 Loading class sun/net/ConnectionResetException done
Event: 165.940 Loading class sun/net/util/SocketExceptions
Event: 165.940 Loading class sun/net/util/SocketExceptions done
Event: 166.004 Loading class java/lang/Throwable$WrappedPrintWriter
Event: 166.017 Loading class java/lang/Throwable$PrintStreamOrWriter
Event: 166.017 Loading class java/lang/Throwable$PrintStreamOrWriter done
Event: 166.017 Loading class java/lang/Throwable$WrappedPrintWriter done
Event: 170.851 Loading class sun/rmi/transport/DGCClient$EndpointEntry$CleanRequest
Event: 170.851 Loading class sun/rmi/transport/DGCClient$EndpointEntry$CleanRequest done

Classes unloaded (1 events):
Event: 27.782 Thread 0x0000021e57a6fa60 Unloading class 0x0000021e599a0400 'java/lang/invoke/LambdaForm$DMH+0x0000021e599a0400'

Classes redefined (0 events):
No events

Internal exceptions (20 events):
Event: 165.984 Thread 0x0000021e7ef3aa80 Exception <a 'java/net/ConnectException'{0x0000000091d66570}: Connection refused: connect> (0x0000000091d66570) 
thrown [s\src\hotspot\share\prims\jni.cpp, line 535]
Event: 165.984 Thread 0x0000021e7ef3aa80 Exception <a 'java/net/SocketException'{0x0000000091d66b50}: Socket is not connected: shutdown> (0x0000000091d66b50) 
thrown [s\src\hotspot\share\prims\jni.cpp, line 535]
Event: 165.988 Thread 0x0000021e7ef37cf0 Exception <a 'java/net/ConnectException'{0x000000009054ca18}: Connection refused: connect> (0x000000009054ca18) 
thrown [s\src\hotspot\share\prims\jni.cpp, line 535]
Event: 165.988 Thread 0x0000021e7ef37cf0 Exception <a 'java/net/SocketException'{0x000000009054cff8}: Socket is not connected: shutdown> (0x000000009054cff8) 
thrown [s\src\hotspot\share\prims\jni.cpp, line 535]
Event: 165.995 Thread 0x0000021e7ef3aa80 Exception <a 'java/net/ConnectException'{0x0000000091d67628}: Connection refused: connect> (0x0000000091d67628) 
thrown [s\src\hotspot\share\prims\jni.cpp, line 535]
Event: 165.995 Thread 0x0000021e7ef3aa80 Exception <a 'java/net/SocketException'{0x0000000091d67c08}: Socket is not connected: shutdown> (0x0000000091d67c08) 
thrown [s\src\hotspot\share\prims\jni.cpp, line 535]
Event: 166.000 Thread 0x0000021e7ef37cf0 Exception <a 'java/net/ConnectException'{0x000000009054dad0}: Connection refused: connect> (0x000000009054dad0) 
thrown [s\src\hotspot\share\prims\jni.cpp, line 535]
Event: 166.000 Thread 0x0000021e7ef37cf0 Exception <a 'java/net/SocketException'{0x000000009054e0b0}: Socket is not connected: shutdown> (0x000000009054e0b0) 
thrown [s\src\hotspot\share\prims\jni.cpp, line 535]
Event: 170.852 Thread 0x0000021e7ef38710 Exception <a 'java/net/ConnectException'{0x0000000098302bb0}: Connection refused: connect> (0x0000000098302bb0) 
thrown [s\src\hotspot\share\prims\jni.cpp, line 535]
Event: 170.852 Thread 0x0000021e7ef38710 Exception <a 'java/net/SocketException'{0x0000000098302ee8}: Socket is not connected: shutdown> (0x0000000098302ee8) 
thrown [s\src\hotspot\share\prims\jni.cpp, line 535]
Event: 170.853 Thread 0x0000021e7ef377e0 Exception <a 'java/net/ConnectException'{0x000000009830f730}: Connection refused: connect> (0x000000009830f730) 
thrown [s\src\hotspot\share\prims\jni.cpp, line 535]
Event: 170.853 Thread 0x0000021e7ef377e0 Exception <a 'java/net/SocketException'{0x000000009830fa68}: Socket is not connected: shutdown> (0x000000009830fa68) 
thrown [s\src\hotspot\share\prims\jni.cpp, line 535]
Event: 170.864 Thread 0x0000021e7ef38710 Exception <a 'java/net/ConnectException'{0x0000000098303718}: Connection refused: connect> (0x0000000098303718) 
thrown [s\src\hotspot\share\prims\jni.cpp, line 535]
Event: 170.864 Thread 0x0000021e7ef38710 Exception <a 'java/net/SocketException'{0x0000000098303a50}: Socket is not connected: shutdown> (0x0000000098303a50) 
thrown [s\src\hotspot\share\prims\jni.cpp, line 535]
Event: 170.865 Thread 0x0000021e7ef377e0 Exception <a 'java/net/ConnectException'{0x0000000098310298}: Connection refused: connect> (0x0000000098310298) 
thrown [s\src\hotspot\share\prims\jni.cpp, line 535]
Event: 170.865 Thread 0x0000021e7ef377e0 Exception <a 'java/net/SocketException'{0x00000000983105d0}: Socket is not connected: shutdown> (0x00000000983105d0) 
thrown [s\src\hotspot\share\prims\jni.cpp, line 535]
Event: 170.875 Thread 0x0000021e7ef38710 Exception <a 'java/net/ConnectException'{0x0000000098304280}: Connection refused: connect> (0x0000000098304280) 
thrown [s\src\hotspot\share\prims\jni.cpp, line 535]
Event: 170.875 Thread 0x0000021e7ef38710 Exception <a 'java/net/SocketException'{0x00000000983045b8}: Socket is not connected: shutdown> (0x00000000983045b8) 
thrown [s\src\hotspot\share\prims\jni.cpp, line 535]
Event: 170.877 Thread 0x0000021e7ef377e0 Exception <a 'java/net/ConnectException'{0x0000000098310e00}: Connection refused: connect> (0x0000000098310e00) 
thrown [s\src\hotspot\share\prims\jni.cpp, line 535]
Event: 170.878 Thread 0x0000021e7ef377e0 Exception <a 'java/net/SocketException'{0x0000000098311138}: Socket is not connected: shutdown> (0x0000000098311138) 
thrown [s\src\hotspot\share\prims\jni.cpp, line 535]

VM Operations (20 events):
Event: 219.335 Executing VM operation: Cleanup
Event: 219.336 Executing VM operation: Cleanup done
Event: 224.337 Executing VM operation: Cleanup
Event: 224.337 Executing VM operation: Cleanup done
Event: 226.338 Executing VM operation: Cleanup
Event: 226.338 Executing VM operation: Cleanup done
Event: 228.339 Executing VM operation: Cleanup
Event: 228.339 Executing VM operation: Cleanup done
Event: 229.339 Executing VM operation: Cleanup
Event: 229.339 Executing VM operation: Cleanup done
Event: 230.340 Executing VM operation: Cleanup
Event: 230.340 Executing VM operation: Cleanup done
Event: 234.344 Executing VM operation: Cleanup
Event: 234.344 Executing VM operation: Cleanup done
Event: 236.345 Executing VM operation: Cleanup
Event: 236.345 Executing VM operation: Cleanup done
Event: 237.346 Executing VM operation: Cleanup
Event: 237.346 Executing VM operation: Cleanup done
Event: 244.349 Executing VM operation: Cleanup
Event: 244.349 Executing VM operation: Cleanup done

Memory protections (0 events):
No events

Nmethod flushes (20 events):
Event: 107.563 Thread 0x0000021e57ac30f0 flushing  nmethod 0x0000021e43823690
Event: 107.563 Thread 0x0000021e57ac30f0 flushing  nmethod 0x0000021e43826490
Event: 107.563 Thread 0x0000021e57ac30f0 flushing  nmethod 0x0000021e43829090
Event: 107.563 Thread 0x0000021e57ac30f0 flushing  nmethod 0x0000021e43834790
Event: 107.563 Thread 0x0000021e57ac30f0 flushing  nmethod 0x0000021e43834b90
Event: 107.563 Thread 0x0000021e57ac30f0 flushing  nmethod 0x0000021e43835610
Event: 107.563 Thread 0x0000021e57ac30f0 flushing  nmethod 0x0000021e43835d10
Event: 107.563 Thread 0x0000021e57ac30f0 flushing  nmethod 0x0000021e43836610
Event: 107.563 Thread 0x0000021e57ac30f0 flushing  nmethod 0x0000021e43836a10
Event: 107.563 Thread 0x0000021e57ac30f0 flushing  nmethod 0x0000021e43836f10
Event: 107.563 Thread 0x0000021e57ac30f0 flushing  nmethod 0x0000021e43837690
Event: 107.563 Thread 0x0000021e57ac30f0 flushing  nmethod 0x0000021e43838410
Event: 107.563 Thread 0x0000021e57ac30f0 flushing  nmethod 0x0000021e43839110
Event: 107.563 Thread 0x0000021e57ac30f0 flushing  nmethod 0x0000021e4383a410
Event: 107.563 Thread 0x0000021e57ac30f0 flushing  nmethod 0x0000021e4383af90
Event: 107.563 Thread 0x0000021e57ac30f0 flushing  nmethod 0x0000021e4383b490
Event: 107.563 Thread 0x0000021e57ac30f0 flushing  nmethod 0x0000021e43868310
Event: 107.564 Thread 0x0000021e57ac30f0 flushing  nmethod 0x0000021e43893910
Event: 107.564 Thread 0x0000021e57ac30f0 flushing  nmethod 0x0000021e43894090
Event: 107.564 Thread 0x0000021e57ac30f0 flushing  nmethod 0x0000021e43896090

Events (20 events):
Event: 55.615 Thread 0x0000021e78f85200 Thread exited: 0x0000021e78f85200
Event: 107.218 Thread 0x0000021e7a2d7050 Thread exited: 0x0000021e7a2d7050
Event: 107.538 Thread 0x0000021e7ef37cf0 Thread added: 0x0000021e7ef377e0
Event: 108.620 Thread 0x0000021e7ba3d120 Thread added: 0x0000021e7ef3bec0
Event: 111.109 Thread 0x0000021e7ef3a570 Thread exited: 0x0000021e7ef3a570
Event: 113.110 Thread 0x0000021e7ef377e0 Thread exited: 0x0000021e7ef377e0
Event: 119.566 Thread 0x0000021e7ef37cf0 Thread added: 0x0000021e7ef3c3d0
Event: 119.577 Thread 0x0000021e7ef37cf0 Thread added: 0x0000021e7ef38710
Event: 119.594 Thread 0x0000021e7ef37cf0 Thread added: 0x0000021e7ef363a0
Event: 120.095 Thread 0x0000021e7ef37cf0 Thread added: 0x0000021e7ef34f60
Event: 120.095 Thread 0x0000021e7ef37cf0 Thread added: 0x0000021e7ef36dc0
Event: 120.205 Thread 0x0000021e7ef3aa80 Thread added: 0x0000021e7ef377e0
Event: 120.244 Thread 0x0000021e7ef34f60 Thread added: 0x0000021e7ef3a570
Event: 120.479 Thread 0x0000021e7ef34f60 Thread added: 0x0000021e7ef3c8e0
Event: 166.791 Thread 0x0000021e7ef37cf0 Thread added: 0x0000021e7a2d7050
Event: 166.957 Thread 0x0000021e7ef3aa80 Thread added: 0x0000021e7d443210
Event: 167.314 Thread 0x0000021e7a2d7560 Thread exited: 0x0000021e7a2d7560
Event: 195.551 Thread 0x0000021e7ef3a570 Thread exited: 0x0000021e7ef3a570
Event: 195.882 Thread 0x0000021e7ef3c8e0 Thread exited: 0x0000021e7ef3c8e0
Event: 227.436 Thread 0x0000021e7a2d7a70 Thread exited: 0x0000021e7a2d7a70


Dynamic libraries:
0x00007ff7fd240000 - 0x00007ff7fd24e000 	C:\Program Files\Microsoft\jdk-17.0.18.8-hotspot\bin\java.exe
0x00007ffcedbf0000 - 0x00007ffcedde8000 	C:\Windows\SYSTEM32\ntdll.dll
0x00007ffceda00000 - 0x00007ffcedac2000 	C:\Windows\System32\KERNEL32.DLL
0x00007ffceb880000 - 0x00007ffcebb76000 	C:\Windows\System32\KERNELBASE.dll
0x00007ffceb400000 - 0x00007ffceb500000 	C:\Windows\System32\ucrtbase.dll
0x00007ffce1e50000 - 0x00007ffce1e68000 	C:\Program Files\Microsoft\jdk-17.0.18.8-hotspot\bin\jli.dll
0x00007ffcd5d40000 - 0x00007ffcd5d5e000 	C:\Program Files\Microsoft\jdk-17.0.18.8-hotspot\bin\VCRUNTIME140.dll
0x00007ffcecb70000 - 0x00007ffcecd11000 	C:\Windows\System32\USER32.dll
0x00007ffceb3d0000 - 0x00007ffceb3f2000 	C:\Windows\System32\win32u.dll
0x00007ffcd5770000 - 0x00007ffcd5a0b000 	C:\Windows\WinSxS\amd64_microsoft.windows.common-controls_6595b64144ccf1df_6.0.19041.6456_none_60b8a6cb71f64256\COMCTL32.dll
0x00007ffced940000 - 0x00007ffced96b000 	C:\Windows\System32\GDI32.dll
0x00007ffced8a0000 - 0x00007ffced93e000 	C:\Windows\System32\msvcrt.dll
0x00007ffceb2b0000 - 0x00007ffceb3c9000 	C:\Windows\System32\gdi32full.dll
0x00007ffceb680000 - 0x00007ffceb71d000 	C:\Windows\System32\msvcp_win.dll
0x00007ffcecd20000 - 0x00007ffcecd4f000 	C:\Windows\System32\IMM32.DLL
0x00007ffce3630000 - 0x00007ffce363c000 	C:\Program Files\Microsoft\jdk-17.0.18.8-hotspot\bin\vcruntime140_1.dll
0x00007ffcc3f30000 - 0x00007ffcc3fb9000 	C:\Program Files\Microsoft\jdk-17.0.18.8-hotspot\bin\msvcp140.dll
0x00007ffc8ca70000 - 0x00007ffc8d6ea000 	C:\Program Files\Microsoft\jdk-17.0.18.8-hotspot\bin\server\jvm.dll
0x00007ffcec280000 - 0x00007ffcec331000 	C:\Windows\System32\ADVAPI32.dll
0x00007ffcecab0000 - 0x00007ffcecb4f000 	C:\Windows\System32\sechost.dll
0x00007ffced5d0000 - 0x00007ffced6f0000 	C:\Windows\System32\RPCRT4.dll
0x00007ffceb280000 - 0x00007ffceb2a7000 	C:\Windows\System32\bcrypt.dll
0x00007ffcecd50000 - 0x00007ffcecdbb000 	C:\Windows\System32\WS2_32.dll
0x00007ffceb0e0000 - 0x00007ffceb12b000 	C:\Windows\SYSTEM32\POWRPROF.dll
0x00007ffcd5fe0000 - 0x00007ffcd5fea000 	C:\Windows\SYSTEM32\VERSION.dll
0x00007ffcd1870000 - 0x00007ffcd1897000 	C:\Windows\SYSTEM32\WINMM.dll
0x00007ffceb0c0000 - 0x00007ffceb0d2000 	C:\Windows\SYSTEM32\UMPDC.dll
0x00007ffce9ae0000 - 0x00007ffce9af2000 	C:\Windows\SYSTEM32\kernel.appcore.dll
0x00007ffce1e00000 - 0x00007ffce1e0a000 	C:\Program Files\Microsoft\jdk-17.0.18.8-hotspot\bin\jimage.dll
0x00007ffce4fa0000 - 0x00007ffce51a1000 	C:\Windows\SYSTEM32\DBGHELP.DLL
0x00007ffcd0a90000 - 0x00007ffcd0ac4000 	C:\Windows\SYSTEM32\dbgcore.DLL
0x00007ffcebb80000 - 0x00007ffcebc02000 	C:\Windows\System32\bcryptPrimitives.dll
0x00007ffce35e0000 - 0x00007ffce35ef000 	C:\Program Files\Microsoft\jdk-17.0.18.8-hotspot\bin\instrument.dll
0x00007ffcc6300000 - 0x00007ffcc6326000 	C:\Program Files\Microsoft\jdk-17.0.18.8-hotspot\bin\java.dll
0x00007ffc9d6b0000 - 0x00007ffc9d786000 	C:\Program Files\Microsoft\jdk-17.0.18.8-hotspot\bin\jsvml.dll
0x00007ffcec340000 - 0x00007ffcecab0000 	C:\Windows\System32\SHELL32.dll
0x00007ffce8ca0000 - 0x00007ffce9445000 	C:\Windows\SYSTEM32\windows.storage.dll
0x00007ffced270000 - 0x00007ffced5c4000 	C:\Windows\System32\combase.dll
0x00007ffceac40000 - 0x00007ffceac6b000 	C:\Windows\SYSTEM32\Wldp.dll
0x00007ffcebc10000 - 0x00007ffcebcdd000 	C:\Windows\System32\OLEAUT32.dll
0x00007ffcecec0000 - 0x00007ffcecf6d000 	C:\Windows\System32\SHCORE.dll
0x00007ffcedad0000 - 0x00007ffcedb2b000 	C:\Windows\System32\shlwapi.dll
0x00007ffceb1b0000 - 0x00007ffceb1d4000 	C:\Windows\SYSTEM32\profapi.dll
0x00007ffcc4730000 - 0x00007ffcc4748000 	C:\Program Files\Microsoft\jdk-17.0.18.8-hotspot\bin\zip.dll
0x00007ffcc4770000 - 0x00007ffcc478b000 	C:\Program Files\Microsoft\jdk-17.0.18.8-hotspot\bin\net.dll
0x00007ffcd8a30000 - 0x00007ffcd8b3a000 	C:\Windows\SYSTEM32\WINHTTP.dll
0x00007ffcea9a0000 - 0x00007ffceaa0a000 	C:\Windows\system32\mswsock.dll
0x00007ffcc4750000 - 0x00007ffcc4766000 	C:\Program Files\Microsoft\jdk-17.0.18.8-hotspot\bin\nio.dll
0x00007ffce1db0000 - 0x00007ffce1dc0000 	C:\Program Files\Microsoft\jdk-17.0.18.8-hotspot\bin\verify.dll
0x00007ffcbb350000 - 0x00007ffcbb377000 	C:\Users\Administrator\.gradle\native\c067742578af261105cb4f569cf0c3c89f3d7b1fecec35dd04571415982c5e48\windows-amd64\native-platform.dll
0x00007ffcb89b0000 - 0x00007ffcb8af4000 	C:\Users\Administrator\.gradle\native\38dada09dfb8b06ba9b0570ebf7e218e3eb74d4ef43ca46872605cf95ebc2f47\windows-amd64\native-platform-file-events.dll
0x00007ffce0080000 - 0x00007ffce008a000 	C:\Program Files\Microsoft\jdk-17.0.18.8-hotspot\bin\management.dll
0x00007ffcd5d10000 - 0x00007ffcd5d1c000 	C:\Program Files\Microsoft\jdk-17.0.18.8-hotspot\bin\management_ext.dll
0x00007ffcec150000 - 0x00007ffcec158000 	C:\Windows\System32\PSAPI.DLL
0x00007ffceab90000 - 0x00007ffceaba8000 	C:\Windows\SYSTEM32\CRYPTSP.dll
0x00007ffcea2c0000 - 0x00007ffcea2f8000 	C:\Windows\system32\rsaenh.dll
0x00007ffceb170000 - 0x00007ffceb19e000 	C:\Windows\SYSTEM32\USERENV.dll
0x00007ffceabb0000 - 0x00007ffceabbc000 	C:\Windows\SYSTEM32\CRYPTBASE.dll
0x00007ffcea680000 - 0x00007ffcea6bb000 	C:\Windows\SYSTEM32\IPHLPAPI.DLL
0x00007ffcecea0000 - 0x00007ffcecea8000 	C:\Windows\System32\NSI.dll
0x00007ffcdcdd0000 - 0x00007ffcdcde7000 	C:\Windows\SYSTEM32\dhcpcsvc6.DLL
0x00007ffcdefa0000 - 0x00007ffcdefbd000 	C:\Windows\SYSTEM32\dhcpcsvc.DLL
0x00007ffcea6c0000 - 0x00007ffcea78a000 	C:\Windows\SYSTEM32\DNSAPI.dll
0x00007ffcd4460000 - 0x00007ffcd4469000 	C:\Program Files\Microsoft\jdk-17.0.18.8-hotspot\bin\extnet.dll
0x00007ffce35d0000 - 0x00007ffce35de000 	C:\Program Files\Microsoft\jdk-17.0.18.8-hotspot\bin\sunmscapi.dll
0x00007ffceb720000 - 0x00007ffceb87d000 	C:\Windows\System32\CRYPT32.dll
0x00007ffceacb0000 - 0x00007ffceacd7000 	C:\Windows\SYSTEM32\ncrypt.dll
0x00007ffceac70000 - 0x00007ffceacab000 	C:\Windows\SYSTEM32\NTASN1.dll
0x00007ffcbb3a0000 - 0x00007ffcbb3a7000 	C:\Windows\system32\wshunix.dll
0x00007ffccc7a0000 - 0x00007ffccc7b7000 	C:\Windows\system32\napinsp.dll
0x00007ffcc90f0000 - 0x00007ffcc910b000 	C:\Windows\system32\pnrpnsp.dll
0x00007ffce4370000 - 0x00007ffce438d000 	C:\Windows\system32\wshbth.dll
0x00007ffce34e0000 - 0x00007ffce34fd000 	C:\Windows\system32\NLAapi.dll
0x00007ffcc94d0000 - 0x00007ffcc94e2000 	C:\Windows\System32\winrnr.dll
0x00007ffcd38d0000 - 0x00007ffcd38da000 	C:\Windows\System32\rasadhlp.dll
0x00007ffcd4ec0000 - 0x00007ffcd4f40000 	C:\Windows\System32\fwpuclnt.dll
0x00007ffcea510000 - 0x00007ffcea543000 	C:\Windows\SYSTEM32\ntmarta.dll
0x00007ffce3590000 - 0x00007ffce3597000 	C:\Program Files\Microsoft\jdk-17.0.18.8-hotspot\bin\rmi.dll

dbghelp: loaded successfully - version: 4.0.5 - missing functions: none
symbol engine: initialized successfully - sym options: 0x614 - pdb path: .;C:\Program Files\Microsoft\jdk-17.0.18.8-hotspot\bin;C:\Windows\SYSTEM32;C:\Windows\WinSxS\amd64_microsoft.windows.common-controls_6595b64144ccf1df_6.0.19041.6456_none_60b8a6cb71f64256;C:\Program Files\Microsoft\jdk-17.0.18.8-hotspot\bin\server;C:\Users\Administrator\.gradle\native\c067742578af261105cb4f569cf0c3c89f3d7b1fecec35dd04571415982c5e48\windows-amd64;C:\Users\Administrator\.gradle\native\38dada09dfb8b06ba9b0570ebf7e218e3eb74d4ef43ca46872605cf95ebc2f47\windows-amd64

VM Arguments:
jvm_args: -XX:MaxMetaspaceSize=512m --add-opens=java.base/java.util=ALL-UNNAMED --add-opens=java.base/java.lang=ALL-UNNAMED --add-opens=java.base/java.lang.invoke=ALL-UNNAMED --add-opens=java.prefs/java.util.prefs=ALL-UNNAMED --add-opens=java.base/java.nio.charset=ALL-UNNAMED --add-opens=java.base/java.net=ALL-UNNAMED --add-opens=java.base/java.util.concurrent.atomic=ALL-UNNAMED -Xmx2048m -Dfile.encoding=windows-1252 -Duser.country=US -Duser.language=en -Duser.variant -javaagent:C:\Users\Administrator\.gradle\wrapper\dists\gradle-8.7-all\aan3ydargesu18aqyqjwhr3pc\gradle-8.7\lib\agents\gradle-instrumentation-agent-8.7.jar 
java_command: org.gradle.launcher.daemon.bootstrap.GradleDaemon 8.7
java_class_path (initial): C:\Users\Administrator\.gradle\wrapper\dists\gradle-8.7-all\aan3ydargesu18aqyqjwhr3pc\gradle-8.7\lib\gradle-launcher-8.7.jar
Launcher Type: SUN_STANDARD

[Global flags]
     intx CICompilerCount                          = 3                                         {product} {ergonomic}
   size_t CompressedClassSpaceSize                 = 436207616                                 {product} {ergonomic}
     uint ConcGCThreads                            = 1                                         {product} {ergonomic}
     uint G1ConcRefinementThreads                  = 4                                         {product} {ergonomic}
   size_t G1HeapRegionSize                         = 1048576                                   {product} {ergonomic}
    uintx GCDrainStackTargetSize                   = 64                                        {product} {ergonomic}
   size_t InitialHeapSize                          = 130023424                                 {product} {ergonomic}
   size_t MarkStackSize                            = 4194304                                   {product} {ergonomic}
   size_t MaxHeapSize                              = 2147483648                                {product} {command line}
   size_t MaxMetaspaceSize                         = 536870912                                 {product} {command line}
   size_t MaxNewSize                               = 1287651328                                {product} {ergonomic}
   size_t MinHeapDeltaBytes                        = 1048576                                   {product} {ergonomic}
   size_t MinHeapSize                              = 8388608                                   {product} {ergonomic}
    uintx NonNMethodCodeHeapSize                   = 5832780                                {pd product} {ergonomic}
    uintx NonProfiledCodeHeapSize                  = 122912730                              {pd product} {ergonomic}
    uintx ProfiledCodeHeapSize                     = 122912730                              {pd product} {ergonomic}
    uintx ReservedCodeCacheSize                    = 251658240                              {pd product} {ergonomic}
     bool SegmentedCodeCache                       = true                                      {product} {ergonomic}
   size_t SoftMaxHeapSize                          = 2147483648                             {manageable} {ergonomic}
     bool UseCompressedClassPointers               = true                           {product lp64_product} {ergonomic}
     bool UseCompressedOops                        = true                           {product lp64_product} {ergonomic}
     bool UseG1GC                                  = true                                      {product} {ergonomic}
     bool UseLargePagesIndividualAllocation        = false                                  {pd product} {ergonomic}

Logging:
Log output configuration:
 #0: stdout all=warning uptime,level,tags
 #1: stderr all=off uptime,level,tags

Environment Variables:
JAVA_HOME=C:\Program Files\Microsoft\jdk-17.0.18.8-hotspot
PATH=C:\Program Files\Eclipse Adoptium\jdk-17.0.18.8-hotspot\bin;C:\Program Files\Eclipse Adoptium\jdk-25.0.2.10-hotspot\bin;C:\Program Files\Eclipse Adoptium\jdk-11.0.19.7-hotspot\bin;C:\Windows\system32;C:\Windows;C:\Windows\System32\Wbem;C:\Windows\System32\WindowsPowerShell\v1.0\;C:\Windows\System32\OpenSSH\;C:\Program Files\Git\cmd;E:\;C:\Users\Administrator\Downloads\platform-tools;C:\Users\Administrator\AppData\Local\Android\Sdk\tools;C:\Users\Administrator\AppData\Local\Programs\Python\Python314\Scripts\;C:\Users\Administrator\AppData\Local\Programs\Python\Python314\;C:\Users\Administrator\AppData\Local\Microsoft\WindowsApps;E:\Antigravity\bin;E:\Microsoft VS Code\bin;C:\Users\Administrator\AppData\Roaming\npm;C:\Users\Administrator\AppData\Local\Android\Sdk\platform-tools;C:\Users\Administrator\AppData\Local\Android\Sdk\emulator;c:\Users\Administrator\.antigravity\extensions\vscjava.vscode-java-debug-0.58.5-universal\bundled\scripts\noConfigScripts;c:\Users\Administrator\.antigravity\extensions\d-biehl.robotcode-2.2.0-universal\bundled\scripts
USERNAME=Administrator
LANG=en_US.UTF-8
OS=Windows_NT
PROCESSOR_IDENTIFIER=Intel64 Family 6 Model 142 Stepping 9, GenuineIntel
TMP=C:\Users\ADMINI~1\AppData\Local\Temp
TEMP=C:\Users\ADMINI~1\AppData\Local\Temp



Periodic native trim disabled


---------------  S Y S T E M  ---------------

OS:
 Windows 10 , 64 bit Build 19041 (10.0.19041.5915)
OS uptime: 0 days 20:16 hours

CPU: total 4 (initial active 4) (2 cores per cpu, 2 threads per core) family 6 model 142 stepping 9 microcode 0xd6, cx8, cmov, fxsr, ht, mmx, 3dnowpref, sse, sse2, sse3, ssse3, sse4.1, sse4.2, popcnt, lzcnt, tsc, tscinvbit, avx, avx2, aes, erms, clmul, bmi1, bmi2, adx, fma, vzeroupper, clflush, clflushopt
Processor Information for the first 4 processors :
  Max Mhz: 2712, Current Mhz: 2511, Mhz Limit: 2495

Memory: 4k page, system-wide physical 7843M (287M free)
TotalPageFile size 17730M (AvailPageFile size 0M)
current process WorkingSet (physical memory assigned to process): 365M, peak: 723M
current process commit charge ("private bytes"): 761M, peak: 782M

vm_info: OpenJDK 64-Bit Server VM (17.0.18+8-LTS) for windows-amd64 JRE (17.0.18+8-LTS), built on Jan 15 2026 18:50:45 by "MicrosoftCorporation" with MS VC++ 17.14 (VS2022)

END.
