#
# There is insufficient memory for the Java Runtime Environment to continue.
# Native memory allocation (malloc) failed to allocate 1661296 bytes. Error detail: Chunk::new
# Possible reasons:
#   The system is out of physical RAM or swap space
#   This process is running with CompressedOops enabled, and the Java Heap may be blocking the growth of the native heap
# Possible solutions:
#   Reduce memory load on the system
#   Increase physical memory or swap space
#   Check if swap backing store is full
#   Decrease Java heap size (-Xmx/-Xms)
#   Decrease number of Java threads
#   Decrease Java thread stack sizes (-Xss)
#   Set larger code cache with -XX:ReservedCodeCacheSize=
#   JVM is running with Unscaled Compressed Oops mode in which the Java heap is
#     placed in the first 4GB address space. The Java Heap base address is the
#     maximum limit for the native heap growth. Please use -XX:HeapBaseMinAddress
#     to set the Java Heap base and to place the Java Heap above 4GB virtual address.
# This output file may be truncated or incomplete.
#
#  Out of Memory Error (arena.cpp:191), pid=15744, tid=6356
#
# JRE version: OpenJDK Runtime Environment Microsoft-13106358 (17.0.18+8) (build 17.0.18+8-LTS)
# Java VM: OpenJDK 64-Bit Server VM Microsoft-13106358 (17.0.18+8-LTS, mixed mode, sharing, tiered, compressed oops, compressed class ptrs, g1 gc, windows-amd64)
# No core dump will be written. Minidumps are not enabled by default on client versions of Windows
#

---------------  S U M M A R Y ------------

Command Line: -XX:MaxMetaspaceSize=512m --add-opens=java.base/java.util=ALL-UNNAMED --add-opens=java.base/java.lang=ALL-UNNAMED --add-opens=java.base/java.lang.invoke=ALL-UNNAMED --add-opens=java.prefs/java.util.prefs=ALL-UNNAMED --add-opens=java.base/java.nio.charset=ALL-UNNAMED --add-opens=java.base/java.net=ALL-UNNAMED --add-opens=java.base/java.util.concurrent.atomic=ALL-UNNAMED -Xmx2048m -Dfile.encoding=windows-1252 -Duser.country=US -Duser.language=en -Duser.variant -javaagent:C:\Users\Administrator\.gradle\wrapper\dists\gradle-8.7-all\aan3ydargesu18aqyqjwhr3pc\gradle-8.7\lib\agents\gradle-instrumentation-agent-8.7.jar org.gradle.launcher.daemon.bootstrap.GradleDaemon 8.7

Host: Intel(R) Core(TM) i5-7200U CPU @ 2.50GHz, 4 cores, 7G,  Windows 10 , 64 bit Build 19041 (10.0.19041.5915)
Time: Sat Mar 14 17:33:53 2026 Egypt Standard Time elapsed time: 210.882886 seconds (0d 0h 3m 30s)

---------------  T H R E A D  ---------------

Current thread (0x00000203e61350a0):  JavaThread "C2 CompilerThread0" daemon [_thread_in_native, id=6356, stack(0x000000f88b000000,0x000000f88b100000)]


Current CompileTask:
C2:210882 25221       4       org.gradle.api.internal.tasks.compile.incremental.serialization.HierarchicalNameSerializer::readName (51 bytes)

Stack: [0x000000f88b000000,0x000000f88b100000]
Native frames: (J=compiled Java code, j=interpreted, Vv=VM code, C=native code)
V  [jvm.dll+0x68c879]  (no source info available)
V  [jvm.dll+0x845979]  (no source info available)
V  [jvm.dll+0x8476e8]  (no source info available)
V  [jvm.dll+0x847d73]  (no source info available)
V  [jvm.dll+0x24cf6f]  (no source info available)
V  [jvm.dll+0xaecb6]  (no source info available)
V  [jvm.dll+0xaf35c]  (no source info available)
V  [jvm.dll+0x3716ff]  (no source info available)
V  [jvm.dll+0x33b985]  (no source info available)
V  [jvm.dll+0x33adea]  (no source info available)
V  [jvm.dll+0x21df29]  (no source info available)
V  [jvm.dll+0x21d36d]  (no source info available)
V  [jvm.dll+0x1a8ce6]  (no source info available)
V  [jvm.dll+0x22db1b]  (no source info available)
V  [jvm.dll+0x22bca6]  (no source info available)
V  [jvm.dll+0x7fbabb]  (no source info available)
V  [jvm.dll+0x7f5ebc]  (no source info available)
V  [jvm.dll+0x68de17]  (no source info available)
C  [ucrtbase.dll+0x21bb2]  (no source info available)
C  [KERNEL32.DLL+0x17374]  (no source info available)
C  [ntdll.dll+0x4cc91]  (no source info available)


---------------  P R O C E S S  ---------------

Threads class SMR info:
_java_thread_list=0x00000203e6014370, length=111, elements={
0x00000203c84f2960, 0x00000203e6114c40, 0x00000203e6115fe0, 0x00000203e612c1e0,
0x00000203e612eed0, 0x00000203e6131bc0, 0x00000203e6132490, 0x00000203e61350a0,
0x00000203e614a1a0, 0x00000203e61566d0, 0x00000203e6242d50, 0x00000203e62d28c0,
0x00000203ec25b860, 0x00000203eb9ba6d0, 0x00000203ec788b40, 0x00000203e63d0110,
0x00000203ec506310, 0x00000203ec504ed0, 0x00000203ec503fa0, 0x00000203ec505e00,
0x00000203ec506820, 0x00000203ec5049c0, 0x00000203ebdfc5e0, 0x00000203ebe002a0,
0x00000203ebe01bf0, 0x00000203ebdffd90, 0x00000203ebe03030, 0x00000203ed179e60,
0x00000203ed175270, 0x00000203ed179440, 0x00000203eed8ca80, 0x00000203ec5044b0,
0x00000203ec5053e0, 0x00000203ec5058f0, 0x00000203ec43ae10, 0x00000203ec43a3f0,
0x00000203ec43e5c0, 0x00000203ec4394c0, 0x00000203ec4399d0, 0x00000203ec438080,
0x00000203ec43ead0, 0x00000203ec43b320, 0x00000203ec438aa0, 0x00000203ec438fb0,
0x00000203ec43c760, 0x00000203ec43d690, 0x00000203ec43efe0, 0x00000203ec43f4f0,
0x00000203ec43b830, 0x00000203ec43fa00, 0x00000203ebdfd510, 0x00000203ebe02b20,
0x00000203ebdfc0d0, 0x00000203ebdfcaf0, 0x00000203ebdfe440, 0x00000203ebdfd000,
0x00000203ebdff370, 0x00000203ebdfe950, 0x00000203ebe00cc0, 0x00000203ebdff880,
0x00000203ebe011d0, 0x00000203ebe03540, 0x00000203ebe016e0, 0x00000203ed1770d0,
0x00000203ed1766b0, 0x00000203ed17a880, 0x00000203ed177af0, 0x00000203ed176bc0,
0x00000203ed1775e0, 0x00000203ed178000, 0x00000203ed178f30, 0x00000203ed179950,
0x00000203ed17a370, 0x00000203f5b5cc80, 0x00000203f5b5a400, 0x00000203f5b59ef0,
0x00000203f5b5ae20, 0x00000203f5b5c260, 0x00000203f5b5b840, 0x00000203f5b5dbb0,
0x00000203f5b5d6a0, 0x00000203f5b5a910, 0x00000203f5b599e0, 0x00000203f5b5e5d0,
0x00000203f5b594d0, 0x00000203f5b5eff0, 0x00000203f5b5f500, 0x00000203f5b5fa10,
0x00000203f5b5ff20, 0x00000203f5b60430, 0x00000203f5b60940, 0x00000203f5b5bd50,
0x00000203f72aff70, 0x00000203f72b27f0, 0x00000203f72ae110, 0x00000203f72b13b0,
0x00000203f72b4140, 0x00000203f72b4b60, 0x00000203f72b1dd0, 0x00000203f72b4650,
0x00000203f72afa60, 0x00000203f72b5070, 0x00000203f72aeb30, 0x00000203f72b0480,
0x00000203f72af040, 0x00000203f72b0990, 0x00000203f72b22e0, 0x00000203eed8dec0,
0x00000203eed8c060, 0x00000203eed8edf0, 0x00000203f72ad6f0
}

Java Threads: ( => current thread )
  0x00000203c84f2960 JavaThread "main" [_thread_blocked, id=7796, stack(0x000000f88a300000,0x000000f88a400000)]
  0x00000203e6114c40 JavaThread "Reference Handler" daemon [_thread_blocked, id=3988, stack(0x000000f88aa00000,0x000000f88ab00000)]
  0x00000203e6115fe0 JavaThread "Finalizer" daemon [_thread_blocked, id=11868, stack(0x000000f88ab00000,0x000000f88ac00000)]
  0x00000203e612c1e0 JavaThread "Signal Dispatcher" daemon [_thread_blocked, id=6916, stack(0x000000f88ac00000,0x000000f88ad00000)]
  0x00000203e612eed0 JavaThread "Attach Listener" daemon [_thread_blocked, id=13444, stack(0x000000f88ad00000,0x000000f88ae00000)]
  0x00000203e6131bc0 JavaThread "Service Thread" daemon [_thread_blocked, id=16148, stack(0x000000f88ae00000,0x000000f88af00000)]
  0x00000203e6132490 JavaThread "Monitor Deflation Thread" daemon [_thread_blocked, id=16352, stack(0x000000f88af00000,0x000000f88b000000)]
=>0x00000203e61350a0 JavaThread "C2 CompilerThread0" daemon [_thread_in_native, id=6356, stack(0x000000f88b000000,0x000000f88b100000)]
  0x00000203e614a1a0 JavaThread "C1 CompilerThread0" daemon [_thread_blocked, id=9904, stack(0x000000f88b100000,0x000000f88b200000)]
  0x00000203e61566d0 JavaThread "Sweeper thread" daemon [_thread_blocked, id=11888, stack(0x000000f88b200000,0x000000f88b300000)]
  0x00000203e6242d50 JavaThread "Common-Cleaner" daemon [_thread_blocked, id=16284, stack(0x000000f88b300000,0x000000f88b400000)]
  0x00000203e62d28c0 JavaThread "Notification Thread" daemon [_thread_blocked, id=9404, stack(0x000000f88b400000,0x000000f88b500000)]
  0x00000203ec25b860 JavaThread "Daemon health stats" [_thread_blocked, id=11644, stack(0x000000f88ba00000,0x000000f88bb00000)]
  0x00000203eb9ba6d0 JavaThread "Incoming local TCP Connector on port 61779" [_thread_in_native, id=2308, stack(0x000000f88bb00000,0x000000f88bc00000)]
  0x00000203ec788b40 JavaThread "Daemon periodic checks" [_thread_blocked, id=8556, stack(0x000000f88bc00000,0x000000f88bd00000)]
  0x00000203e63d0110 JavaThread "Daemon" [_thread_blocked, id=11652, stack(0x000000f88b600000,0x000000f88b700000)]
  0x00000203ec506310 JavaThread "Daemon worker" [_thread_blocked, id=5684, stack(0x000000f88bf00000,0x000000f88c000000)]
  0x00000203ec504ed0 JavaThread "Cache worker for journal cache (C:\Users\Administrator\.gradle\caches\journal-1)" [_thread_blocked, id=8388, stack(0x000000f88c300000,0x000000f88c400000)]
  0x00000203ec503fa0 JavaThread "File lock request listener" [_thread_in_native, id=9912, stack(0x000000f88c400000,0x000000f88c500000)]
  0x00000203ec505e00 JavaThread "Cache worker for file hash cache (C:\Users\Administrator\.gradle\caches\8.7\fileHashes)" [_thread_blocked, id=10616, stack(0x000000f88c500000,0x000000f88c600000)]
  0x00000203ec506820 JavaThread "File watcher server" daemon [_thread_in_native, id=12268, stack(0x000000f88c800000,0x000000f88c900000)]
  0x00000203ec5049c0 JavaThread "File watcher consumer" daemon [_thread_blocked, id=9764, stack(0x000000f88c900000,0x000000f88ca00000)]
  0x00000203ebdfc5e0 JavaThread "Cache worker for file content cache (C:\Users\Administrator\.gradle\caches\8.7\fileContent)" [_thread_blocked, id=11116, stack(0x000000f88cc00000,0x000000f88cd00000)]
  0x00000203ebe002a0 JavaThread "jar transforms" [_thread_blocked, id=16052, stack(0x000000f88ce00000,0x000000f88cf00000)]
  0x00000203ebe01bf0 JavaThread "Memory manager" [_thread_blocked, id=7876, stack(0x000000f88db00000,0x000000f88dc00000)]
  0x00000203ebdffd90 JavaThread "ForkJoinPool.commonPool-worker-1" daemon [_thread_blocked, id=10748, stack(0x000000f88dd00000,0x000000f88de00000)]
  0x00000203ebe03030 JavaThread "ForkJoinPool.commonPool-worker-2" daemon [_thread_blocked, id=12072, stack(0x000000f88de00000,0x000000f88df00000)]
  0x00000203ed179e60 JavaThread "jar transforms Thread 2" [_thread_blocked, id=10228, stack(0x000000f88f700000,0x000000f88f800000)]
  0x00000203ed175270 JavaThread "jar transforms Thread 3" [_thread_blocked, id=13452, stack(0x000000f88f900000,0x000000f88fa00000)]
  0x00000203ed179440 JavaThread "jar transforms Thread 4" [_thread_blocked, id=11344, stack(0x000000f890600000,0x000000f890700000)]
  0x00000203eed8ca80 JavaThread "pool-4-thread-1" [_thread_blocked, id=12488, stack(0x000000f88fa00000,0x000000f88fb00000)]
  0x00000203ec5044b0 JavaThread "File lock release action executor" [_thread_blocked, id=11900, stack(0x000000f88a000000,0x000000f88a100000)]
  0x00000203ec5053e0 JavaThread "Handler for socket connection from /127.0.0.1:61779 to /127.0.0.1:61818" [_thread_in_native, id=11792, stack(0x000000f88a100000,0x000000f88a200000)]
  0x00000203ec5058f0 JavaThread "Cancel handler" [_thread_blocked, id=13528, stack(0x000000f88a200000,0x000000f88a300000)]
  0x00000203ec43ae10 JavaThread "Asynchronous log dispatcher for DefaultDaemonConnection: socket connection from /127.0.0.1:61779 to /127.0.0.1:61818" [_thread_blocked, id=14204, stack(0x000000f88bd00000,0x000000f88be00000)]
  0x00000203ec43a3f0 JavaThread "Stdin handler" [_thread_blocked, id=5540, stack(0x000000f88be00000,0x000000f88bf00000)]
  0x00000203ec43e5c0 JavaThread "Daemon client event forwarder" [_thread_blocked, id=14032, stack(0x000000f88c100000,0x000000f88c200000)]
  0x00000203ec4394c0 JavaThread "Cache worker for file hash cache (F:\mobile\android\.gradle\8.7\fileHashes)" [_thread_blocked, id=15556, stack(0x000000f88c200000,0x000000f88c300000)]
  0x00000203ec4399d0 JavaThread "Cache worker for checksums cache (F:\mobile\android\.gradle\8.7\checksums)" [_thread_blocked, id=1800, stack(0x000000f88c600000,0x000000f88c700000)]
  0x00000203ec438080 JavaThread "Cache worker for cache directory md-supplier (C:\Users\Administrator\.gradle\caches\8.7\md-supplier)" [_thread_blocked, id=12032, stack(0x000000f88c700000,0x000000f88c800000)]
  0x00000203ec43ead0 JavaThread "Cache worker for cache directory md-rule (C:\Users\Administrator\.gradle\caches\8.7\md-rule)" [_thread_blocked, id=11124, stack(0x000000f88ca00000,0x000000f88cb00000)]
  0x00000203ec43b320 JavaThread "Unconstrained build operations" [_thread_blocked, id=9632, stack(0x000000f88cb00000,0x000000f88cc00000)]
  0x00000203ec438aa0 JavaThread "Unconstrained build operations Thread 2" [_thread_blocked, id=15864, stack(0x000000f88d000000,0x000000f88d100000)]
  0x00000203ec438fb0 JavaThread "Cache worker for Build Output Cleanup Cache (F:\mobile\node_modules\@react-native\gradle-plugin\.gradle\buildOutputCleanup)" [_thread_blocked, id=10608, stack(0x000000f88d100000,0x000000f88d200000)]
  0x00000203ec43c760 JavaThread "Unconstrained build operations Thread 3" [_thread_blocked, id=12716, stack(0x000000f88d200000,0x000000f88d300000)]
  0x00000203ec43d690 JavaThread "Unconstrained build operations Thread 4" [_thread_blocked, id=1836, stack(0x000000f88d300000,0x000000f88d400000)]
  0x00000203ec43efe0 JavaThread "Unconstrained build operations Thread 5" [_thread_blocked, id=9984, stack(0x000000f88d400000,0x000000f88d500000)]
  0x00000203ec43f4f0 JavaThread "build event listener" [_thread_blocked, id=9840, stack(0x000000f88d500000,0x000000f88d600000)]
  0x00000203ec43b830 JavaThread "included builds" [_thread_blocked, id=12068, stack(0x000000f88d700000,0x000000f88d800000)]
  0x00000203ec43fa00 JavaThread "Execution worker" [_thread_blocked, id=7988, stack(0x000000f88d800000,0x000000f88d900000)]
  0x00000203ebdfd510 JavaThread "Execution worker Thread 2" [_thread_blocked, id=15308, stack(0x000000f88d900000,0x000000f88da00000)]
  0x00000203ebe02b20 JavaThread "Execution worker Thread 3" [_thread_in_native, id=8940, stack(0x000000f88da00000,0x000000f88db00000)]
  0x00000203ebdfc0d0 JavaThread "Cache worker for execution history cache (F:\mobile\node_modules\@react-native\gradle-plugin\.gradle\8.7\executionHistory)" [_thread_blocked, id=1604, stack(0x000000f88dc00000,0x000000f88dd00000)]
  0x00000203ebdfcaf0 JavaThread "Unconstrained build operations Thread 6" [_thread_blocked, id=16372, stack(0x000000f88e200000,0x000000f88e300000)]
  0x00000203ebdfe440 JavaThread "Unconstrained build operations Thread 7" [_thread_blocked, id=3120, stack(0x000000f88e300000,0x000000f88e400000)]
  0x00000203ebdfd000 JavaThread "Unconstrained build operations Thread 8" [_thread_blocked, id=764, stack(0x000000f88e400000,0x000000f88e500000)]
  0x00000203ebdff370 JavaThread "Unconstrained build operations Thread 9" [_thread_blocked, id=13888, stack(0x000000f88e500000,0x000000f88e600000)]
  0x00000203ebdfe950 JavaThread "Unconstrained build operations Thread 10" [_thread_blocked, id=6400, stack(0x000000f88e600000,0x000000f88e700000)]
  0x00000203ebe00cc0 JavaThread "Unconstrained build operations Thread 11" [_thread_blocked, id=7996, stack(0x000000f88e700000,0x000000f88e800000)]
  0x00000203ebdff880 JavaThread "Cache worker for Build Output Cleanup Cache (F:\mobile\android\.gradle\buildOutputCleanup)" [_thread_blocked, id=1496, stack(0x000000f88e800000,0x000000f88e900000)]
  0x00000203ebe011d0 JavaThread "Unconstrained build operations Thread 12" [_thread_blocked, id=11944, stack(0x000000f88e900000,0x000000f88ea00000)]
  0x00000203ebe03540 JavaThread "Unconstrained build operations Thread 13" [_thread_blocked, id=11568, stack(0x000000f88ea00000,0x000000f88eb00000)]
  0x00000203ebe016e0 JavaThread "Unconstrained build operations Thread 14" [_thread_blocked, id=9928, stack(0x000000f88eb00000,0x000000f88ec00000)]
  0x00000203ed1770d0 JavaThread "Unconstrained build operations Thread 15" [_thread_blocked, id=9464, stack(0x000000f88ec00000,0x000000f88ed00000)]
  0x00000203ed1766b0 JavaThread "Unconstrained build operations Thread 16" [_thread_blocked, id=11920, stack(0x000000f88ed00000,0x000000f88ee00000)]
  0x00000203ed17a880 JavaThread "Unconstrained build operations Thread 17" [_thread_blocked, id=12132, stack(0x000000f88ee00000,0x000000f88ef00000)]
  0x00000203ed177af0 JavaThread "build event listener" [_thread_blocked, id=14484, stack(0x000000f88ef00000,0x000000f88f000000)]
  0x00000203ed176bc0 JavaThread "Unconstrained build operations Thread 18" [_thread_blocked, id=10220, stack(0x000000f88f000000,0x000000f88f100000)]
  0x00000203ed1775e0 JavaThread "Unconstrained build operations Thread 19" [_thread_blocked, id=10976, stack(0x000000f88f100000,0x000000f88f200000)]
  0x00000203ed178000 JavaThread "Unconstrained build operations Thread 20" [_thread_blocked, id=9416, stack(0x000000f88f200000,0x000000f88f300000)]
  0x00000203ed178f30 JavaThread "Unconstrained build operations Thread 21" [_thread_blocked, id=5956, stack(0x000000f88f300000,0x000000f88f400000)]
  0x00000203ed179950 JavaThread "Unconstrained build operations Thread 22" [_thread_blocked, id=5788, stack(0x000000f88f400000,0x000000f88f500000)]
  0x00000203ed17a370 JavaThread "Unconstrained build operations Thread 23" [_thread_blocked, id=11276, stack(0x000000f88f500000,0x000000f88f600000)]
  0x00000203f5b5cc80 JavaThread "pool-7-thread-1" [_thread_blocked, id=6176, stack(0x000000f88f600000,0x000000f88f700000)]
  0x00000203f5b5a400 JavaThread "build event listener" [_thread_blocked, id=13172, stack(0x000000f88f800000,0x000000f88f900000)]
  0x00000203f5b59ef0 JavaThread "Cache worker for execution history cache (F:\mobile\android\.gradle\8.7\executionHistory)" [_thread_blocked, id=15140, stack(0x000000f88fb00000,0x000000f88fc00000)]
  0x00000203f5b5ae20 JavaThread "WorkerExecutor Queue" [_thread_in_native, id=5908, stack(0x000000f88fc00000,0x000000f88fd00000)]
  0x00000203f5b5c260 JavaThread "Unconstrained build operations Thread 24" [_thread_blocked, id=9460, stack(0x000000f890000000,0x000000f890100000)]
  0x00000203f5b5b840 JavaThread "WorkerExecutor Queue Thread 4" [_thread_blocked, id=9364, stack(0x000000f890100000,0x000000f890200000)]
  0x00000203f5b5dbb0 JavaThread "Unconstrained build operations Thread 25" [_thread_blocked, id=14964, stack(0x000000f890300000,0x000000f890400000)]
  0x00000203f5b5d6a0 JavaThread "WorkerExecutor Queue Thread 5" [_thread_blocked, id=3224, stack(0x000000f890400000,0x000000f890500000)]
  0x00000203f5b5a910 JavaThread "Unconstrained build operations Thread 26" [_thread_blocked, id=15100, stack(0x000000f890500000,0x000000f890600000)]
  0x00000203f5b599e0 JavaThread "Unconstrained build operations Thread 27" [_thread_blocked, id=16364, stack(0x000000f890700000,0x000000f890800000)]
  0x00000203f5b5e5d0 JavaThread "Unconstrained build operations Thread 28" [_thread_blocked, id=12584, stack(0x000000f890a00000,0x000000f890b00000)]
  0x00000203f5b594d0 JavaThread "Unconstrained build operations Thread 29" [_thread_blocked, id=2164, stack(0x000000f890b00000,0x000000f890c00000)]
  0x00000203f5b5eff0 JavaThread "Unconstrained build operations Thread 30" [_thread_blocked, id=15120, stack(0x000000f890c00000,0x000000f890d00000)]
  0x00000203f5b5f500 JavaThread "Unconstrained build operations Thread 31" [_thread_blocked, id=16236, stack(0x000000f890d00000,0x000000f890e00000)]
  0x00000203f5b5fa10 JavaThread "Unconstrained build operations Thread 32" [_thread_blocked, id=8804, stack(0x000000f890e00000,0x000000f890f00000)]
  0x00000203f5b5ff20 JavaThread "Unconstrained build operations Thread 33" [_thread_blocked, id=7092, stack(0x000000f890f00000,0x000000f891000000)]
  0x00000203f5b60430 JavaThread "Unconstrained build operations Thread 34" [_thread_blocked, id=11444, stack(0x000000f891000000,0x000000f891100000)]
  0x00000203f5b60940 JavaThread "Unconstrained build operations Thread 35" [_thread_blocked, id=1960, stack(0x000000f88fd00000,0x000000f88fe00000)]
  0x00000203f5b5bd50 JavaThread "Unconstrained build operations Thread 36" [_thread_blocked, id=6632, stack(0x000000f890200000,0x000000f890300000)]
  0x00000203f72aff70 JavaThread "Unconstrained build operations Thread 37" [_thread_blocked, id=14160, stack(0x000000f891100000,0x000000f891200000)]
  0x00000203f72b27f0 JavaThread "Unconstrained build operations Thread 38" [_thread_blocked, id=4612, stack(0x000000f891300000,0x000000f891400000)]
  0x00000203f72ae110 JavaThread "Unconstrained build operations Thread 39" [_thread_blocked, id=10352, stack(0x000000f891400000,0x000000f891500000)]
  0x00000203f72b13b0 JavaThread "Unconstrained build operations Thread 40" [_thread_blocked, id=13872, stack(0x000000f891500000,0x000000f891600000)]
  0x00000203f72b4140 JavaThread "WorkerExecutor Queue Thread 6" [_thread_blocked, id=11856, stack(0x000000f88c000000,0x000000f88c100000)]
  0x00000203f72b4b60 JavaThread "RMI Scheduler(0)" daemon [_thread_blocked, id=13552, stack(0x000000f88d600000,0x000000f88d700000)]
  0x00000203f72b1dd0 JavaThread "RMI GC Daemon" daemon [_thread_blocked, id=928, stack(0x000000f88e100000,0x000000f88e200000)]
  0x00000203f72b4650 JavaThread "RMI TCP Accept-0" daemon [_thread_in_native, id=1064, stack(0x000000f88fe00000,0x000000f88ff00000)]
  0x00000203f72afa60 JavaThread "RMI Reaper" [_thread_blocked, id=13612, stack(0x000000f890800000,0x000000f890900000)]
  0x00000203f72b5070 JavaThread "RMI TCP Connection(idle)" daemon [_thread_blocked, id=5708, stack(0x000000f890900000,0x000000f890a00000)]
  0x00000203f72aeb30 JavaThread "RMI RenewClean-[127.0.0.1:17318,org.jetbrains.kotlin.daemon.common.LoopbackNetworkInterface$ClientLoopbackSocketFactory@5342da56]" daemon [_thread_blocked, id=328, stack(0x000000f891200000,0x000000f891300000)]
  0x00000203f72b0480 JavaThread "RMI TCP Connection(idle)" daemon [_thread_blocked, id=10080, stack(0x000000f891600000,0x000000f891700000)]
  0x00000203f72af040 JavaThread "Exec process Thread 4" [_thread_in_native, id=12736, stack(0x000000f88cd00000,0x000000f88ce00000)]
  0x00000203f72b0990 JavaThread "Exec process Thread 5" [_thread_in_native, id=8508, stack(0x000000f891700000,0x000000f891800000)]
  0x00000203f72b22e0 JavaThread "Exec process Thread 6" [_thread_in_native, id=15900, stack(0x000000f891800000,0x000000f891900000)]
  0x00000203eed8dec0 JavaThread "Cache worker for Java compile cache (C:\Users\Administrator\.gradle\caches\8.7\javaCompile)" [_thread_in_Java, id=1672, stack(0x000000f88df00000,0x000000f88e000000)]
  0x00000203eed8c060 JavaThread "Build operations" [_thread_blocked, id=7244, stack(0x000000f88e000000,0x000000f88e100000)]
  0x00000203eed8edf0 JavaThread "Build operations Thread 2" [_thread_blocked, id=8552, stack(0x000000f88ff00000,0x000000f890000000)]
  0x00000203f72ad6f0 JavaThread "Build operations Thread 3" [_thread_blocked, id=16252, stack(0x000000f891900000,0x000000f891a00000)]

Other Threads:
  0x00000203e610e9d0 VMThread "VM Thread" [stack: 0x000000f88a900000,0x000000f88aa00000] [id=8504]
  0x00000203c84f35d0 WatcherThread [stack: 0x000000f88b500000,0x000000f88b600000] [id=7248]
  0x00000203c854ea40 GCTaskThread "GC Thread#0" [stack: 0x000000f88a400000,0x000000f88a500000] [id=11072]
  0x00000203e64e9470 GCTaskThread "GC Thread#1" [stack: 0x000000f88b700000,0x000000f88b800000] [id=9988]
  0x00000203e642a930 GCTaskThread "GC Thread#2" [stack: 0x000000f88b800000,0x000000f88b900000] [id=2364]
  0x00000203eb037c00 GCTaskThread "GC Thread#3" [stack: 0x000000f88b900000,0x000000f88ba00000] [id=3152]
  0x00000203c85618c0 ConcurrentGCThread "G1 Main Marker" [stack: 0x000000f88a500000,0x000000f88a600000] [id=11052]
  0x00000203c8562990 ConcurrentGCThread "G1 Conc#0" [stack: 0x000000f88a600000,0x000000f88a700000] [id=8268]
  0x00000203c85a55f0 ConcurrentGCThread "G1 Refine#0" [stack: 0x000000f88a700000,0x000000f88a800000] [id=4984]
  0x00000203ed0378c0 ConcurrentGCThread "G1 Refine#1" [stack: 0x000000f88cf00000,0x000000f88d000000] [id=15176]
  0x00000203e5fd20c0 ConcurrentGCThread "G1 Service" [stack: 0x000000f88a800000,0x000000f88a900000] [id=5332]

Threads with active compile tasks:
C2 CompilerThread0  210946 25221       4       org.gradle.api.internal.tasks.compile.incremental.serialization.HierarchicalNameSerializer::readName (51 bytes)

VM state: not at safepoint (normal execution)

VM Mutex/Monitor currently owned by a thread: None

Heap address: 0x0000000080000000, size: 2048 MB, Compressed Oops mode: 32-bit

CDS archive(s) mapped at: [0x0000020380000000-0x0000020380bb0000-0x0000020380bb0000), size 12255232, SharedBaseAddress: 0x0000020380000000, ArchiveRelocationMode: 1.
Compressed class space mapped at: 0x0000020381000000-0x000002039b000000, reserved size: 436207616
Narrow klass base: 0x0000020380000000, Narrow klass shift: 0, Narrow klass range: 0x100000000

GC Precious Log:
 CPUs: 4 total, 4 available
 Memory: 7843M
 Large Page Support: Disabled
 NUMA Support: Disabled
 Compressed Oops: Enabled (32-bit)
 Heap Region Size: 1M
 Heap Min Capacity: 8M
 Heap Initial Capacity: 124M
 Heap Max Capacity: 2G
 Pre-touch: Disabled
 Parallel Workers: 4
 Concurrent Workers: 1
 Concurrent Refinement Workers: 4
 Periodic GC: Disabled

Heap:
 garbage-first heap   total 440320K, used 253764K [0x0000000080000000, 0x0000000100000000)
  region size 1024K, 15 young (15360K), 13 survivors (13312K)
 Metaspace       used 148854K, committed 150528K, reserved 557056K
  class space    used 19677K, committed 20480K, reserved 425984K

Heap Regions: E=young(eden), S=young(survivor), O=old, HS=humongous(starts), HC=humongous(continues), CS=collection set, F=free, OA=open archive, CA=closed archive, TAMS=top-at-mark-start (previous, next)
|   0|0x0000000080000000, 0x0000000080100000, 0x0000000080100000|100%| O|  |TAMS 0x0000000080100000, 0x0000000080000000| Untracked 
|   1|0x0000000080100000, 0x0000000080200000, 0x0000000080200000|100%|HS|  |TAMS 0x0000000080200000, 0x0000000080100000| Complete 
|   2|0x0000000080200000, 0x0000000080300000, 0x0000000080300000|100%|HC|  |TAMS 0x0000000080300000, 0x0000000080200000| Complete 
|   3|0x0000000080300000, 0x0000000080400000, 0x0000000080400000|100%|HC|  |TAMS 0x0000000080400000, 0x0000000080300000| Complete 
|   4|0x0000000080400000, 0x0000000080500000, 0x0000000080500000|100%|HC|  |TAMS 0x0000000080500000, 0x0000000080400000| Complete 
|   5|0x0000000080500000, 0x0000000080600000, 0x0000000080600000|100%| O|  |TAMS 0x0000000080600000, 0x0000000080500000| Untracked 
|   6|0x0000000080600000, 0x0000000080700000, 0x0000000080700000|100%| O|  |TAMS 0x0000000080700000, 0x0000000080600000| Untracked 
|   7|0x0000000080700000, 0x0000000080800000, 0x0000000080800000|100%| O|  |TAMS 0x0000000080800000, 0x0000000080700000| Untracked 
|   8|0x0000000080800000, 0x0000000080900000, 0x0000000080900000|100%| O|  |TAMS 0x0000000080900000, 0x0000000080800000| Complete 
|   9|0x0000000080900000, 0x0000000080a00000, 0x0000000080a00000|100%| O|  |TAMS 0x0000000080a00000, 0x0000000080900000| Untracked 
|  10|0x0000000080a00000, 0x0000000080b00000, 0x0000000080b00000|100%| O|  |TAMS 0x0000000080b00000, 0x0000000080a00000| Untracked 
|  11|0x0000000080b00000, 0x0000000080c00000, 0x0000000080c00000|100%| O|  |TAMS 0x0000000080c00000, 0x0000000080b00000| Untracked 
|  12|0x0000000080c00000, 0x0000000080d00000, 0x0000000080d00000|100%| O|  |TAMS 0x0000000080d00000, 0x0000000080c00000| Untracked 
|  13|0x0000000080d00000, 0x0000000080e00000, 0x0000000080e00000|100%| O|  |TAMS 0x0000000080e00000, 0x0000000080d00000| Untracked 
|  14|0x0000000080e00000, 0x0000000080f00000, 0x0000000080f00000|100%| O|  |TAMS 0x0000000080f00000, 0x0000000080e00000| Untracked 
|  15|0x0000000080f00000, 0x0000000081000000, 0x0000000081000000|100%| O|  |TAMS 0x0000000081000000, 0x0000000080f00000| Untracked 
|  16|0x0000000081000000, 0x0000000081100000, 0x0000000081100000|100%| O|  |TAMS 0x0000000081100000, 0x0000000081000000| Untracked 
|  17|0x0000000081100000, 0x0000000081200000, 0x0000000081200000|100%| O|  |TAMS 0x0000000081200000, 0x0000000081100000| Untracked 
|  18|0x0000000081200000, 0x0000000081300000, 0x0000000081300000|100%| O|  |TAMS 0x0000000081300000, 0x0000000081200000| Untracked 
|  19|0x0000000081300000, 0x00000000813dfa00, 0x0000000081400000| 87%| O|  |TAMS 0x00000000813dfa00, 0x0000000081300000| Untracked 
|  20|0x0000000081400000, 0x0000000081500000, 0x0000000081500000|100%| O|  |TAMS 0x0000000081500000, 0x0000000081400000| Untracked 
|  21|0x0000000081500000, 0x0000000081600000, 0x0000000081600000|100%| O|  |TAMS 0x0000000081600000, 0x0000000081500000| Untracked 
|  22|0x0000000081600000, 0x0000000081700000, 0x0000000081700000|100%| O|  |TAMS 0x0000000081700000, 0x0000000081600000| Untracked 
|  23|0x0000000081700000, 0x0000000081800000, 0x0000000081800000|100%| O|  |TAMS 0x0000000081800000, 0x0000000081700000| Untracked 
|  24|0x0000000081800000, 0x0000000081900000, 0x0000000081900000|100%| O|  |TAMS 0x0000000081900000, 0x0000000081800000| Untracked 
|  25|0x0000000081900000, 0x0000000081a00000, 0x0000000081a00000|100%| O|  |TAMS 0x0000000081a00000, 0x0000000081900000| Untracked 
|  26|0x0000000081a00000, 0x0000000081b00000, 0x0000000081b00000|100%| O|  |TAMS 0x0000000081b00000, 0x0000000081a00000| Untracked 
|  27|0x0000000081b00000, 0x0000000081c00000, 0x0000000081c00000|100%| O|  |TAMS 0x0000000081c00000, 0x0000000081b00000| Untracked 
|  28|0x0000000081c00000, 0x0000000081d00000, 0x0000000081d00000|100%| O|  |TAMS 0x0000000081d00000, 0x0000000081c00000| Untracked 
|  29|0x0000000081d00000, 0x0000000081e00000, 0x0000000081e00000|100%| O|  |TAMS 0x0000000081e00000, 0x0000000081d00000| Untracked 
|  30|0x0000000081e00000, 0x0000000081f00000, 0x0000000081f00000|100%| O|  |TAMS 0x0000000081f00000, 0x0000000081e00000| Untracked 
|  31|0x0000000081f00000, 0x0000000082000000, 0x0000000082000000|100%| O|  |TAMS 0x0000000082000000, 0x0000000081f00000| Untracked 
|  32|0x0000000082000000, 0x0000000082100000, 0x0000000082100000|100%| O|  |TAMS 0x0000000082100000, 0x0000000082000000| Untracked 
|  33|0x0000000082100000, 0x0000000082200000, 0x0000000082200000|100%| O|  |TAMS 0x0000000082200000, 0x0000000082100000| Untracked 
|  34|0x0000000082200000, 0x0000000082300000, 0x0000000082300000|100%| O|  |TAMS 0x0000000082300000, 0x0000000082200000| Untracked 
|  35|0x0000000082300000, 0x0000000082400000, 0x0000000082400000|100%| O|  |TAMS 0x0000000082400000, 0x0000000082300000| Untracked 
|  36|0x0000000082400000, 0x0000000082500000, 0x0000000082500000|100%| O|  |TAMS 0x0000000082500000, 0x0000000082400000| Untracked 
|  37|0x0000000082500000, 0x0000000082600000, 0x0000000082600000|100%| O|  |TAMS 0x0000000082600000, 0x0000000082500000| Untracked 
|  38|0x0000000082600000, 0x0000000082700000, 0x0000000082700000|100%| O|  |TAMS 0x0000000082700000, 0x0000000082600000| Complete 
|  39|0x0000000082700000, 0x0000000082800000, 0x0000000082800000|100%| O|  |TAMS 0x0000000082800000, 0x0000000082700000| Untracked 
|  40|0x0000000082800000, 0x0000000082900000, 0x0000000082900000|100%|HS|  |TAMS 0x0000000082900000, 0x0000000082800000| Complete 
|  41|0x0000000082900000, 0x0000000082a00000, 0x0000000082a00000|100%|HC|  |TAMS 0x0000000082a00000, 0x0000000082900000| Complete 
|  42|0x0000000082a00000, 0x0000000082b00000, 0x0000000082b00000|100%|HS|  |TAMS 0x0000000082b00000, 0x0000000082a00000| Complete 
|  43|0x0000000082b00000, 0x0000000082c00000, 0x0000000082c00000|100%|HC|  |TAMS 0x0000000082c00000, 0x0000000082b00000| Complete 
|  44|0x0000000082c00000, 0x0000000082d00000, 0x0000000082d00000|100%|HS|  |TAMS 0x0000000082d00000, 0x0000000082c00000| Complete 
|  45|0x0000000082d00000, 0x0000000082e00000, 0x0000000082e00000|100%|HC|  |TAMS 0x0000000082e00000, 0x0000000082d00000| Complete 
|  46|0x0000000082e00000, 0x0000000082f00000, 0x0000000082f00000|100%|HC|  |TAMS 0x0000000082f00000, 0x0000000082e00000| Complete 
|  47|0x0000000082f00000, 0x0000000083000000, 0x0000000083000000|100%|HC|  |TAMS 0x0000000083000000, 0x0000000082f00000| Complete 
|  48|0x0000000083000000, 0x0000000083100000, 0x0000000083100000|100%|HS|  |TAMS 0x0000000083100000, 0x0000000083000000| Complete 
|  49|0x0000000083100000, 0x0000000083200000, 0x0000000083200000|100%|HC|  |TAMS 0x0000000083200000, 0x0000000083100000| Complete 
|  50|0x0000000083200000, 0x0000000083300000, 0x0000000083300000|100%|HC|  |TAMS 0x0000000083300000, 0x0000000083200000| Complete 
|  51|0x0000000083300000, 0x0000000083400000, 0x0000000083400000|100%|HC|  |TAMS 0x0000000083400000, 0x0000000083300000| Complete 
|  52|0x0000000083400000, 0x0000000083500000, 0x0000000083500000|100%| O|  |TAMS 0x0000000083500000, 0x0000000083400000| Untracked 
|  53|0x0000000083500000, 0x0000000083600000, 0x0000000083600000|100%| O|  |TAMS 0x0000000083600000, 0x0000000083500000| Untracked 
|  54|0x0000000083600000, 0x0000000083700000, 0x0000000083700000|100%| O|  |TAMS 0x0000000083700000, 0x0000000083600000| Untracked 
|  55|0x0000000083700000, 0x0000000083800000, 0x0000000083800000|100%| O|  |TAMS 0x0000000083800000, 0x0000000083700000| Untracked 
|  56|0x0000000083800000, 0x0000000083900000, 0x0000000083900000|100%| O|  |TAMS 0x0000000083900000, 0x0000000083800000| Untracked 
|  57|0x0000000083900000, 0x0000000083a00000, 0x0000000083a00000|100%| O|  |TAMS 0x0000000083a00000, 0x0000000083900000| Untracked 
|  58|0x0000000083a00000, 0x0000000083b00000, 0x0000000083b00000|100%| O|  |TAMS 0x0000000083b00000, 0x0000000083a00000| Untracked 
|  59|0x0000000083b00000, 0x0000000083c00000, 0x0000000083c00000|100%| O|  |TAMS 0x0000000083c00000, 0x0000000083b00000| Untracked 
|  60|0x0000000083c00000, 0x0000000083d00000, 0x0000000083d00000|100%| O|  |TAMS 0x0000000083d00000, 0x0000000083c00000| Untracked 
|  61|0x0000000083d00000, 0x0000000083e00000, 0x0000000083e00000|100%| O|  |TAMS 0x0000000083e00000, 0x0000000083d00000| Untracked 
|  62|0x0000000083e00000, 0x0000000083f00000, 0x0000000083f00000|100%| O|  |TAMS 0x0000000083f00000, 0x0000000083e00000| Untracked 
|  63|0x0000000083f00000, 0x0000000084000000, 0x0000000084000000|100%| O|  |TAMS 0x0000000084000000, 0x0000000083f00000| Untracked 
|  64|0x0000000084000000, 0x0000000084100000, 0x0000000084100000|100%| O|  |TAMS 0x0000000084100000, 0x0000000084000000| Complete 
|  65|0x0000000084100000, 0x0000000084200000, 0x0000000084200000|100%| O|  |TAMS 0x0000000084200000, 0x0000000084100000| Untracked 
|  66|0x0000000084200000, 0x0000000084300000, 0x0000000084300000|100%| O|  |TAMS 0x0000000084300000, 0x0000000084200000| Untracked 
|  67|0x0000000084300000, 0x0000000084400000, 0x0000000084400000|100%| O|  |TAMS 0x0000000084400000, 0x0000000084300000| Untracked 
|  68|0x0000000084400000, 0x0000000084500000, 0x0000000084500000|100%| O|  |TAMS 0x0000000084500000, 0x0000000084400000| Untracked 
|  69|0x0000000084500000, 0x0000000084600000, 0x0000000084600000|100%| O|  |TAMS 0x0000000084600000, 0x0000000084500000| Untracked 
|  70|0x0000000084600000, 0x0000000084700000, 0x0000000084700000|100%| O|  |TAMS 0x0000000084700000, 0x0000000084600000| Untracked 
|  71|0x0000000084700000, 0x0000000084800000, 0x0000000084800000|100%| O|  |TAMS 0x0000000084800000, 0x0000000084700000| Complete 
|  72|0x0000000084800000, 0x0000000084900000, 0x0000000084900000|100%| O|  |TAMS 0x0000000084900000, 0x0000000084800000| Complete 
|  73|0x0000000084900000, 0x0000000084a00000, 0x0000000084a00000|100%|HS|  |TAMS 0x0000000084a00000, 0x0000000084900000| Complete 
|  74|0x0000000084a00000, 0x0000000084b00000, 0x0000000084b00000|100%|HS|  |TAMS 0x0000000084b00000, 0x0000000084a00000| Complete 
|  75|0x0000000084b00000, 0x0000000084c00000, 0x0000000084c00000|100%|HS|  |TAMS 0x0000000084c00000, 0x0000000084b00000| Complete 
|  76|0x0000000084c00000, 0x0000000084d00000, 0x0000000084d00000|100%|HC|  |TAMS 0x0000000084d00000, 0x0000000084c00000| Complete 
|  77|0x0000000084d00000, 0x0000000084e00000, 0x0000000084e00000|100%|HS|  |TAMS 0x0000000084e00000, 0x0000000084d00000| Complete 
|  78|0x0000000084e00000, 0x0000000084f00000, 0x0000000084f00000|100%|HS|  |TAMS 0x0000000084f00000, 0x0000000084e00000| Complete 
|  79|0x0000000084f00000, 0x0000000085000000, 0x0000000085000000|100%|HS|  |TAMS 0x0000000085000000, 0x0000000084f00000| Complete 
|  80|0x0000000085000000, 0x0000000085100000, 0x0000000085100000|100%|HC|  |TAMS 0x0000000085100000, 0x0000000085000000| Complete 
|  81|0x0000000085100000, 0x0000000085200000, 0x0000000085200000|100%|HC|  |TAMS 0x0000000085200000, 0x0000000085100000| Complete 
|  82|0x0000000085200000, 0x0000000085300000, 0x0000000085300000|100%|HS|  |TAMS 0x0000000085300000, 0x0000000085200000| Complete 
|  83|0x0000000085300000, 0x0000000085400000, 0x0000000085400000|100%|HS|  |TAMS 0x0000000085400000, 0x0000000085300000| Complete 
|  84|0x0000000085400000, 0x0000000085500000, 0x0000000085500000|100%|HS|  |TAMS 0x0000000085500000, 0x0000000085400000| Complete 
|  85|0x0000000085500000, 0x0000000085600000, 0x0000000085600000|100%|HC|  |TAMS 0x0000000085600000, 0x0000000085500000| Complete 
|  86|0x0000000085600000, 0x0000000085700000, 0x0000000085700000|100%|HS|  |TAMS 0x0000000085700000, 0x0000000085600000| Complete 
|  87|0x0000000085700000, 0x0000000085800000, 0x0000000085800000|100%| O|  |TAMS 0x0000000085800000, 0x0000000085700000| Untracked 
|  88|0x0000000085800000, 0x0000000085900000, 0x0000000085900000|100%| O|  |TAMS 0x0000000085900000, 0x0000000085800000| Untracked 
|  89|0x0000000085900000, 0x0000000085a00000, 0x0000000085a00000|100%| O|  |TAMS 0x0000000085a00000, 0x0000000085900000| Untracked 
|  90|0x0000000085a00000, 0x0000000085b00000, 0x0000000085b00000|100%| O|  |TAMS 0x0000000085b00000, 0x0000000085a00000| Untracked 
|  91|0x0000000085b00000, 0x0000000085c00000, 0x0000000085c00000|100%| O|  |TAMS 0x0000000085c00000, 0x0000000085b00000| Untracked 
|  92|0x0000000085c00000, 0x0000000085d00000, 0x0000000085d00000|100%| O|  |TAMS 0x0000000085d00000, 0x0000000085c00000| Untracked 
|  93|0x0000000085d00000, 0x0000000085e00000, 0x0000000085e00000|100%| O|  |TAMS 0x0000000085e00000, 0x0000000085d00000| Untracked 
|  94|0x0000000085e00000, 0x0000000085f00000, 0x0000000085f00000|100%| O|  |TAMS 0x0000000085f00000, 0x0000000085e00000| Untracked 
|  95|0x0000000085f00000, 0x0000000086000000, 0x0000000086000000|100%| O|  |TAMS 0x0000000086000000, 0x0000000085f00000| Untracked 
|  96|0x0000000086000000, 0x0000000086100000, 0x0000000086100000|100%| O|  |TAMS 0x0000000086100000, 0x0000000086000000| Untracked 
|  97|0x0000000086100000, 0x0000000086200000, 0x0000000086200000|100%| O|  |TAMS 0x0000000086200000, 0x0000000086100000| Untracked 
|  98|0x0000000086200000, 0x0000000086300000, 0x0000000086300000|100%| O|  |TAMS 0x0000000086300000, 0x0000000086200000| Untracked 
|  99|0x0000000086300000, 0x0000000086400000, 0x0000000086400000|100%|HS|  |TAMS 0x0000000086400000, 0x0000000086300000| Complete 
| 100|0x0000000086400000, 0x0000000086500000, 0x0000000086500000|100%| O|  |TAMS 0x0000000086500000, 0x0000000086400000| Untracked 
| 101|0x0000000086500000, 0x0000000086600000, 0x0000000086600000|100%| O|  |TAMS 0x0000000086600000, 0x0000000086500000| Untracked 
| 102|0x0000000086600000, 0x0000000086700000, 0x0000000086700000|100%| O|  |TAMS 0x0000000086700000, 0x0000000086600000| Untracked 
| 103|0x0000000086700000, 0x0000000086800000, 0x0000000086800000|100%| O|  |TAMS 0x0000000086800000, 0x0000000086700000| Untracked 
| 104|0x0000000086800000, 0x0000000086900000, 0x0000000086900000|100%| O|  |TAMS 0x0000000086900000, 0x0000000086800000| Untracked 
| 105|0x0000000086900000, 0x0000000086a00000, 0x0000000086a00000|100%|HS|  |TAMS 0x0000000086a00000, 0x0000000086900000| Complete 
| 106|0x0000000086a00000, 0x0000000086b00000, 0x0000000086b00000|100%|HC|  |TAMS 0x0000000086b00000, 0x0000000086a00000| Complete 
| 107|0x0000000086b00000, 0x0000000086c00000, 0x0000000086c00000|100%|HC|  |TAMS 0x0000000086c00000, 0x0000000086b00000| Complete 
| 108|0x0000000086c00000, 0x0000000086d00000, 0x0000000086d00000|100%| O|  |TAMS 0x0000000086d00000, 0x0000000086c00000| Untracked 
| 109|0x0000000086d00000, 0x0000000086e00000, 0x0000000086e00000|100%| O|  |TAMS 0x0000000086e00000, 0x0000000086d00000| Untracked 
| 110|0x0000000086e00000, 0x0000000086f00000, 0x0000000086f00000|100%| O|  |TAMS 0x0000000086f00000, 0x0000000086e00000| Untracked 
| 111|0x0000000086f00000, 0x0000000087000000, 0x0000000087000000|100%| O|  |TAMS 0x0000000087000000, 0x0000000086f00000| Untracked 
| 112|0x0000000087000000, 0x0000000087100000, 0x0000000087100000|100%| O|  |TAMS 0x0000000087100000, 0x0000000087000000| Untracked 
| 113|0x0000000087100000, 0x0000000087200000, 0x0000000087200000|100%| O|  |TAMS 0x0000000087200000, 0x0000000087100000| Untracked 
| 114|0x0000000087200000, 0x0000000087300000, 0x0000000087300000|100%|HS|  |TAMS 0x0000000087300000, 0x0000000087200000| Complete 
| 115|0x0000000087300000, 0x0000000087400000, 0x0000000087400000|100%|HC|  |TAMS 0x0000000087400000, 0x0000000087300000| Complete 
| 116|0x0000000087400000, 0x0000000087500000, 0x0000000087500000|100%|HS|  |TAMS 0x0000000087500000, 0x0000000087400000| Complete 
| 117|0x0000000087500000, 0x0000000087600000, 0x0000000087600000|100%|HC|  |TAMS 0x0000000087600000, 0x0000000087500000| Complete 
| 118|0x0000000087600000, 0x0000000087700000, 0x0000000087700000|100%|HC|  |TAMS 0x0000000087700000, 0x0000000087600000| Complete 
| 119|0x0000000087700000, 0x0000000087800000, 0x0000000087800000|100%|HC|  |TAMS 0x0000000087800000, 0x0000000087700000| Complete 
| 120|0x0000000087800000, 0x0000000087900000, 0x0000000087900000|100%|HS|  |TAMS 0x0000000087900000, 0x0000000087800000| Complete 
| 121|0x0000000087900000, 0x0000000087a00000, 0x0000000087a00000|100%|HS|  |TAMS 0x0000000087a00000, 0x0000000087900000| Complete 
| 122|0x0000000087a00000, 0x0000000087b00000, 0x0000000087b00000|100%|HS|  |TAMS 0x0000000087b00000, 0x0000000087a00000| Complete 
| 123|0x0000000087b00000, 0x0000000087c00000, 0x0000000087c00000|100%|HC|  |TAMS 0x0000000087c00000, 0x0000000087b00000| Complete 
| 124|0x0000000087c00000, 0x0000000087d00000, 0x0000000087d00000|100%|HS|  |TAMS 0x0000000087d00000, 0x0000000087c00000| Complete 
| 125|0x0000000087d00000, 0x0000000087e00000, 0x0000000087e00000|100%|HS|  |TAMS 0x0000000087e00000, 0x0000000087d00000| Complete 
| 126|0x0000000087e00000, 0x0000000087f00000, 0x0000000087f00000|100%| O|  |TAMS 0x0000000087f00000, 0x0000000087e00000| Untracked 
| 127|0x0000000087f00000, 0x0000000088000000, 0x0000000088000000|100%| O|  |TAMS 0x0000000088000000, 0x0000000087f00000| Untracked 
| 128|0x0000000088000000, 0x0000000088100000, 0x0000000088100000|100%| O|  |TAMS 0x0000000088100000, 0x0000000088000000| Untracked 
| 129|0x0000000088100000, 0x0000000088200000, 0x0000000088200000|100%| O|  |TAMS 0x0000000088200000, 0x0000000088100000| Untracked 
| 130|0x0000000088200000, 0x0000000088300000, 0x0000000088300000|100%| O|  |TAMS 0x0000000088300000, 0x0000000088200000| Untracked 
| 131|0x0000000088300000, 0x0000000088400000, 0x0000000088400000|100%| O|  |TAMS 0x0000000088400000, 0x0000000088300000| Untracked 
| 132|0x0000000088400000, 0x0000000088500000, 0x0000000088500000|100%| O|  |TAMS 0x0000000088500000, 0x0000000088400000| Untracked 
| 133|0x0000000088500000, 0x0000000088600000, 0x0000000088600000|100%| O|  |TAMS 0x0000000088600000, 0x0000000088500000| Untracked 
| 134|0x0000000088600000, 0x0000000088700000, 0x0000000088700000|100%| O|  |TAMS 0x0000000088700000, 0x0000000088600000| Untracked 
| 135|0x0000000088700000, 0x0000000088800000, 0x0000000088800000|100%| O|  |TAMS 0x0000000088800000, 0x0000000088700000| Untracked 
| 136|0x0000000088800000, 0x0000000088900000, 0x0000000088900000|100%| O|  |TAMS 0x0000000088900000, 0x0000000088800000| Untracked 
| 137|0x0000000088900000, 0x0000000088a00000, 0x0000000088a00000|100%| O|  |TAMS 0x0000000088a00000, 0x0000000088900000| Untracked 
| 138|0x0000000088a00000, 0x0000000088b00000, 0x0000000088b00000|100%| O|  |TAMS 0x0000000088b00000, 0x0000000088a00000| Complete 
| 139|0x0000000088b00000, 0x0000000088c00000, 0x0000000088c00000|100%| O|  |TAMS 0x0000000088c00000, 0x0000000088b00000| Complete 
| 140|0x0000000088c00000, 0x0000000088d00000, 0x0000000088d00000|100%| O|  |TAMS 0x0000000088d00000, 0x0000000088c00000| Complete 
| 141|0x0000000088d00000, 0x0000000088e00000, 0x0000000088e00000|100%| O|  |TAMS 0x0000000088e00000, 0x0000000088d00000| Untracked 
| 142|0x0000000088e00000, 0x0000000088f00000, 0x0000000088f00000|100%| O|  |TAMS 0x0000000088f00000, 0x0000000088e00000| Untracked 
| 143|0x0000000088f00000, 0x0000000089000000, 0x0000000089000000|100%|HS|  |TAMS 0x0000000088f00000, 0x0000000088f00000| Complete 
| 144|0x0000000089000000, 0x0000000089100000, 0x0000000089100000|100%|HC|  |TAMS 0x0000000089000000, 0x0000000089000000| Complete 
| 145|0x0000000089100000, 0x0000000089200000, 0x0000000089200000|100%| O|  |TAMS 0x0000000089200000, 0x0000000089100000| Complete 
| 146|0x0000000089200000, 0x0000000089300000, 0x0000000089300000|100%| O|  |TAMS 0x0000000089300000, 0x0000000089200000| Complete 
| 147|0x0000000089300000, 0x0000000089400000, 0x0000000089400000|100%| O|  |TAMS 0x0000000089400000, 0x0000000089300000| Complete 
| 148|0x0000000089400000, 0x0000000089500000, 0x0000000089500000|100%| O|  |TAMS 0x0000000089500000, 0x0000000089400000| Complete 
| 149|0x0000000089500000, 0x0000000089600000, 0x0000000089600000|100%| O|  |TAMS 0x0000000089600000, 0x0000000089500000| Untracked 
| 150|0x0000000089600000, 0x0000000089700000, 0x0000000089700000|100%| O|  |TAMS 0x0000000089700000, 0x0000000089600000| Untracked 
| 151|0x0000000089700000, 0x0000000089800000, 0x0000000089800000|100%| O|  |TAMS 0x0000000089800000, 0x0000000089700000| Untracked 
| 152|0x0000000089800000, 0x0000000089900000, 0x0000000089900000|100%| O|  |TAMS 0x0000000089900000, 0x0000000089800000| Untracked 
| 153|0x0000000089900000, 0x0000000089a00000, 0x0000000089a00000|100%| O|  |TAMS 0x0000000089a00000, 0x0000000089900000| Untracked 
| 154|0x0000000089a00000, 0x0000000089b00000, 0x0000000089b00000|100%| O|  |TAMS 0x0000000089b00000, 0x0000000089a00000| Untracked 
| 155|0x0000000089b00000, 0x0000000089c00000, 0x0000000089c00000|100%| O|  |TAMS 0x0000000089c00000, 0x0000000089b00000| Untracked 
| 156|0x0000000089c00000, 0x0000000089d00000, 0x0000000089d00000|100%| O|  |TAMS 0x0000000089d00000, 0x0000000089c00000| Untracked 
| 157|0x0000000089d00000, 0x0000000089e00000, 0x0000000089e00000|100%| O|  |TAMS 0x0000000089e00000, 0x0000000089d00000| Untracked 
| 158|0x0000000089e00000, 0x0000000089f00000, 0x0000000089f00000|100%| O|  |TAMS 0x0000000089f00000, 0x0000000089e00000| Untracked 
| 159|0x0000000089f00000, 0x000000008a000000, 0x000000008a000000|100%| O|  |TAMS 0x000000008a000000, 0x0000000089f00000| Untracked 
| 160|0x000000008a000000, 0x000000008a100000, 0x000000008a100000|100%| O|  |TAMS 0x000000008a100000, 0x000000008a000000| Untracked 
| 161|0x000000008a100000, 0x000000008a200000, 0x000000008a200000|100%| O|  |TAMS 0x000000008a200000, 0x000000008a100000| Untracked 
| 162|0x000000008a200000, 0x000000008a300000, 0x000000008a300000|100%| O|  |TAMS 0x000000008a300000, 0x000000008a200000| Complete 
| 163|0x000000008a300000, 0x000000008a400000, 0x000000008a400000|100%| O|  |TAMS 0x000000008a400000, 0x000000008a300000| Complete 
| 164|0x000000008a400000, 0x000000008a500000, 0x000000008a500000|100%| O|  |TAMS 0x000000008a500000, 0x000000008a400000| Complete 
| 165|0x000000008a500000, 0x000000008a600000, 0x000000008a600000|100%| O|  |TAMS 0x000000008a600000, 0x000000008a500000| Complete 
| 166|0x000000008a600000, 0x000000008a700000, 0x000000008a700000|100%| O|  |TAMS 0x000000008a700000, 0x000000008a600000| Complete 
| 167|0x000000008a700000, 0x000000008a800000, 0x000000008a800000|100%| O|  |TAMS 0x000000008a800000, 0x000000008a700000| Complete 
| 168|0x000000008a800000, 0x000000008a900000, 0x000000008a900000|100%| O|  |TAMS 0x000000008a900000, 0x000000008a800000| Complete 
| 169|0x000000008a900000, 0x000000008a900000, 0x000000008aa00000|  0%| F|  |TAMS 0x000000008a900000, 0x000000008a900000| Untracked 
| 170|0x000000008aa00000, 0x000000008aa00000, 0x000000008ab00000|  0%| F|  |TAMS 0x000000008aa00000, 0x000000008aa00000| Untracked 
| 171|0x000000008ab00000, 0x000000008ac00000, 0x000000008ac00000|100%| O|  |TAMS 0x000000008ac00000, 0x000000008ab00000| Complete 
| 172|0x000000008ac00000, 0x000000008ad00000, 0x000000008ad00000|100%| O|  |TAMS 0x000000008ad00000, 0x000000008ac00000| Complete 
| 173|0x000000008ad00000, 0x000000008ad00000, 0x000000008ae00000|  0%| F|  |TAMS 0x000000008ad00000, 0x000000008ad00000| Untracked 
| 174|0x000000008ae00000, 0x000000008ae00000, 0x000000008af00000|  0%| F|  |TAMS 0x000000008ae00000, 0x000000008ae00000| Untracked 
| 175|0x000000008af00000, 0x000000008b000000, 0x000000008b000000|100%| O|  |TAMS 0x000000008b000000, 0x000000008af00000| Complete 
| 176|0x000000008b000000, 0x000000008b100000, 0x000000008b100000|100%| O|  |TAMS 0x000000008b100000, 0x000000008b000000| Complete 
| 177|0x000000008b100000, 0x000000008b200000, 0x000000008b200000|100%| O|  |TAMS 0x000000008b200000, 0x000000008b100000| Untracked 
| 178|0x000000008b200000, 0x000000008b300000, 0x000000008b300000|100%| O|  |TAMS 0x000000008b300000, 0x000000008b200000| Untracked 
| 179|0x000000008b300000, 0x000000008b400000, 0x000000008b400000|100%| O|  |TAMS 0x000000008b400000, 0x000000008b300000| Untracked 
| 180|0x000000008b400000, 0x000000008b500000, 0x000000008b500000|100%| O|  |TAMS 0x000000008b500000, 0x000000008b400000| Untracked 
| 181|0x000000008b500000, 0x000000008b600000, 0x000000008b600000|100%| O|  |TAMS 0x000000008b600000, 0x000000008b500000| Untracked 
| 182|0x000000008b600000, 0x000000008b700000, 0x000000008b700000|100%| O|  |TAMS 0x000000008b700000, 0x000000008b600000| Untracked 
| 183|0x000000008b700000, 0x000000008b800000, 0x000000008b800000|100%| O|  |TAMS 0x000000008b800000, 0x000000008b700000| Untracked 
| 184|0x000000008b800000, 0x000000008b900000, 0x000000008b900000|100%| O|  |TAMS 0x000000008b900000, 0x000000008b800000| Complete 
| 185|0x000000008b900000, 0x000000008ba00000, 0x000000008ba00000|100%| O|  |TAMS 0x000000008ba00000, 0x000000008b900000| Untracked 
| 186|0x000000008ba00000, 0x000000008bb00000, 0x000000008bb00000|100%| O|  |TAMS 0x000000008bb00000, 0x000000008ba00000| Untracked 
| 187|0x000000008bb00000, 0x000000008bc00000, 0x000000008bc00000|100%| O|  |TAMS 0x000000008bc00000, 0x000000008bb00000| Untracked 
| 188|0x000000008bc00000, 0x000000008bd00000, 0x000000008bd00000|100%| O|  |TAMS 0x000000008bd00000, 0x000000008bc00000| Untracked 
| 189|0x000000008bd00000, 0x000000008be00000, 0x000000008be00000|100%| O|  |TAMS 0x000000008be00000, 0x000000008bd00000| Untracked 
| 190|0x000000008be00000, 0x000000008bf00000, 0x000000008bf00000|100%| O|  |TAMS 0x000000008bf00000, 0x000000008be00000| Untracked 
| 191|0x000000008bf00000, 0x000000008c000000, 0x000000008c000000|100%| O|  |TAMS 0x000000008c000000, 0x000000008bf00000| Untracked 
| 192|0x000000008c000000, 0x000000008c100000, 0x000000008c100000|100%| O|  |TAMS 0x000000008c100000, 0x000000008c000000| Untracked 
| 193|0x000000008c100000, 0x000000008c200000, 0x000000008c200000|100%| O|  |TAMS 0x000000008c200000, 0x000000008c100000| Untracked 
| 194|0x000000008c200000, 0x000000008c300000, 0x000000008c300000|100%| O|  |TAMS 0x000000008c300000, 0x000000008c200000| Untracked 
| 195|0x000000008c300000, 0x000000008c400000, 0x000000008c400000|100%| O|  |TAMS 0x000000008c400000, 0x000000008c300000| Untracked 
| 196|0x000000008c400000, 0x000000008c500000, 0x000000008c500000|100%| O|  |TAMS 0x000000008c500000, 0x000000008c400000| Untracked 
| 197|0x000000008c500000, 0x000000008c600000, 0x000000008c600000|100%| O|  |TAMS 0x000000008c600000, 0x000000008c500000| Untracked 
| 198|0x000000008c600000, 0x000000008c700000, 0x000000008c700000|100%| O|  |TAMS 0x000000008c700000, 0x000000008c600000| Untracked 
| 199|0x000000008c700000, 0x000000008c800000, 0x000000008c800000|100%| O|  |TAMS 0x000000008c800000, 0x000000008c700000| Complete 
| 200|0x000000008c800000, 0x000000008c900000, 0x000000008c900000|100%| O|  |TAMS 0x000000008c900000, 0x000000008c800000| Untracked 
| 201|0x000000008c900000, 0x000000008ca00000, 0x000000008ca00000|100%| O|  |TAMS 0x000000008ca00000, 0x000000008c900000| Untracked 
| 202|0x000000008ca00000, 0x000000008cb00000, 0x000000008cb00000|100%| O|  |TAMS 0x000000008cb00000, 0x000000008ca00000| Untracked 
| 203|0x000000008cb00000, 0x000000008cc00000, 0x000000008cc00000|100%| O|  |TAMS 0x000000008cc00000, 0x000000008cb00000| Untracked 
| 204|0x000000008cc00000, 0x000000008cd00000, 0x000000008cd00000|100%| O|  |TAMS 0x000000008cd00000, 0x000000008cc00000| Untracked 
| 205|0x000000008cd00000, 0x000000008ce00000, 0x000000008ce00000|100%| O|  |TAMS 0x000000008ce00000, 0x000000008cd00000| Untracked 
| 206|0x000000008ce00000, 0x000000008cf00000, 0x000000008cf00000|100%| O|  |TAMS 0x000000008cf00000, 0x000000008ce00000| Untracked 
| 207|0x000000008cf00000, 0x000000008d000000, 0x000000008d000000|100%| O|  |TAMS 0x000000008d000000, 0x000000008cf00000| Untracked 
| 208|0x000000008d000000, 0x000000008d100000, 0x000000008d100000|100%| O|  |TAMS 0x000000008d100000, 0x000000008d000000| Untracked 
| 209|0x000000008d100000, 0x000000008d200000, 0x000000008d200000|100%| O|  |TAMS 0x000000008d200000, 0x000000008d100000| Untracked 
| 210|0x000000008d200000, 0x000000008d300000, 0x000000008d300000|100%| O|  |TAMS 0x000000008d300000, 0x000000008d200000| Untracked 
| 211|0x000000008d300000, 0x000000008d400000, 0x000000008d400000|100%| O|  |TAMS 0x000000008d400000, 0x000000008d300000| Complete 
| 212|0x000000008d400000, 0x000000008d500000, 0x000000008d500000|100%| O|  |TAMS 0x000000008d500000, 0x000000008d400000| Untracked 
| 213|0x000000008d500000, 0x000000008d600000, 0x000000008d600000|100%| O|  |TAMS 0x000000008d600000, 0x000000008d500000| Untracked 
| 214|0x000000008d600000, 0x000000008d700000, 0x000000008d700000|100%| O|  |TAMS 0x000000008d700000, 0x000000008d600000| Untracked 
| 215|0x000000008d700000, 0x000000008d800000, 0x000000008d800000|100%| O|  |TAMS 0x000000008d800000, 0x000000008d700000| Untracked 
| 216|0x000000008d800000, 0x000000008d900000, 0x000000008d900000|100%| O|  |TAMS 0x000000008d900000, 0x000000008d800000| Untracked 
| 217|0x000000008d900000, 0x000000008da00000, 0x000000008da00000|100%| O|  |TAMS 0x000000008da00000, 0x000000008d900000| Untracked 
| 218|0x000000008da00000, 0x000000008db00000, 0x000000008db00000|100%| O|  |TAMS 0x000000008db00000, 0x000000008da00000| Untracked 
| 219|0x000000008db00000, 0x000000008dc00000, 0x000000008dc00000|100%| O|  |TAMS 0x000000008dc00000, 0x000000008db00000| Untracked 
| 220|0x000000008dc00000, 0x000000008dd00000, 0x000000008dd00000|100%| O|  |TAMS 0x000000008dd00000, 0x000000008dc00000| Complete 
| 221|0x000000008dd00000, 0x000000008de00000, 0x000000008de00000|100%| O|  |TAMS 0x000000008de00000, 0x000000008dd00000| Complete 
| 222|0x000000008de00000, 0x000000008de00000, 0x000000008df00000|  0%| F|  |TAMS 0x000000008de00000, 0x000000008de00000| Untracked 
| 223|0x000000008df00000, 0x000000008e000000, 0x000000008e000000|100%| O|  |TAMS 0x000000008e000000, 0x000000008df00000| Complete 
| 224|0x000000008e000000, 0x000000008e000000, 0x000000008e100000|  0%| F|  |TAMS 0x000000008e000000, 0x000000008e000000| Untracked 
| 225|0x000000008e100000, 0x000000008e100000, 0x000000008e200000|  0%| F|  |TAMS 0x000000008e100000, 0x000000008e100000| Untracked 
| 226|0x000000008e200000, 0x000000008e200000, 0x000000008e300000|  0%| F|  |TAMS 0x000000008e200000, 0x000000008e200000| Untracked 
| 227|0x000000008e300000, 0x000000008e300000, 0x000000008e400000|  0%| F|  |TAMS 0x000000008e300000, 0x000000008e300000| Untracked 
| 228|0x000000008e400000, 0x000000008e400000, 0x000000008e500000|  0%| F|  |TAMS 0x000000008e400000, 0x000000008e400000| Untracked 
| 229|0x000000008e500000, 0x000000008e500000, 0x000000008e600000|  0%| F|  |TAMS 0x000000008e500000, 0x000000008e500000| Untracked 
| 230|0x000000008e600000, 0x000000008e600000, 0x000000008e700000|  0%| F|  |TAMS 0x000000008e600000, 0x000000008e600000| Untracked 
| 231|0x000000008e700000, 0x000000008e800000, 0x000000008e800000|100%| O|  |TAMS 0x000000008e800000, 0x000000008e700000| Untracked 
| 232|0x000000008e800000, 0x000000008e900000, 0x000000008e900000|100%| O|  |TAMS 0x000000008e900000, 0x000000008e800000| Untracked 
| 233|0x000000008e900000, 0x000000008ea00000, 0x000000008ea00000|100%| O|  |TAMS 0x000000008ea00000, 0x000000008e900000| Untracked 
| 234|0x000000008ea00000, 0x000000008eb00000, 0x000000008eb00000|100%| O|  |TAMS 0x000000008eb00000, 0x000000008ea00000| Untracked 
| 235|0x000000008eb00000, 0x000000008ec00000, 0x000000008ec00000|100%| O|  |TAMS 0x000000008ec00000, 0x000000008eb00000| Untracked 
| 236|0x000000008ec00000, 0x000000008ed00000, 0x000000008ed00000|100%| O|  |TAMS 0x000000008ed00000, 0x000000008ec00000| Complete 
| 237|0x000000008ed00000, 0x000000008ee00000, 0x000000008ee00000|100%| O|  |TAMS 0x000000008ee00000, 0x000000008ed00000| Untracked 
| 238|0x000000008ee00000, 0x000000008ef00000, 0x000000008ef00000|100%| O|  |TAMS 0x000000008ef00000, 0x000000008ee00000| Complete 
| 239|0x000000008ef00000, 0x000000008f000000, 0x000000008f000000|100%| O|  |TAMS 0x000000008f000000, 0x000000008ef00000| Complete 
| 240|0x000000008f000000, 0x000000008f000000, 0x000000008f100000|  0%| F|  |TAMS 0x000000008f000000, 0x000000008f000000| Untracked 
| 241|0x000000008f100000, 0x000000008f100000, 0x000000008f200000|  0%| F|  |TAMS 0x000000008f100000, 0x000000008f100000| Untracked 
| 242|0x000000008f200000, 0x000000008f200000, 0x000000008f300000|  0%| F|  |TAMS 0x000000008f200000, 0x000000008f200000| Untracked 
| 243|0x000000008f300000, 0x000000008f300000, 0x000000008f400000|  0%| F|  |TAMS 0x000000008f300000, 0x000000008f300000| Untracked 
| 244|0x000000008f400000, 0x000000008f400000, 0x000000008f500000|  0%| F|  |TAMS 0x000000008f400000, 0x000000008f400000| Untracked 
| 245|0x000000008f500000, 0x000000008f500000, 0x000000008f600000|  0%| F|  |TAMS 0x000000008f500000, 0x000000008f500000| Untracked 
| 246|0x000000008f600000, 0x000000008f600000, 0x000000008f700000|  0%| F|  |TAMS 0x000000008f600000, 0x000000008f600000| Untracked 
| 247|0x000000008f700000, 0x000000008f700000, 0x000000008f800000|  0%| F|  |TAMS 0x000000008f700000, 0x000000008f700000| Untracked 
| 248|0x000000008f800000, 0x000000008f800000, 0x000000008f900000|  0%| F|  |TAMS 0x000000008f800000, 0x000000008f800000| Untracked 
| 249|0x000000008f900000, 0x000000008f900000, 0x000000008fa00000|  0%| F|  |TAMS 0x000000008f900000, 0x000000008f900000| Untracked 
| 250|0x000000008fa00000, 0x000000008fa00000, 0x000000008fb00000|  0%| F|  |TAMS 0x000000008fa00000, 0x000000008fa00000| Untracked 
| 251|0x000000008fb00000, 0x000000008fb00000, 0x000000008fc00000|  0%| F|  |TAMS 0x000000008fb00000, 0x000000008fb00000| Untracked 
| 252|0x000000008fc00000, 0x000000008fc00000, 0x000000008fd00000|  0%| F|  |TAMS 0x000000008fc00000, 0x000000008fc00000| Untracked 
| 253|0x000000008fd00000, 0x000000008fd00000, 0x000000008fe00000|  0%| F|  |TAMS 0x000000008fd00000, 0x000000008fd00000| Untracked 
| 254|0x000000008fe00000, 0x000000008fe00000, 0x000000008ff00000|  0%| F|  |TAMS 0x000000008fe00000, 0x000000008fe00000| Untracked 
| 255|0x000000008ff00000, 0x000000008ff00000, 0x0000000090000000|  0%| F|  |TAMS 0x000000008ff00000, 0x000000008ff00000| Untracked 
| 256|0x0000000090000000, 0x0000000090000000, 0x0000000090100000|  0%| F|  |TAMS 0x0000000090000000, 0x0000000090000000| Untracked 
| 257|0x0000000090100000, 0x0000000090100000, 0x0000000090200000|  0%| F|  |TAMS 0x0000000090100000, 0x0000000090100000| Untracked 
| 258|0x0000000090200000, 0x0000000090200000, 0x0000000090300000|  0%| F|  |TAMS 0x0000000090200000, 0x0000000090200000| Untracked 
| 259|0x0000000090300000, 0x0000000090400000, 0x0000000090400000|100%| O|  |TAMS 0x0000000090400000, 0x0000000090300000| Complete 
| 260|0x0000000090400000, 0x0000000090400000, 0x0000000090500000|  0%| F|  |TAMS 0x0000000090400000, 0x0000000090400000| Untracked 
| 261|0x0000000090500000, 0x0000000090500000, 0x0000000090600000|  0%| F|  |TAMS 0x0000000090500000, 0x0000000090500000| Untracked 
| 262|0x0000000090600000, 0x0000000090600000, 0x0000000090700000|  0%| F|  |TAMS 0x0000000090600000, 0x0000000090600000| Untracked 
| 263|0x0000000090700000, 0x0000000090700000, 0x0000000090800000|  0%| F|  |TAMS 0x0000000090700000, 0x0000000090700000| Untracked 
| 264|0x0000000090800000, 0x0000000090800000, 0x0000000090900000|  0%| F|  |TAMS 0x0000000090800000, 0x0000000090800000| Untracked 
| 265|0x0000000090900000, 0x0000000090a00000, 0x0000000090a00000|100%| O|  |TAMS 0x0000000090a00000, 0x0000000090900000| Complete 
| 266|0x0000000090a00000, 0x0000000090a00000, 0x0000000090b00000|  0%| F|  |TAMS 0x0000000090a00000, 0x0000000090a00000| Untracked 
| 267|0x0000000090b00000, 0x0000000090c00000, 0x0000000090c00000|100%| O|  |TAMS 0x0000000090c00000, 0x0000000090b00000| Complete 
| 268|0x0000000090c00000, 0x0000000090c00000, 0x0000000090d00000|  0%| F|  |TAMS 0x0000000090c00000, 0x0000000090c00000| Untracked 
| 269|0x0000000090d00000, 0x0000000090d00000, 0x0000000090e00000|  0%| F|  |TAMS 0x0000000090d00000, 0x0000000090d00000| Untracked 
| 270|0x0000000090e00000, 0x0000000090e00000, 0x0000000090f00000|  0%| F|  |TAMS 0x0000000090e00000, 0x0000000090e00000| Untracked 
| 271|0x0000000090f00000, 0x0000000091000000, 0x0000000091000000|100%| O|  |TAMS 0x0000000091000000, 0x0000000090f00000| Complete 
| 272|0x0000000091000000, 0x0000000091100000, 0x0000000091100000|100%| O|  |TAMS 0x0000000091100000, 0x0000000091000000| Complete 
| 273|0x0000000091100000, 0x0000000091200000, 0x0000000091200000|100%| O|  |TAMS 0x0000000091200000, 0x0000000091100000| Complete 
| 274|0x0000000091200000, 0x0000000091200000, 0x0000000091300000|  0%| F|  |TAMS 0x0000000091200000, 0x0000000091200000| Untracked 
| 275|0x0000000091300000, 0x0000000091300000, 0x0000000091400000|  0%| F|  |TAMS 0x0000000091300000, 0x0000000091300000| Untracked 
| 276|0x0000000091400000, 0x0000000091400000, 0x0000000091500000|  0%| F|  |TAMS 0x0000000091400000, 0x0000000091400000| Untracked 
| 277|0x0000000091500000, 0x0000000091500000, 0x0000000091600000|  0%| F|  |TAMS 0x0000000091500000, 0x0000000091500000| Untracked 
| 278|0x0000000091600000, 0x0000000091600000, 0x0000000091700000|  0%| F|  |TAMS 0x0000000091600000, 0x0000000091600000| Untracked 
| 279|0x0000000091700000, 0x0000000091700000, 0x0000000091800000|  0%| F|  |TAMS 0x0000000091700000, 0x0000000091700000| Untracked 
| 280|0x0000000091800000, 0x0000000091800000, 0x0000000091900000|  0%| F|  |TAMS 0x0000000091800000, 0x0000000091800000| Untracked 
| 281|0x0000000091900000, 0x0000000091900000, 0x0000000091a00000|  0%| F|  |TAMS 0x0000000091900000, 0x0000000091900000| Untracked 
| 282|0x0000000091a00000, 0x0000000091a00000, 0x0000000091b00000|  0%| F|  |TAMS 0x0000000091a00000, 0x0000000091a00000| Untracked 
| 283|0x0000000091b00000, 0x0000000091b00000, 0x0000000091c00000|  0%| F|  |TAMS 0x0000000091b00000, 0x0000000091b00000| Untracked 
| 284|0x0000000091c00000, 0x0000000091c00000, 0x0000000091d00000|  0%| F|  |TAMS 0x0000000091c00000, 0x0000000091c00000| Untracked 
| 285|0x0000000091d00000, 0x0000000091d00000, 0x0000000091e00000|  0%| F|  |TAMS 0x0000000091d00000, 0x0000000091d00000| Untracked 
| 286|0x0000000091e00000, 0x0000000091e00000, 0x0000000091f00000|  0%| F|  |TAMS 0x0000000091e00000, 0x0000000091e00000| Untracked 
| 287|0x0000000091f00000, 0x0000000091f00000, 0x0000000092000000|  0%| F|  |TAMS 0x0000000091f00000, 0x0000000091f00000| Untracked 
| 288|0x0000000092000000, 0x0000000092000000, 0x0000000092100000|  0%| F|  |TAMS 0x0000000092000000, 0x0000000092000000| Untracked 
| 289|0x0000000092100000, 0x0000000092100000, 0x0000000092200000|  0%| F|  |TAMS 0x0000000092100000, 0x0000000092100000| Untracked 
| 290|0x0000000092200000, 0x0000000092200000, 0x0000000092300000|  0%| F|  |TAMS 0x0000000092200000, 0x0000000092200000| Untracked 
| 291|0x0000000092300000, 0x0000000092300000, 0x0000000092400000|  0%| F|  |TAMS 0x0000000092300000, 0x0000000092300000| Untracked 
| 292|0x0000000092400000, 0x0000000092400000, 0x0000000092500000|  0%| F|  |TAMS 0x0000000092400000, 0x0000000092400000| Untracked 
| 293|0x0000000092500000, 0x0000000092500000, 0x0000000092600000|  0%| F|  |TAMS 0x0000000092500000, 0x0000000092500000| Untracked 
| 294|0x0000000092600000, 0x0000000092600000, 0x0000000092700000|  0%| F|  |TAMS 0x0000000092600000, 0x0000000092600000| Untracked 
| 295|0x0000000092700000, 0x0000000092700000, 0x0000000092800000|  0%| F|  |TAMS 0x0000000092700000, 0x0000000092700000| Untracked 
| 296|0x0000000092800000, 0x0000000092800000, 0x0000000092900000|  0%| F|  |TAMS 0x0000000092800000, 0x0000000092800000| Untracked 
| 297|0x0000000092900000, 0x0000000092900000, 0x0000000092a00000|  0%| F|  |TAMS 0x0000000092900000, 0x0000000092900000| Untracked 
| 298|0x0000000092a00000, 0x0000000092a00000, 0x0000000092b00000|  0%| F|  |TAMS 0x0000000092a00000, 0x0000000092a00000| Untracked 
| 299|0x0000000092b00000, 0x0000000092b00000, 0x0000000092c00000|  0%| F|  |TAMS 0x0000000092b00000, 0x0000000092b00000| Untracked 
| 300|0x0000000092c00000, 0x0000000092c00000, 0x0000000092d00000|  0%| F|  |TAMS 0x0000000092c00000, 0x0000000092c00000| Untracked 
| 301|0x0000000092d00000, 0x0000000092d00000, 0x0000000092e00000|  0%| F|  |TAMS 0x0000000092d00000, 0x0000000092d00000| Untracked 
| 302|0x0000000092e00000, 0x0000000092e00000, 0x0000000092f00000|  0%| F|  |TAMS 0x0000000092e00000, 0x0000000092e00000| Untracked 
| 303|0x0000000092f00000, 0x0000000092f00000, 0x0000000093000000|  0%| F|  |TAMS 0x0000000092f00000, 0x0000000092f00000| Untracked 
| 304|0x0000000093000000, 0x0000000093000000, 0x0000000093100000|  0%| F|  |TAMS 0x0000000093000000, 0x0000000093000000| Untracked 
| 305|0x0000000093100000, 0x0000000093100000, 0x0000000093200000|  0%| F|  |TAMS 0x0000000093100000, 0x0000000093100000| Untracked 
| 306|0x0000000093200000, 0x0000000093200000, 0x0000000093300000|  0%| F|  |TAMS 0x0000000093200000, 0x0000000093200000| Untracked 
| 307|0x0000000093300000, 0x0000000093300000, 0x0000000093400000|  0%| F|  |TAMS 0x0000000093300000, 0x0000000093300000| Untracked 
| 308|0x0000000093400000, 0x0000000093400000, 0x0000000093500000|  0%| F|  |TAMS 0x0000000093400000, 0x0000000093400000| Untracked 
| 309|0x0000000093500000, 0x0000000093500000, 0x0000000093600000|  0%| F|  |TAMS 0x0000000093500000, 0x0000000093500000| Untracked 
| 310|0x0000000093600000, 0x0000000093600000, 0x0000000093700000|  0%| F|  |TAMS 0x0000000093600000, 0x0000000093600000| Untracked 
| 311|0x0000000093700000, 0x0000000093700000, 0x0000000093800000|  0%| F|  |TAMS 0x0000000093700000, 0x0000000093700000| Untracked 
| 312|0x0000000093800000, 0x0000000093800000, 0x0000000093900000|  0%| F|  |TAMS 0x0000000093800000, 0x0000000093800000| Untracked 
| 313|0x0000000093900000, 0x0000000093900000, 0x0000000093a00000|  0%| F|  |TAMS 0x0000000093900000, 0x0000000093900000| Untracked 
| 314|0x0000000093a00000, 0x0000000093a00000, 0x0000000093b00000|  0%| F|  |TAMS 0x0000000093a00000, 0x0000000093a00000| Untracked 
| 315|0x0000000093b00000, 0x0000000093b00000, 0x0000000093c00000|  0%| F|  |TAMS 0x0000000093b00000, 0x0000000093b00000| Untracked 
| 316|0x0000000093c00000, 0x0000000093c00000, 0x0000000093d00000|  0%| F|  |TAMS 0x0000000093c00000, 0x0000000093c00000| Untracked 
| 317|0x0000000093d00000, 0x0000000093d00000, 0x0000000093e00000|  0%| F|  |TAMS 0x0000000093d00000, 0x0000000093d00000| Untracked 
| 318|0x0000000093e00000, 0x0000000093ef1918, 0x0000000093f00000| 94%| S|CS|TAMS 0x0000000093e00000, 0x0000000093e00000| Complete 
| 319|0x0000000093f00000, 0x0000000094000000, 0x0000000094000000|100%| S|CS|TAMS 0x0000000093f00000, 0x0000000093f00000| Complete 
| 320|0x0000000094000000, 0x0000000094100000, 0x0000000094100000|100%| S|CS|TAMS 0x0000000094000000, 0x0000000094000000| Complete 
| 321|0x0000000094100000, 0x0000000094200000, 0x0000000094200000|100%| S|CS|TAMS 0x0000000094100000, 0x0000000094100000| Complete 
| 322|0x0000000094200000, 0x0000000094300000, 0x0000000094300000|100%| S|CS|TAMS 0x0000000094200000, 0x0000000094200000| Complete 
| 323|0x0000000094300000, 0x0000000094400000, 0x0000000094400000|100%| S|CS|TAMS 0x0000000094300000, 0x0000000094300000| Complete 
| 324|0x0000000094400000, 0x0000000094500000, 0x0000000094500000|100%| S|CS|TAMS 0x0000000094400000, 0x0000000094400000| Complete 
| 325|0x0000000094500000, 0x0000000094600000, 0x0000000094600000|100%| S|CS|TAMS 0x0000000094500000, 0x0000000094500000| Complete 
| 326|0x0000000094600000, 0x0000000094700000, 0x0000000094700000|100%| S|CS|TAMS 0x0000000094600000, 0x0000000094600000| Complete 
| 327|0x0000000094700000, 0x0000000094800000, 0x0000000094800000|100%| S|CS|TAMS 0x0000000094700000, 0x0000000094700000| Complete 
| 328|0x0000000094800000, 0x0000000094900000, 0x0000000094900000|100%| S|CS|TAMS 0x0000000094800000, 0x0000000094800000| Complete 
| 329|0x0000000094900000, 0x0000000094a00000, 0x0000000094a00000|100%| S|CS|TAMS 0x0000000094900000, 0x0000000094900000| Complete 
| 330|0x0000000094a00000, 0x0000000094b00000, 0x0000000094b00000|100%| S|CS|TAMS 0x0000000094a00000, 0x0000000094a00000| Complete 
| 331|0x0000000094b00000, 0x0000000094b00000, 0x0000000094c00000|  0%| F|  |TAMS 0x0000000094b00000, 0x0000000094b00000| Untracked 
| 332|0x0000000094c00000, 0x0000000094c00000, 0x0000000094d00000|  0%| F|  |TAMS 0x0000000094c00000, 0x0000000094c00000| Untracked 
| 333|0x0000000094d00000, 0x0000000094d00000, 0x0000000094e00000|  0%| F|  |TAMS 0x0000000094d00000, 0x0000000094d00000| Untracked 
| 334|0x0000000094e00000, 0x0000000094e00000, 0x0000000094f00000|  0%| F|  |TAMS 0x0000000094e00000, 0x0000000094e00000| Untracked 
| 335|0x0000000094f00000, 0x0000000094f00000, 0x0000000095000000|  0%| F|  |TAMS 0x0000000094f00000, 0x0000000094f00000| Untracked 
| 336|0x0000000095000000, 0x0000000095000000, 0x0000000095100000|  0%| F|  |TAMS 0x0000000095000000, 0x0000000095000000| Untracked 
| 337|0x0000000095100000, 0x0000000095100000, 0x0000000095200000|  0%| F|  |TAMS 0x0000000095100000, 0x0000000095100000| Untracked 
| 338|0x0000000095200000, 0x0000000095200000, 0x0000000095300000|  0%| F|  |TAMS 0x0000000095200000, 0x0000000095200000| Untracked 
| 339|0x0000000095300000, 0x0000000095300000, 0x0000000095400000|  0%| F|  |TAMS 0x0000000095300000, 0x0000000095300000| Untracked 
| 340|0x0000000095400000, 0x0000000095400000, 0x0000000095500000|  0%| F|  |TAMS 0x0000000095400000, 0x0000000095400000| Untracked 
| 341|0x0000000095500000, 0x0000000095500000, 0x0000000095600000|  0%| F|  |TAMS 0x0000000095500000, 0x0000000095500000| Untracked 
| 342|0x0000000095600000, 0x0000000095600000, 0x0000000095700000|  0%| F|  |TAMS 0x0000000095600000, 0x0000000095600000| Untracked 
| 343|0x0000000095700000, 0x0000000095700000, 0x0000000095800000|  0%| F|  |TAMS 0x0000000095700000, 0x0000000095700000| Untracked 
| 344|0x0000000095800000, 0x0000000095800000, 0x0000000095900000|  0%| F|  |TAMS 0x0000000095800000, 0x0000000095800000| Untracked 
| 345|0x0000000095900000, 0x0000000095900000, 0x0000000095a00000|  0%| F|  |TAMS 0x0000000095900000, 0x0000000095900000| Untracked 
| 346|0x0000000095a00000, 0x0000000095a00000, 0x0000000095b00000|  0%| F|  |TAMS 0x0000000095a00000, 0x0000000095a00000| Untracked 
| 347|0x0000000095b00000, 0x0000000095b00000, 0x0000000095c00000|  0%| F|  |TAMS 0x0000000095b00000, 0x0000000095b00000| Untracked 
| 348|0x0000000095c00000, 0x0000000095c00000, 0x0000000095d00000|  0%| F|  |TAMS 0x0000000095c00000, 0x0000000095c00000| Untracked 
| 349|0x0000000095d00000, 0x0000000095d00000, 0x0000000095e00000|  0%| F|  |TAMS 0x0000000095d00000, 0x0000000095d00000| Untracked 
| 350|0x0000000095e00000, 0x0000000095e00000, 0x0000000095f00000|  0%| F|  |TAMS 0x0000000095e00000, 0x0000000095e00000| Untracked 
| 351|0x0000000095f00000, 0x0000000095f00000, 0x0000000096000000|  0%| F|  |TAMS 0x0000000095f00000, 0x0000000095f00000| Untracked 
| 352|0x0000000096000000, 0x0000000096000000, 0x0000000096100000|  0%| F|  |TAMS 0x0000000096000000, 0x0000000096000000| Untracked 
| 353|0x0000000096100000, 0x0000000096100000, 0x0000000096200000|  0%| F|  |TAMS 0x0000000096100000, 0x0000000096100000| Untracked 
| 354|0x0000000096200000, 0x0000000096200000, 0x0000000096300000|  0%| F|  |TAMS 0x0000000096200000, 0x0000000096200000| Untracked 
| 355|0x0000000096300000, 0x0000000096300000, 0x0000000096400000|  0%| F|  |TAMS 0x0000000096300000, 0x0000000096300000| Untracked 
| 356|0x0000000096400000, 0x0000000096400000, 0x0000000096500000|  0%| F|  |TAMS 0x0000000096400000, 0x0000000096400000| Untracked 
| 357|0x0000000096500000, 0x0000000096500000, 0x0000000096600000|  0%| F|  |TAMS 0x0000000096500000, 0x0000000096500000| Untracked 
| 358|0x0000000096600000, 0x0000000096600000, 0x0000000096700000|  0%| F|  |TAMS 0x0000000096600000, 0x0000000096600000| Untracked 
| 359|0x0000000096700000, 0x0000000096700000, 0x0000000096800000|  0%| F|  |TAMS 0x0000000096700000, 0x0000000096700000| Untracked 
| 360|0x0000000096800000, 0x0000000096800000, 0x0000000096900000|  0%| F|  |TAMS 0x0000000096800000, 0x0000000096800000| Untracked 
| 361|0x0000000096900000, 0x0000000096900000, 0x0000000096a00000|  0%| F|  |TAMS 0x0000000096900000, 0x0000000096900000| Untracked 
| 362|0x0000000096a00000, 0x0000000096a00000, 0x0000000096b00000|  0%| F|  |TAMS 0x0000000096a00000, 0x0000000096a00000| Untracked 
| 363|0x0000000096b00000, 0x0000000096b00000, 0x0000000096c00000|  0%| F|  |TAMS 0x0000000096b00000, 0x0000000096b00000| Untracked 
| 364|0x0000000096c00000, 0x0000000096c00000, 0x0000000096d00000|  0%| F|  |TAMS 0x0000000096c00000, 0x0000000096c00000| Untracked 
| 365|0x0000000096d00000, 0x0000000096d00000, 0x0000000096e00000|  0%| F|  |TAMS 0x0000000096d00000, 0x0000000096d00000| Untracked 
| 366|0x0000000096e00000, 0x0000000096e00000, 0x0000000096f00000|  0%| F|  |TAMS 0x0000000096e00000, 0x0000000096e00000| Untracked 
| 367|0x0000000096f00000, 0x0000000096f00000, 0x0000000097000000|  0%| F|  |TAMS 0x0000000096f00000, 0x0000000096f00000| Untracked 
| 368|0x0000000097000000, 0x0000000097000000, 0x0000000097100000|  0%| F|  |TAMS 0x0000000097000000, 0x0000000097000000| Untracked 
| 369|0x0000000097100000, 0x0000000097100000, 0x0000000097200000|  0%| F|  |TAMS 0x0000000097100000, 0x0000000097100000| Untracked 
| 370|0x0000000097200000, 0x0000000097200000, 0x0000000097300000|  0%| F|  |TAMS 0x0000000097200000, 0x0000000097200000| Untracked 
| 371|0x0000000097300000, 0x0000000097300000, 0x0000000097400000|  0%| F|  |TAMS 0x0000000097300000, 0x0000000097300000| Untracked 
| 372|0x0000000097400000, 0x0000000097400000, 0x0000000097500000|  0%| F|  |TAMS 0x0000000097400000, 0x0000000097400000| Untracked 
| 373|0x0000000097500000, 0x0000000097500000, 0x0000000097600000|  0%| F|  |TAMS 0x0000000097500000, 0x0000000097500000| Untracked 
| 374|0x0000000097600000, 0x0000000097600000, 0x0000000097700000|  0%| F|  |TAMS 0x0000000097600000, 0x0000000097600000| Untracked 
| 375|0x0000000097700000, 0x0000000097700000, 0x0000000097800000|  0%| F|  |TAMS 0x0000000097700000, 0x0000000097700000| Untracked 
| 376|0x0000000097800000, 0x0000000097800000, 0x0000000097900000|  0%| F|  |TAMS 0x0000000097800000, 0x0000000097800000| Untracked 
| 377|0x0000000097900000, 0x0000000097900000, 0x0000000097a00000|  0%| F|  |TAMS 0x0000000097900000, 0x0000000097900000| Untracked 
| 378|0x0000000097a00000, 0x0000000097a00000, 0x0000000097b00000|  0%| F|  |TAMS 0x0000000097a00000, 0x0000000097a00000| Untracked 
| 379|0x0000000097b00000, 0x0000000097b00000, 0x0000000097c00000|  0%| F|  |TAMS 0x0000000097b00000, 0x0000000097b00000| Untracked 
| 380|0x0000000097c00000, 0x0000000097c00000, 0x0000000097d00000|  0%| F|  |TAMS 0x0000000097c00000, 0x0000000097c00000| Untracked 
| 381|0x0000000097d00000, 0x0000000097d00000, 0x0000000097e00000|  0%| F|  |TAMS 0x0000000097d00000, 0x0000000097d00000| Untracked 
| 382|0x0000000097e00000, 0x0000000097e00000, 0x0000000097f00000|  0%| F|  |TAMS 0x0000000097e00000, 0x0000000097e00000| Untracked 
| 383|0x0000000097f00000, 0x0000000097f00000, 0x0000000098000000|  0%| F|  |TAMS 0x0000000097f00000, 0x0000000097f00000| Untracked 
| 384|0x0000000098000000, 0x0000000098000000, 0x0000000098100000|  0%| F|  |TAMS 0x0000000098000000, 0x0000000098000000| Untracked 
| 385|0x0000000098100000, 0x0000000098100000, 0x0000000098200000|  0%| F|  |TAMS 0x0000000098100000, 0x0000000098100000| Untracked 
| 386|0x0000000098200000, 0x0000000098200000, 0x0000000098300000|  0%| F|  |TAMS 0x0000000098200000, 0x0000000098200000| Untracked 
| 387|0x0000000098300000, 0x0000000098300000, 0x0000000098400000|  0%| F|  |TAMS 0x0000000098300000, 0x0000000098300000| Untracked 
| 388|0x0000000098400000, 0x0000000098400000, 0x0000000098500000|  0%| F|  |TAMS 0x0000000098400000, 0x0000000098400000| Untracked 
| 389|0x0000000098500000, 0x0000000098500000, 0x0000000098600000|  0%| F|  |TAMS 0x0000000098500000, 0x0000000098500000| Untracked 
| 390|0x0000000098600000, 0x0000000098600000, 0x0000000098700000|  0%| F|  |TAMS 0x0000000098600000, 0x0000000098600000| Untracked 
| 391|0x0000000098700000, 0x0000000098700000, 0x0000000098800000|  0%| F|  |TAMS 0x0000000098700000, 0x0000000098700000| Untracked 
| 392|0x0000000098800000, 0x0000000098800000, 0x0000000098900000|  0%| F|  |TAMS 0x0000000098800000, 0x0000000098800000| Untracked 
| 393|0x0000000098900000, 0x0000000098900000, 0x0000000098a00000|  0%| F|  |TAMS 0x0000000098900000, 0x0000000098900000| Untracked 
| 394|0x0000000098a00000, 0x0000000098a00000, 0x0000000098b00000|  0%| F|  |TAMS 0x0000000098a00000, 0x0000000098a00000| Untracked 
| 395|0x0000000098b00000, 0x0000000098b00000, 0x0000000098c00000|  0%| F|  |TAMS 0x0000000098b00000, 0x0000000098b00000| Untracked 
| 396|0x0000000098c00000, 0x0000000098c00000, 0x0000000098d00000|  0%| F|  |TAMS 0x0000000098c00000, 0x0000000098c00000| Untracked 
| 397|0x0000000098d00000, 0x0000000098d00000, 0x0000000098e00000|  0%| F|  |TAMS 0x0000000098d00000, 0x0000000098d00000| Untracked 
| 398|0x0000000098e00000, 0x0000000098e00000, 0x0000000098f00000|  0%| F|  |TAMS 0x0000000098e00000, 0x0000000098e00000| Untracked 
| 399|0x0000000098f00000, 0x0000000098f00000, 0x0000000099000000|  0%| F|  |TAMS 0x0000000098f00000, 0x0000000098f00000| Untracked 
| 400|0x0000000099000000, 0x0000000099000000, 0x0000000099100000|  0%| F|  |TAMS 0x0000000099000000, 0x0000000099000000| Untracked 
| 401|0x0000000099100000, 0x0000000099100000, 0x0000000099200000|  0%| F|  |TAMS 0x0000000099100000, 0x0000000099100000| Untracked 
| 402|0x0000000099200000, 0x0000000099200000, 0x0000000099300000|  0%| F|  |TAMS 0x0000000099200000, 0x0000000099200000| Untracked 
| 403|0x0000000099300000, 0x0000000099300000, 0x0000000099400000|  0%| F|  |TAMS 0x0000000099300000, 0x0000000099300000| Untracked 
| 404|0x0000000099400000, 0x0000000099400000, 0x0000000099500000|  0%| F|  |TAMS 0x0000000099400000, 0x0000000099400000| Untracked 
| 405|0x0000000099500000, 0x0000000099500000, 0x0000000099600000|  0%| F|  |TAMS 0x0000000099500000, 0x0000000099500000| Untracked 
| 406|0x0000000099600000, 0x0000000099600000, 0x0000000099700000|  0%| F|  |TAMS 0x0000000099600000, 0x0000000099600000| Untracked 
| 407|0x0000000099700000, 0x0000000099700000, 0x0000000099800000|  0%| F|  |TAMS 0x0000000099700000, 0x0000000099700000| Untracked 
| 408|0x0000000099800000, 0x0000000099800000, 0x0000000099900000|  0%| F|  |TAMS 0x0000000099800000, 0x0000000099800000| Untracked 
| 409|0x0000000099900000, 0x0000000099900000, 0x0000000099a00000|  0%| F|  |TAMS 0x0000000099900000, 0x0000000099900000| Untracked 
| 410|0x0000000099a00000, 0x0000000099a00000, 0x0000000099b00000|  0%| F|  |TAMS 0x0000000099a00000, 0x0000000099a00000| Untracked 
| 411|0x0000000099b00000, 0x0000000099b00000, 0x0000000099c00000|  0%| F|  |TAMS 0x0000000099b00000, 0x0000000099b00000| Untracked 
| 412|0x0000000099c00000, 0x0000000099c00000, 0x0000000099d00000|  0%| F|  |TAMS 0x0000000099c00000, 0x0000000099c00000| Untracked 
| 413|0x0000000099d00000, 0x0000000099d00000, 0x0000000099e00000|  0%| F|  |TAMS 0x0000000099d00000, 0x0000000099d00000| Untracked 
| 414|0x0000000099e00000, 0x0000000099e00000, 0x0000000099f00000|  0%| F|  |TAMS 0x0000000099e00000, 0x0000000099e00000| Untracked 
| 415|0x0000000099f00000, 0x0000000099f00000, 0x000000009a000000|  0%| F|  |TAMS 0x0000000099f00000, 0x0000000099f00000| Untracked 
| 416|0x000000009a000000, 0x000000009a000000, 0x000000009a100000|  0%| F|  |TAMS 0x000000009a000000, 0x000000009a000000| Untracked 
| 417|0x000000009a100000, 0x000000009a100000, 0x000000009a200000|  0%| F|  |TAMS 0x000000009a100000, 0x000000009a100000| Untracked 
| 418|0x000000009a200000, 0x000000009a200000, 0x000000009a300000|  0%| F|  |TAMS 0x000000009a200000, 0x000000009a200000| Untracked 
| 419|0x000000009a300000, 0x000000009a300000, 0x000000009a400000|  0%| F|  |TAMS 0x000000009a300000, 0x000000009a300000| Untracked 
| 420|0x000000009a400000, 0x000000009a400000, 0x000000009a500000|  0%| F|  |TAMS 0x000000009a400000, 0x000000009a400000| Untracked 
| 421|0x000000009a500000, 0x000000009a500000, 0x000000009a600000|  0%| F|  |TAMS 0x000000009a500000, 0x000000009a500000| Untracked 
| 422|0x000000009a600000, 0x000000009a600000, 0x000000009a700000|  0%| F|  |TAMS 0x000000009a600000, 0x000000009a600000| Untracked 
| 423|0x000000009a700000, 0x000000009a700000, 0x000000009a800000|  0%| F|  |TAMS 0x000000009a700000, 0x000000009a700000| Untracked 
| 424|0x000000009a800000, 0x000000009a800000, 0x000000009a900000|  0%| F|  |TAMS 0x000000009a800000, 0x000000009a800000| Untracked 
| 425|0x000000009a900000, 0x000000009a900000, 0x000000009aa00000|  0%| F|  |TAMS 0x000000009a900000, 0x000000009a900000| Untracked 
| 426|0x000000009aa00000, 0x000000009aa00000, 0x000000009ab00000|  0%| F|  |TAMS 0x000000009aa00000, 0x000000009aa00000| Untracked 
| 427|0x000000009ab00000, 0x000000009ab00000, 0x000000009ac00000|  0%| F|  |TAMS 0x000000009ab00000, 0x000000009ab00000| Untracked 
| 428|0x000000009ac00000, 0x000000009acc4320, 0x000000009ad00000| 76%| E|  |TAMS 0x000000009ac00000, 0x000000009ac00000| Complete 
| 429|0x000000009ad00000, 0x000000009ae00000, 0x000000009ae00000|100%| E|CS|TAMS 0x000000009ad00000, 0x000000009ad00000| Complete 

Card table byte_map: [0x00000203df470000,0x00000203df870000] _byte_map_base: 0x00000203df070000

Marking Bits (Prev, Next): (CMBitMap*) 0x00000203c854ef80, (CMBitMap*) 0x00000203c854efc0
 Prev Bits: [0x00000203dfc70000, 0x00000203e1c70000)
 Next Bits: [0x00000203e1c70000, 0x00000203e3c70000)

Polling page: 0x00000203c64f0000

Metaspace:

Usage:
  Non-class:    126.15 MB used.
      Class:     19.22 MB used.
       Both:    145.37 MB used.

Virtual space:
  Non-class space:      128.00 MB reserved,     127.00 MB (>99%) committed,  2 nodes.
      Class space:      416.00 MB reserved,      20.00 MB (  5%) committed,  1 nodes.
             Both:      544.00 MB reserved,     147.00 MB ( 27%) committed. 

Chunk freelists:
   Non-Class:  896.00 KB
       Class:  11.92 MB
        Both:  12.80 MB

MaxMetaspaceSize: 512.00 MB
CompressedClassSpaceSize: 416.00 MB
Initial GC threshold: 21.00 MB
Current GC threshold: 239.62 MB
CDS: on
MetaspaceReclaimPolicy: balanced
 - commit_granule_bytes: 65536.
 - commit_granule_words: 8192.
 - virtual_space_node_default_size: 8388608.
 - enlarge_chunks_in_place: 1.
 - new_chunks_are_fully_committed: 0.
 - uncommit_free_chunks: 1.
 - use_allocation_guard: 0.
 - handle_deallocations: 1.


Internal statistics:

num_allocs_failed_limit: 30.
num_arena_births: 2676.
num_arena_deaths: 16.
num_vsnodes_births: 3.
num_vsnodes_deaths: 0.
num_space_committed: 2349.
num_space_uncommitted: 0.
num_chunks_returned_to_freelist: 56.
num_chunks_taken_from_freelist: 9596.
num_chunk_merges: 31.
num_chunk_splits: 6028.
num_chunks_enlarged: 3571.
num_inconsistent_stats: 0.

CodeHeap 'non-profiled nmethods': size=120000Kb used=15051Kb max_used=15900Kb free=104948Kb
 bounds [0x00000203d7b40000, 0x00000203d8ad0000, 0x00000203df070000]
CodeHeap 'profiled nmethods': size=120000Kb used=40215Kb max_used=41559Kb free=79784Kb
 bounds [0x00000203d0070000, 0x00000203d2910000, 0x00000203d75a0000]
CodeHeap 'non-nmethods': size=5760Kb used=2514Kb max_used=2652Kb free=3245Kb
 bounds [0x00000203d75a0000, 0x00000203d7840000, 0x00000203d7b40000]
 total_blobs=21196 nmethods=20126 adapters=981
 compilation: enabled
              stopped_count=0, restarted_count=0
 full_count=0

Compilation events (20 events):
Event: 210.521 Thread 0x00000203e614a1a0 25213       3       com.google.common.collect.HashBiMap$BiEntry::<init> (18 bytes)
Event: 210.522 Thread 0x00000203e614a1a0 nmethod 25213 0x00000203d04d6710 code [0x00000203d04d68c0, 0x00000203d04d6b98]
Event: 210.524 Thread 0x00000203e614a1a0 25218       3       org.gradle.api.internal.tasks.compile.incremental.serialization.HierarchicalNameSerializer::read (20 bytes)
Event: 210.525 Thread 0x00000203e614a1a0 nmethod 25218 0x00000203d0400b10 code [0x00000203d0400ce0, 0x00000203d0400ff8]
Event: 210.534 Thread 0x00000203e61350a0 nmethod 25216 0x00000203d8737790 code [0x00000203d87379a0, 0x00000203d8738150]
Event: 210.535 Thread 0x00000203e61350a0 25219       4       com.google.common.collect.HashBiMap::seekByKey (47 bytes)
Event: 210.537 Thread 0x00000203e61350a0 nmethod 25219 0x00000203d8a25c90 code [0x00000203d8a25e20, 0x00000203d8a25f78]
Event: 210.537 Thread 0x00000203e61350a0 25220       4       com.google.common.collect.HashBiMap::insert (188 bytes)
Event: 210.559 Thread 0x00000203e61350a0 nmethod 25220 0x00000203d89ba010 code [0x00000203d89ba1a0, 0x00000203d89bafb8]
Event: 210.559 Thread 0x00000203e61350a0 25223       4       com.google.common.collect.HashBiMap::rehashIfNecessary (87 bytes)
Event: 210.568 Thread 0x00000203e61350a0 nmethod 25223 0x00000203d8a49c10 code [0x00000203d8a49dc0, 0x00000203d8a4a308]
Event: 210.568 Thread 0x00000203e61350a0 25221       4       org.gradle.api.internal.tasks.compile.incremental.serialization.HierarchicalNameSerializer::readName (51 bytes)
Event: 210.849 Thread 0x00000203e614a1a0 25229       3       org.gradle.api.internal.tasks.compile.incremental.compilerapi.deps.DependentsSet::<init> (5 bytes)
Event: 210.849 Thread 0x00000203e614a1a0 nmethod 25229 0x00000203d0c2b110 code [0x00000203d0c2b2c0, 0x00000203d0c2b478]
Event: 210.849 Thread 0x00000203e614a1a0 25230       3       org.gradle.api.internal.tasks.compile.incremental.compilerapi.deps.DependentsSet::dependents (52 bytes)
Event: 210.850 Thread 0x00000203e614a1a0 nmethod 25230 0x00000203d0f1c410 code [0x00000203d0f1c660, 0x00000203d0f1cf48]
Event: 210.850 Thread 0x00000203e614a1a0 25231       3       org.gradle.api.internal.tasks.compile.incremental.compilerapi.deps.DependentSetSerializer::read (198 bytes)
Event: 210.853 Thread 0x00000203e614a1a0 nmethod 25231 0x00000203d1a06810 code [0x00000203d1a06d20, 0x00000203d1a098d8]
Event: 210.853 Thread 0x00000203e614a1a0 25232       3       org.gradle.api.internal.tasks.compile.incremental.deps.ClassSetAnalysisData$Serializer$$Lambda$2911/0x000002038232b820::get (8 bytes)
Event: 210.853 Thread 0x00000203e614a1a0 nmethod 25232 0x00000203d0331a90 code [0x00000203d0331c40, 0x00000203d0331d98]

GC Heap History (20 events):
Event: 92.769 GC heap before
{Heap before GC invocations=50 (full 0):
 garbage-first heap   total 440320K, used 329541K [0x0000000080000000, 0x0000000100000000)
  region size 1024K, 168 young (172032K), 24 survivors (24576K)
 Metaspace       used 110959K, committed 112320K, reserved 557056K
  class space    used 15111K, committed 15744K, reserved 425984K
}
Event: 92.831 GC heap after
{Heap after GC invocations=51 (full 0):
 garbage-first heap   total 440320K, used 190334K [0x0000000080000000, 0x0000000100000000)
  region size 1024K, 14 young (14336K), 14 survivors (14336K)
 Metaspace       used 110959K, committed 112320K, reserved 557056K
  class space    used 15111K, committed 15744K, reserved 425984K
}
Event: 104.448 GC heap before
{Heap before GC invocations=51 (full 0):
 garbage-first heap   total 440320K, used 337790K [0x0000000080000000, 0x0000000100000000)
  region size 1024K, 158 young (161792K), 14 survivors (14336K)
 Metaspace       used 115894K, committed 117312K, reserved 557056K
  class space    used 15684K, committed 16320K, reserved 425984K
}
Event: 104.508 GC heap after
{Heap after GC invocations=52 (full 0):
 garbage-first heap   total 440320K, used 206718K [0x0000000080000000, 0x0000000100000000)
  region size 1024K, 17 young (17408K), 17 survivors (17408K)
 Metaspace       used 115894K, committed 117312K, reserved 557056K
  class space    used 15684K, committed 16320K, reserved 425984K
}
Event: 123.436 GC heap before
{Heap before GC invocations=52 (full 0):
 garbage-first heap   total 440320K, used 343934K [0x0000000080000000, 0x0000000100000000)
  region size 1024K, 152 young (155648K), 17 survivors (17408K)
 Metaspace       used 124201K, committed 125632K, reserved 557056K
  class space    used 16822K, committed 17472K, reserved 425984K
}
Event: 123.611 GC heap after
{Heap after GC invocations=53 (full 0):
 garbage-first heap   total 440320K, used 216958K [0x0000000080000000, 0x0000000100000000)
  region size 1024K, 11 young (11264K), 11 survivors (11264K)
 Metaspace       used 124201K, committed 125632K, reserved 557056K
  class space    used 16822K, committed 17472K, reserved 425984K
}
Event: 129.686 GC heap before
{Heap before GC invocations=53 (full 0):
 garbage-first heap   total 440320K, used 348030K [0x0000000080000000, 0x0000000100000000)
  region size 1024K, 140 young (143360K), 11 survivors (11264K)
 Metaspace       used 129875K, committed 131392K, reserved 557056K
  class space    used 17494K, committed 18176K, reserved 425984K
}
Event: 129.745 GC heap after
{Heap after GC invocations=54 (full 0):
 garbage-first heap   total 440320K, used 228222K [0x0000000080000000, 0x0000000100000000)
  region size 1024K, 11 young (11264K), 11 survivors (11264K)
 Metaspace       used 129875K, committed 131392K, reserved 557056K
  class space    used 17494K, committed 18176K, reserved 425984K
}
Event: 138.147 GC heap before
{Heap before GC invocations=54 (full 0):
 garbage-first heap   total 440320K, used 354174K [0x0000000080000000, 0x0000000100000000)
  region size 1024K, 135 young (138240K), 11 survivors (11264K)
 Metaspace       used 133669K, committed 135296K, reserved 557056K
  class space    used 17878K, committed 18624K, reserved 425984K
}
Event: 138.189 GC heap after
{Heap after GC invocations=55 (full 0):
 garbage-first heap   total 440320K, used 236403K [0x0000000080000000, 0x0000000100000000)
  region size 1024K, 11 young (11264K), 11 survivors (11264K)
 Metaspace       used 133669K, committed 135296K, reserved 557056K
  class space    used 17878K, committed 18624K, reserved 425984K
}
Event: 155.737 GC heap before
{Heap before GC invocations=55 (full 0):
 garbage-first heap   total 440320K, used 368499K [0x0000000080000000, 0x0000000100000000)
  region size 1024K, 130 young (133120K), 11 survivors (11264K)
 Metaspace       used 136131K, committed 137728K, reserved 557056K
  class space    used 18198K, committed 18944K, reserved 425984K
}
Event: 155.835 GC heap after
{Heap after GC invocations=56 (full 0):
 garbage-first heap   total 440320K, used 264062K [0x0000000080000000, 0x0000000100000000)
  region size 1024K, 17 young (17408K), 17 survivors (17408K)
 Metaspace       used 136131K, committed 137728K, reserved 557056K
  class space    used 18198K, committed 18944K, reserved 425984K
}
Event: 179.594 GC heap before
{Heap before GC invocations=56 (full 0):
 garbage-first heap   total 440320K, used 375678K [0x0000000080000000, 0x0000000100000000)
  region size 1024K, 110 young (112640K), 17 survivors (17408K)
 Metaspace       used 138759K, committed 140416K, reserved 557056K
  class space    used 18429K, committed 19200K, reserved 425984K
}
Event: 179.636 GC heap after
{Heap after GC invocations=57 (full 0):
 garbage-first heap   total 440320K, used 276350K [0x0000000080000000, 0x0000000100000000)
  region size 1024K, 13 young (13312K), 13 survivors (13312K)
 Metaspace       used 138759K, committed 140416K, reserved 557056K
  class space    used 18429K, committed 19200K, reserved 425984K
}
Event: 195.066 GC heap before
{Heap before GC invocations=57 (full 0):
 garbage-first heap   total 440320K, used 362366K [0x0000000080000000, 0x0000000100000000)
  region size 1024K, 98 young (100352K), 13 survivors (13312K)
 Metaspace       used 139403K, committed 141120K, reserved 557056K
  class space    used 18477K, committed 19328K, reserved 425984K
}
Event: 195.076 GC heap after
{Heap after GC invocations=58 (full 0):
 garbage-first heap   total 440320K, used 267134K [0x0000000080000000, 0x0000000100000000)
  region size 1024K, 2 young (2048K), 2 survivors (2048K)
 Metaspace       used 139403K, committed 141120K, reserved 557056K
  class space    used 18477K, committed 19328K, reserved 425984K
}
Event: 199.894 GC heap before
{Heap before GC invocations=58 (full 0):
 garbage-first heap   total 440320K, used 290686K [0x0000000080000000, 0x0000000100000000)
  region size 1024K, 25 young (25600K), 2 survivors (2048K)
 Metaspace       used 143191K, committed 144896K, reserved 557056K
  class space    used 19002K, committed 19776K, reserved 425984K
}
Event: 199.904 GC heap after
{Heap after GC invocations=59 (full 0):
 garbage-first heap   total 440320K, used 268346K [0x0000000080000000, 0x0000000100000000)
  region size 1024K, 4 young (4096K), 4 survivors (4096K)
 Metaspace       used 143191K, committed 144896K, reserved 557056K
  class space    used 19002K, committed 19776K, reserved 425984K
}
Event: 210.709 GC heap before
{Heap before GC invocations=60 (full 0):
 garbage-first heap   total 440320K, used 341050K [0x0000000080000000, 0x0000000100000000)
  region size 1024K, 99 young (101376K), 4 survivors (4096K)
 Metaspace       used 148847K, committed 150528K, reserved 557056K
  class space    used 19677K, committed 20480K, reserved 425984K
}
Event: 210.837 GC heap after
{Heap after GC invocations=61 (full 0):
 garbage-first heap   total 440320K, used 252740K [0x0000000080000000, 0x0000000100000000)
  region size 1024K, 13 young (13312K), 13 survivors (13312K)
 Metaspace       used 148847K, committed 150528K, reserved 557056K
  class space    used 19677K, committed 20480K, reserved 425984K
}

Dll operation events (16 events):
Event: 0.012 Loaded shared library C:\Program Files\Microsoft\jdk-17.0.18.8-hotspot\bin\java.dll
Event: 0.033 Loaded shared library C:\Program Files\Microsoft\jdk-17.0.18.8-hotspot\bin\jsvml.dll
Event: 0.122 Loaded shared library C:\Program Files\Microsoft\jdk-17.0.18.8-hotspot\bin\zip.dll
Event: 0.127 Loaded shared library C:\Program Files\Microsoft\jdk-17.0.18.8-hotspot\bin\instrument.dll
Event: 0.134 Loaded shared library C:\Program Files\Microsoft\jdk-17.0.18.8-hotspot\bin\net.dll
Event: 0.135 Loaded shared library C:\Program Files\Microsoft\jdk-17.0.18.8-hotspot\bin\nio.dll
Event: 0.141 Loaded shared library C:\Program Files\Microsoft\jdk-17.0.18.8-hotspot\bin\zip.dll
Event: 0.549 Loaded shared library C:\Program Files\Microsoft\jdk-17.0.18.8-hotspot\bin\jimage.dll
Event: 0.682 Loaded shared library C:\Program Files\Microsoft\jdk-17.0.18.8-hotspot\bin\verify.dll
Event: 0.955 Loaded shared library C:\Users\Administrator\.gradle\native\c067742578af261105cb4f569cf0c3c89f3d7b1fecec35dd04571415982c5e48\windows-amd64\native-platform.dll
Event: 0.969 Loaded shared library C:\Users\Administrator\.gradle\native\38dada09dfb8b06ba9b0570ebf7e218e3eb74d4ef43ca46872605cf95ebc2f47\windows-amd64\native-platform-file-events.dll
Event: 2.798 Loaded shared library C:\Program Files\Microsoft\jdk-17.0.18.8-hotspot\bin\management.dll
Event: 2.801 Loaded shared library C:\Program Files\Microsoft\jdk-17.0.18.8-hotspot\bin\management_ext.dll
Event: 3.131 Loaded shared library C:\Program Files\Microsoft\jdk-17.0.18.8-hotspot\bin\extnet.dll
Event: 3.526 Loaded shared library C:\Program Files\Microsoft\jdk-17.0.18.8-hotspot\bin\sunmscapi.dll
Event: 138.487 Loaded shared library C:\Program Files\Microsoft\jdk-17.0.18.8-hotspot\bin\rmi.dll

Deoptimization events (20 events):
Event: 209.624 Thread 0x00000203ec43fa00 Uncommon trap: trap_request=0xffffff45 fr.pc=0x00000203d8aba744 relative=0x0000000000000424
Event: 209.624 Thread 0x00000203ec43fa00 Uncommon trap: reason=unstable_if action=reinterpret pc=0x00000203d8aba744 method=com.sun.tools.javac.util.ListBuffer.append(Ljava/lang/Object;)Lcom/sun/tools/javac/util/ListBuffer; @ 9 c2
Event: 209.624 Thread 0x00000203ec43fa00 DEOPT PACKING pc=0x00000203d8aba744 sp=0x000000f88d8f9220
Event: 209.625 Thread 0x00000203ec43fa00 DEOPT UNPACKING pc=0x00000203d75f69a3 sp=0x000000f88d8f91e8 mode 2
Event: 209.685 Thread 0x00000203ec43fa00 Uncommon trap: trap_request=0xffffff45 fr.pc=0x00000203d82731fc relative=0x00000000000000dc
Event: 209.685 Thread 0x00000203ec43fa00 Uncommon trap: reason=unstable_if action=reinterpret pc=0x00000203d82731fc method=java.util.EnumMap.isValidKey(Ljava/lang/Object;)Z @ 16 c2
Event: 209.685 Thread 0x00000203ec43fa00 DEOPT PACKING pc=0x00000203d82731fc sp=0x000000f88d8f81e0
Event: 209.685 Thread 0x00000203ec43fa00 DEOPT UNPACKING pc=0x00000203d75f69a3 sp=0x000000f88d8f8118 mode 2
Event: 210.051 Thread 0x00000203ec43fa00 Uncommon trap: trap_request=0xffffffde fr.pc=0x00000203d842ac98 relative=0x0000000000001578
Event: 210.051 Thread 0x00000203ec43fa00 Uncommon trap: reason=class_check action=maybe_recompile pc=0x00000203d842ac98 method=org.gradle.internal.logging.sink.OutputEventTransformer.onOutput(Lorg/gradle/internal/logging/events/OutputEvent;)V @ 351 c2
Event: 210.051 Thread 0x00000203ec43fa00 DEOPT PACKING pc=0x00000203d842ac98 sp=0x000000f88d8f9280
Event: 210.051 Thread 0x00000203ec43fa00 DEOPT UNPACKING pc=0x00000203d75f69a3 sp=0x000000f88d8f9280 mode 2
Event: 210.051 Thread 0x00000203ec43fa00 Uncommon trap: trap_request=0xffffffde fr.pc=0x00000203d842ac98 relative=0x0000000000001578
Event: 210.051 Thread 0x00000203ec43fa00 Uncommon trap: reason=class_check action=maybe_recompile pc=0x00000203d842ac98 method=org.gradle.internal.logging.sink.OutputEventTransformer.onOutput(Lorg/gradle/internal/logging/events/OutputEvent;)V @ 351 c2
Event: 210.051 Thread 0x00000203ec43fa00 DEOPT PACKING pc=0x00000203d842ac98 sp=0x000000f88d8f9280
Event: 210.051 Thread 0x00000203ec43fa00 DEOPT UNPACKING pc=0x00000203d75f69a3 sp=0x000000f88d8f9280 mode 2
Event: 210.055 Thread 0x00000203ec43fa00 Uncommon trap: trap_request=0xffffff45 fr.pc=0x00000203d83945a0 relative=0x0000000000000540
Event: 210.055 Thread 0x00000203ec43fa00 Uncommon trap: reason=unstable_if action=reinterpret pc=0x00000203d83945a0 method=java.util.HashMap.removeNode(ILjava/lang/Object;Ljava/lang/Object;ZZ)Ljava/util/HashMap$Node; @ 178 c2
Event: 210.055 Thread 0x00000203ec43fa00 DEOPT PACKING pc=0x00000203d83945a0 sp=0x000000f88d8f9be0
Event: 210.055 Thread 0x00000203ec43fa00 DEOPT UNPACKING pc=0x00000203d75f69a3 sp=0x000000f88d8f9bb0 mode 2

Classes loaded (20 events):
Event: 207.787 Loading class java/util/ImmutableCollections$Access$1
Event: 207.787 Loading class jdk/internal/access/JavaUtilCollectionAccess
Event: 207.787 Loading class jdk/internal/access/JavaUtilCollectionAccess done
Event: 207.787 Loading class java/util/ImmutableCollections$Access$1 done
Event: 209.098 Loading class java/text/BreakIterator
Event: 209.099 Loading class java/text/BreakIterator done
Event: 209.170 Loading class java/nio/file/Path$1
Event: 209.171 Loading class java/nio/file/Path$1 done
Event: 209.631 Loading class java/util/function/ToIntBiFunction
Event: 209.632 Loading class java/util/function/ToIntBiFunction done
Event: 210.047 Loading class java/text/MessageFormat
Event: 210.048 Loading class java/text/MessageFormat done
Event: 210.049 Loading class java/text/MessageFormat$Field
Event: 210.049 Loading class java/text/MessageFormat$Field done
Event: 210.052 Loading class java/util/EnumMap$Values
Event: 210.052 Loading class java/util/EnumMap$Values done
Event: 210.052 Loading class java/util/EnumMap$ValueIterator
Event: 210.052 Loading class java/util/EnumMap$ValueIterator done
Event: 210.289 Loading class java/util/concurrent/RecursiveAction
Event: 210.290 Loading class java/util/concurrent/RecursiveAction done

Classes unloaded (19 events):
Event: 201.160 Thread 0x00000203e610e9d0 Unloading class 0x0000020382213c00 'jdk/internal/reflect/GeneratedSerializationConstructorAccessor165'
Event: 201.161 Thread 0x00000203e610e9d0 Unloading class 0x0000020382212800 'jdk/internal/reflect/GeneratedSerializationConstructorAccessor160'
Event: 201.161 Thread 0x00000203e610e9d0 Unloading class 0x000002038220d800 'jdk/internal/reflect/GeneratedSerializationConstructorAccessor148'
Event: 201.161 Thread 0x00000203e610e9d0 Unloading class 0x000002038220cc00 'jdk/internal/reflect/GeneratedSerializationConstructorAccessor145'
Event: 201.161 Thread 0x00000203e610e9d0 Unloading class 0x000002038220c800 'jdk/internal/reflect/GeneratedSerializationConstructorAccessor144'
Event: 201.161 Thread 0x00000203e610e9d0 Unloading class 0x0000020382129c00 'java/lang/invoke/LambdaForm$MH+0x0000020382129c00'
Event: 201.161 Thread 0x00000203e610e9d0 Unloading class 0x0000020381fd03e8 '_BuildScript_$_run_closure3'
Event: 201.161 Thread 0x00000203e610e9d0 Unloading class 0x0000020381fd0000 '_BuildScript_$_run_closure2$_closure7'
Event: 201.161 Thread 0x00000203e610e9d0 Unloading class 0x0000020381fcbb58 '_BuildScript_$_run_closure2$_closure6$_closure10'
Event: 201.161 Thread 0x00000203e610e9d0 Unloading class 0x0000020381fcb770 '_BuildScript_$_run_closure2$_closure6$_closure9'
Event: 201.161 Thread 0x00000203e610e9d0 Unloading class 0x0000020381fcb388 '_BuildScript_$_run_closure2$_closure6'
Event: 201.161 Thread 0x00000203e610e9d0 Unloading class 0x0000020381fcafa0 '_BuildScript_$_run_closure2$_closure5$_closure8'
Event: 201.161 Thread 0x00000203e610e9d0 Unloading class 0x0000020381fcabb8 '_BuildScript_$_run_closure2$_closure5'
Event: 201.161 Thread 0x00000203e610e9d0 Unloading class 0x0000020381fca7d0 '_BuildScript_$_run_closure2$_closure4'
Event: 201.162 Thread 0x00000203e610e9d0 Unloading class 0x0000020381fca3e8 '_BuildScript_$_run_closure2'
Event: 201.162 Thread 0x00000203e610e9d0 Unloading class 0x0000020381fca000 '_BuildScript_$_run_closure1'
Event: 201.162 Thread 0x00000203e610e9d0 Unloading class 0x0000020381fc9800 '_BuildScript_'
Event: 201.162 Thread 0x00000203e610e9d0 Unloading class 0x0000020381fac538 '_BuildScript_$_run_closure1'
Event: 201.162 Thread 0x00000203e610e9d0 Unloading class 0x0000020381fac000 '_BuildScript_'

Classes redefined (0 events):
No events

Internal exceptions (20 events):
Event: 209.170 Thread 0x00000203ec43fa00 Exception <a 'sun/nio/fs/WindowsException'{0x0000000096556748}> (0x0000000096556748) 
thrown [s\src\hotspot\share\prims\jni.cpp, line 516]
Event: 209.170 Thread 0x00000203ec43fa00 Exception <a 'sun/nio/fs/WindowsException'{0x0000000096557998}> (0x0000000096557998) 
thrown [s\src\hotspot\share\prims\jni.cpp, line 516]
Event: 209.179 Thread 0x00000203ec43fa00 Exception <a 'sun/nio/fs/WindowsException'{0x0000000096564350}> (0x0000000096564350) 
thrown [s\src\hotspot\share\prims\jni.cpp, line 516]
Event: 209.232 Thread 0x00000203ec43fa00 Implicit null exception at 0x00000203d8a896a0 to 0x00000203d8a89b0c
Event: 209.635 Thread 0x00000203ec43fa00 Exception <a 'sun/nio/fs/WindowsException'{0x00000000963aa748}> (0x00000000963aa748) 
thrown [s\src\hotspot\share\prims\jni.cpp, line 516]
Event: 209.639 Thread 0x00000203ec43fa00 Exception <a 'sun/nio/fs/WindowsException'{0x00000000963e32d8}> (0x00000000963e32d8) 
thrown [s\src\hotspot\share\prims\jni.cpp, line 516]
Event: 209.667 Thread 0x00000203ebe02b20 Exception <a 'java/lang/NoSuchMethodError'{0x0000000096127e58}: static Lcom/android/build/gradle/internal/scope/InternalArtifactType;.<clinit>()V> (0x0000000096127e58) 
thrown [s\src\hotspot\share\prims\jni.cpp, line 1112]
Event: 209.668 Thread 0x00000203ebe02b20 Exception <a 'java/lang/NoSuchMethodError'{0x0000000096129588}: static Lcom/android/build/gradle/internal/scope/InternalArtifactType;.<clinit>()V> (0x0000000096129588) 
thrown [s\src\hotspot\share\prims\jni.cpp, line 1112]
Event: 209.668 Thread 0x00000203ebe02b20 Exception <a 'java/lang/NoSuchMethodError'{0x000000009612c728}: static Lcom/android/build/api/artifact/Artifact$Single;.<clinit>()V> (0x000000009612c728) 
thrown [s\src\hotspot\share\prims\jni.cpp, line 1112]
Event: 209.668 Thread 0x00000203ebe02b20 Exception <a 'java/lang/NoSuchMethodError'{0x000000009612ef60}: static Ljava/lang/Object;.<clinit>()V> (0x000000009612ef60) 
thrown [s\src\hotspot\share\prims\jni.cpp, line 1112]
Event: 209.670 Thread 0x00000203ebe02b20 Exception <a 'java/lang/NoSuchMethodError'{0x0000000096147d30}: static Lcom/android/build/api/artifact/ArtifactKind;.<clinit>()V> (0x0000000096147d30) 
thrown [s\src\hotspot\share\prims\jni.cpp, line 1112]
Event: 209.670 Thread 0x00000203ebe02b20 Exception <a 'java/lang/NoSuchMethodError'{0x0000000096149188}: static Lcom/android/build/api/artifact/ArtifactKind;.<clinit>()V> (0x0000000096149188) 
thrown [s\src\hotspot\share\prims\jni.cpp, line 1112]
Event: 209.694 Thread 0x00000203ec43fa00 Exception <a 'java/lang/NoSuchMethodError'{0x000000009601f620}: 'int java.lang.invoke.DirectMethodHandle$Holder.invokeVirtual(java.lang.Object, java.lang.Object, java.lang.Object, java.lang.Object)'> (0x000000009601f620) 
thrown [s\src\hotspot\share\interpreter\linkResolver.cpp, line 759]
Event: 209.758 Thread 0x00000203ec43fa00 Exception <a 'java/lang/NoSuchMethodError'{0x0000000095f44f68}: 'java.lang.Object java.lang.invoke.DirectMethodHandle$Holder.newInvokeSpecial(java.lang.Object, java.lang.Object, java.lang.Object, java.lang.Object, java.lang.Object, java.lang.Object, java.lang.Object, int)'> (0x0000000095f44f68) 
thrown [s\src\hotspot\share\interpreter\linkResolver.cpp, line 759]
Event: 209.759 Thread 0x00000203ec43fa00 Exception <a 'java/lang/NoSuchMethodError'{0x0000000095f4af08}: 'java.lang.Object java.lang.invoke.DirectMethodHandle$Holder.invokeSpecial(java.lang.Object, java.lang.Object, java.lang.Object, java.lang.Object, java.lang.Object, java.lang.Object, java.lang.Object, java.lang.Object, int)'> (0x0000000095f4af08) 
thrown [s\src\hotspot\share\interpreter\linkResolver.cpp, line 759]
Event: 209.842 Thread 0x00000203ec43fa00 Exception <a 'sun/nio/fs/WindowsException'{0x0000000095ea7738}> (0x0000000095ea7738) 
thrown [s\src\hotspot\share\prims\jni.cpp, line 516]
Event: 209.842 Thread 0x00000203ec43fa00 Exception <a 'sun/nio/fs/WindowsException'{0x0000000095ea89e8}> (0x0000000095ea89e8) 
thrown [s\src\hotspot\share\prims\jni.cpp, line 516]
Event: 209.842 Thread 0x00000203ec43fa00 Exception <a 'sun/nio/fs/WindowsException'{0x0000000095ea9a48}> (0x0000000095ea9a48) 
thrown [s\src\hotspot\share\prims\jni.cpp, line 516]
Event: 209.842 Thread 0x00000203ec43fa00 Exception <a 'sun/nio/fs/WindowsException'{0x0000000095eaacb8}> (0x0000000095eaacb8) 
thrown [s\src\hotspot\share\prims\jni.cpp, line 516]
Event: 209.875 Thread 0x00000203ec43fa00 Exception <a 'sun/nio/fs/WindowsException'{0x0000000095ec74f8}> (0x0000000095ec74f8) 
thrown [s\src\hotspot\share\prims\jni.cpp, line 516]

VM Operations (20 events):
Event: 208.953 Executing VM operation: HandshakeAllThreads
Event: 208.953 Executing VM operation: HandshakeAllThreads done
Event: 208.997 Executing VM operation: ICBufferFull
Event: 208.998 Executing VM operation: ICBufferFull done
Event: 209.179 Executing VM operation: HandshakeAllThreads
Event: 209.179 Executing VM operation: HandshakeAllThreads done
Event: 209.235 Executing VM operation: HandshakeAllThreads
Event: 209.235 Executing VM operation: HandshakeAllThreads done
Event: 209.618 Executing VM operation: HandshakeAllThreads
Event: 209.618 Executing VM operation: HandshakeAllThreads done
Event: 209.752 Executing VM operation: HandshakeAllThreads
Event: 209.753 Executing VM operation: HandshakeAllThreads done
Event: 209.795 Executing VM operation: ICBufferFull
Event: 209.811 Executing VM operation: ICBufferFull done
Event: 209.924 Executing VM operation: HandshakeAllThreads
Event: 209.925 Executing VM operation: HandshakeAllThreads done
Event: 210.253 Executing VM operation: HandshakeAllThreads
Event: 210.253 Executing VM operation: HandshakeAllThreads done
Event: 210.708 Executing VM operation: G1CollectForAllocation
Event: 210.837 Executing VM operation: G1CollectForAllocation done

Memory protections (0 events):
No events

Nmethod flushes (20 events):
Event: 209.969 Thread 0x00000203e61566d0 flushing  nmethod 0x00000203d27de510
Event: 209.969 Thread 0x00000203e61566d0 flushing  nmethod 0x00000203d27e0590
Event: 209.969 Thread 0x00000203e61566d0 flushing  nmethod 0x00000203d27e4410
Event: 209.969 Thread 0x00000203e61566d0 flushing  nmethod 0x00000203d27e8290
Event: 209.969 Thread 0x00000203e61566d0 flushing  nmethod 0x00000203d27ebc10
Event: 209.969 Thread 0x00000203e61566d0 flushing  nmethod 0x00000203d27f2790
Event: 209.969 Thread 0x00000203e61566d0 flushing  nmethod 0x00000203d2828a10
Event: 209.969 Thread 0x00000203e61566d0 flushing  nmethod 0x00000203d2828d90
Event: 209.969 Thread 0x00000203e61566d0 flushing  nmethod 0x00000203d2829d90
Event: 209.969 Thread 0x00000203e61566d0 flushing  nmethod 0x00000203d282f310
Event: 209.969 Thread 0x00000203e61566d0 flushing  nmethod 0x00000203d2847190
Event: 209.969 Thread 0x00000203e61566d0 flushing  nmethod 0x00000203d284b590
Event: 209.969 Thread 0x00000203e61566d0 flushing  nmethod 0x00000203d284d910
Event: 209.969 Thread 0x00000203e61566d0 flushing  nmethod 0x00000203d284de10
Event: 209.969 Thread 0x00000203e61566d0 flushing  nmethod 0x00000203d2853f10
Event: 209.969 Thread 0x00000203e61566d0 flushing  nmethod 0x00000203d2854290
Event: 209.970 Thread 0x00000203e61566d0 flushing  nmethod 0x00000203d2872d10
Event: 209.970 Thread 0x00000203e61566d0 flushing  nmethod 0x00000203d28a0310
Event: 209.970 Thread 0x00000203e61566d0 flushing  nmethod 0x00000203d28a2110
Event: 209.970 Thread 0x00000203e61566d0 flushing  nmethod 0x00000203d28a2490

Events (20 events):
Event: 144.845 Thread 0x00000203f5b5ae20 Thread added: 0x00000203f72aeb30
Event: 145.401 Thread 0x00000203f72b4650 Thread added: 0x00000203f72b0480
Event: 148.031 Thread 0x00000203ebe0f560 Thread exited: 0x00000203ebe0f560
Event: 148.485 Thread 0x00000203ec43fa00 Thread added: 0x00000203f72af040
Event: 148.661 Thread 0x00000203f72af040 Thread added: 0x00000203f72b0990
Event: 148.661 Thread 0x00000203f72af040 Thread added: 0x00000203f72b22e0
Event: 181.348 Thread 0x00000203eed8dec0 Thread exited: 0x00000203eed8dec0
Event: 194.776 Thread 0x00000203e614a1a0 Thread added: 0x00000203f650f180
Event: 195.376 Thread 0x00000203f650f180 Thread exited: 0x00000203f650f180
Event: 196.546 Thread 0x00000203ec43fa00 Thread added: 0x00000203eed8dec0
Event: 202.432 Thread 0x00000203f72ad6f0 Thread exited: 0x00000203f72ad6f0
Event: 203.422 Thread 0x00000203e614a1a0 Thread added: 0x00000203f741f050
Event: 204.647 Thread 0x00000203f741f050 Thread exited: 0x00000203f741f050
Event: 205.016 Thread 0x00000203e61350a0 Thread added: 0x00000203f741f050
Event: 206.538 Thread 0x00000203f741f050 Thread exited: 0x00000203f741f050
Event: 207.867 Thread 0x00000203e61350a0 Thread added: 0x00000203f7420590
Event: 209.091 Thread 0x00000203f7420590 Thread exited: 0x00000203f7420590
Event: 210.420 Thread 0x00000203ec43fa00 Thread added: 0x00000203eed8c060
Event: 210.421 Thread 0x00000203ec43fa00 Thread added: 0x00000203eed8edf0
Event: 210.421 Thread 0x00000203ec43fa00 Thread added: 0x00000203f72ad6f0


Dynamic libraries:
0x00007ff7fd240000 - 0x00007ff7fd24e000 	C:\Program Files\Microsoft\jdk-17.0.18.8-hotspot\bin\java.exe
0x00007ffcedbf0000 - 0x00007ffcedde8000 	C:\Windows\SYSTEM32\ntdll.dll
0x00007ffceda00000 - 0x00007ffcedac2000 	C:\Windows\System32\KERNEL32.DLL
0x00007ffceb880000 - 0x00007ffcebb76000 	C:\Windows\System32\KERNELBASE.dll
0x00007ffceb400000 - 0x00007ffceb500000 	C:\Windows\System32\ucrtbase.dll
0x00007ffcd5d40000 - 0x00007ffcd5d5e000 	C:\Program Files\Microsoft\jdk-17.0.18.8-hotspot\bin\VCRUNTIME140.dll
0x00007ffce1e50000 - 0x00007ffce1e68000 	C:\Program Files\Microsoft\jdk-17.0.18.8-hotspot\bin\jli.dll
0x00007ffcecb70000 - 0x00007ffcecd11000 	C:\Windows\System32\USER32.dll
0x00007ffcd5770000 - 0x00007ffcd5a0b000 	C:\Windows\WinSxS\amd64_microsoft.windows.common-controls_6595b64144ccf1df_6.0.19041.6456_none_60b8a6cb71f64256\COMCTL32.dll
0x00007ffceb3d0000 - 0x00007ffceb3f2000 	C:\Windows\System32\win32u.dll
0x00007ffced8a0000 - 0x00007ffced93e000 	C:\Windows\System32\msvcrt.dll
0x00007ffced940000 - 0x00007ffced96b000 	C:\Windows\System32\GDI32.dll
0x00007ffceb2b0000 - 0x00007ffceb3c9000 	C:\Windows\System32\gdi32full.dll
0x00007ffceb680000 - 0x00007ffceb71d000 	C:\Windows\System32\msvcp_win.dll
0x00007ffcecd20000 - 0x00007ffcecd4f000 	C:\Windows\System32\IMM32.DLL
0x00007ffce3630000 - 0x00007ffce363c000 	C:\Program Files\Microsoft\jdk-17.0.18.8-hotspot\bin\vcruntime140_1.dll
0x00007ffcc3f30000 - 0x00007ffcc3fb9000 	C:\Program Files\Microsoft\jdk-17.0.18.8-hotspot\bin\msvcp140.dll
0x00007ffc8ca70000 - 0x00007ffc8d6ea000 	C:\Program Files\Microsoft\jdk-17.0.18.8-hotspot\bin\server\jvm.dll
0x00007ffcec280000 - 0x00007ffcec331000 	C:\Windows\System32\ADVAPI32.dll
0x00007ffcecab0000 - 0x00007ffcecb4f000 	C:\Windows\System32\sechost.dll
0x00007ffced5d0000 - 0x00007ffced6f0000 	C:\Windows\System32\RPCRT4.dll
0x00007ffceb280000 - 0x00007ffceb2a7000 	C:\Windows\System32\bcrypt.dll
0x00007ffcecd50000 - 0x00007ffcecdbb000 	C:\Windows\System32\WS2_32.dll
0x00007ffceb0e0000 - 0x00007ffceb12b000 	C:\Windows\SYSTEM32\POWRPROF.dll
0x00007ffcd1870000 - 0x00007ffcd1897000 	C:\Windows\SYSTEM32\WINMM.dll
0x00007ffcd5fe0000 - 0x00007ffcd5fea000 	C:\Windows\SYSTEM32\VERSION.dll
0x00007ffceb0c0000 - 0x00007ffceb0d2000 	C:\Windows\SYSTEM32\UMPDC.dll
0x00007ffce9ae0000 - 0x00007ffce9af2000 	C:\Windows\SYSTEM32\kernel.appcore.dll
0x00007ffce1e00000 - 0x00007ffce1e0a000 	C:\Program Files\Microsoft\jdk-17.0.18.8-hotspot\bin\jimage.dll
0x00007ffce4fa0000 - 0x00007ffce51a1000 	C:\Windows\SYSTEM32\DBGHELP.DLL
0x00007ffcd0a90000 - 0x00007ffcd0ac4000 	C:\Windows\SYSTEM32\dbgcore.DLL
0x00007ffcebb80000 - 0x00007ffcebc02000 	C:\Windows\System32\bcryptPrimitives.dll
0x00007ffce35d0000 - 0x00007ffce35df000 	C:\Program Files\Microsoft\jdk-17.0.18.8-hotspot\bin\instrument.dll
0x00007ffcc6300000 - 0x00007ffcc6326000 	C:\Program Files\Microsoft\jdk-17.0.18.8-hotspot\bin\java.dll
0x00007ffc9d6b0000 - 0x00007ffc9d786000 	C:\Program Files\Microsoft\jdk-17.0.18.8-hotspot\bin\jsvml.dll
0x00007ffcec340000 - 0x00007ffcecab0000 	C:\Windows\System32\SHELL32.dll
0x00007ffce8ca0000 - 0x00007ffce9445000 	C:\Windows\SYSTEM32\windows.storage.dll
0x00007ffced270000 - 0x00007ffced5c4000 	C:\Windows\System32\combase.dll
0x00007ffceac40000 - 0x00007ffceac6b000 	C:\Windows\SYSTEM32\Wldp.dll
0x00007ffcebc10000 - 0x00007ffcebcdd000 	C:\Windows\System32\OLEAUT32.dll
0x00007ffcecec0000 - 0x00007ffcecf6d000 	C:\Windows\System32\SHCORE.dll
0x00007ffcedad0000 - 0x00007ffcedb2b000 	C:\Windows\System32\shlwapi.dll
0x00007ffceb1b0000 - 0x00007ffceb1d4000 	C:\Windows\SYSTEM32\profapi.dll
0x00007ffcc4730000 - 0x00007ffcc4748000 	C:\Program Files\Microsoft\jdk-17.0.18.8-hotspot\bin\zip.dll
0x00007ffcc4770000 - 0x00007ffcc478b000 	C:\Program Files\Microsoft\jdk-17.0.18.8-hotspot\bin\net.dll
0x00007ffcd8a30000 - 0x00007ffcd8b3a000 	C:\Windows\SYSTEM32\WINHTTP.dll
0x00007ffcea9a0000 - 0x00007ffceaa0a000 	C:\Windows\system32\mswsock.dll
0x00007ffcc4750000 - 0x00007ffcc4766000 	C:\Program Files\Microsoft\jdk-17.0.18.8-hotspot\bin\nio.dll
0x00007ffce1db0000 - 0x00007ffce1dc0000 	C:\Program Files\Microsoft\jdk-17.0.18.8-hotspot\bin\verify.dll
0x00007ffcbb350000 - 0x00007ffcbb377000 	C:\Users\Administrator\.gradle\native\c067742578af261105cb4f569cf0c3c89f3d7b1fecec35dd04571415982c5e48\windows-amd64\native-platform.dll
0x00007ffcb89b0000 - 0x00007ffcb8af4000 	C:\Users\Administrator\.gradle\native\38dada09dfb8b06ba9b0570ebf7e218e3eb74d4ef43ca46872605cf95ebc2f47\windows-amd64\native-platform-file-events.dll
0x00007ffce0080000 - 0x00007ffce008a000 	C:\Program Files\Microsoft\jdk-17.0.18.8-hotspot\bin\management.dll
0x00007ffcd5d10000 - 0x00007ffcd5d1c000 	C:\Program Files\Microsoft\jdk-17.0.18.8-hotspot\bin\management_ext.dll
0x00007ffcec150000 - 0x00007ffcec158000 	C:\Windows\System32\PSAPI.DLL
0x00007ffceab90000 - 0x00007ffceaba8000 	C:\Windows\SYSTEM32\CRYPTSP.dll
0x00007ffcea2c0000 - 0x00007ffcea2f8000 	C:\Windows\system32\rsaenh.dll
0x00007ffceb170000 - 0x00007ffceb19e000 	C:\Windows\SYSTEM32\USERENV.dll
0x00007ffceabb0000 - 0x00007ffceabbc000 	C:\Windows\SYSTEM32\CRYPTBASE.dll
0x00007ffcea680000 - 0x00007ffcea6bb000 	C:\Windows\SYSTEM32\IPHLPAPI.DLL
0x00007ffcecea0000 - 0x00007ffcecea8000 	C:\Windows\System32\NSI.dll
0x00007ffcdcdd0000 - 0x00007ffcdcde7000 	C:\Windows\SYSTEM32\dhcpcsvc6.DLL
0x00007ffcdefa0000 - 0x00007ffcdefbd000 	C:\Windows\SYSTEM32\dhcpcsvc.DLL
0x00007ffcea6c0000 - 0x00007ffcea78a000 	C:\Windows\SYSTEM32\DNSAPI.dll
0x00007ffcd4460000 - 0x00007ffcd4469000 	C:\Program Files\Microsoft\jdk-17.0.18.8-hotspot\bin\extnet.dll
0x00007ffce3510000 - 0x00007ffce351e000 	C:\Program Files\Microsoft\jdk-17.0.18.8-hotspot\bin\sunmscapi.dll
0x00007ffceb720000 - 0x00007ffceb87d000 	C:\Windows\System32\CRYPT32.dll
0x00007ffceacb0000 - 0x00007ffceacd7000 	C:\Windows\SYSTEM32\ncrypt.dll
0x00007ffceac70000 - 0x00007ffceacab000 	C:\Windows\SYSTEM32\NTASN1.dll
0x00007ffcbb3a0000 - 0x00007ffcbb3a7000 	C:\Windows\system32\wshunix.dll
0x00007ffccc7a0000 - 0x00007ffccc7b7000 	C:\Windows\system32\napinsp.dll
0x00007ffcc90f0000 - 0x00007ffcc910b000 	C:\Windows\system32\pnrpnsp.dll
0x00007ffce4370000 - 0x00007ffce438d000 	C:\Windows\system32\wshbth.dll
0x00007ffce34e0000 - 0x00007ffce34fd000 	C:\Windows\system32\NLAapi.dll
0x00007ffcc94d0000 - 0x00007ffcc94e2000 	C:\Windows\System32\winrnr.dll
0x00007ffcd38d0000 - 0x00007ffcd38da000 	C:\Windows\System32\rasadhlp.dll
0x00007ffcd4ec0000 - 0x00007ffcd4f40000 	C:\Windows\System32\fwpuclnt.dll
0x00007ffcea510000 - 0x00007ffcea543000 	C:\Windows\SYSTEM32\ntmarta.dll
0x00007ffce3590000 - 0x00007ffce3597000 	C:\Program Files\Microsoft\jdk-17.0.18.8-hotspot\bin\rmi.dll

dbghelp: loaded successfully - version: 4.0.5 - missing functions: none
symbol engine: initialized successfully - sym options: 0x614 - pdb path: .;C:\Program Files\Microsoft\jdk-17.0.18.8-hotspot\bin;C:\Windows\SYSTEM32;C:\Windows\WinSxS\amd64_microsoft.windows.common-controls_6595b64144ccf1df_6.0.19041.6456_none_60b8a6cb71f64256;C:\Program Files\Microsoft\jdk-17.0.18.8-hotspot\bin\server;C:\Users\Administrator\.gradle\native\c067742578af261105cb4f569cf0c3c89f3d7b1fecec35dd04571415982c5e48\windows-amd64;C:\Users\Administrator\.gradle\native\38dada09dfb8b06ba9b0570ebf7e218e3eb74d4ef43ca46872605cf95ebc2f47\windows-amd64

VM Arguments:
jvm_args: -XX:MaxMetaspaceSize=512m --add-opens=java.base/java.util=ALL-UNNAMED --add-opens=java.base/java.lang=ALL-UNNAMED --add-opens=java.base/java.lang.invoke=ALL-UNNAMED --add-opens=java.prefs/java.util.prefs=ALL-UNNAMED --add-opens=java.base/java.nio.charset=ALL-UNNAMED --add-opens=java.base/java.net=ALL-UNNAMED --add-opens=java.base/java.util.concurrent.atomic=ALL-UNNAMED -Xmx2048m -Dfile.encoding=windows-1252 -Duser.country=US -Duser.language=en -Duser.variant -javaagent:C:\Users\Administrator\.gradle\wrapper\dists\gradle-8.7-all\aan3ydargesu18aqyqjwhr3pc\gradle-8.7\lib\agents\gradle-instrumentation-agent-8.7.jar 
java_command: org.gradle.launcher.daemon.bootstrap.GradleDaemon 8.7
java_class_path (initial): C:\Users\Administrator\.gradle\wrapper\dists\gradle-8.7-all\aan3ydargesu18aqyqjwhr3pc\gradle-8.7\lib\gradle-launcher-8.7.jar
Launcher Type: SUN_STANDARD

[Global flags]
     intx CICompilerCount                          = 3                                         {product} {ergonomic}
   size_t CompressedClassSpaceSize                 = 436207616                                 {product} {ergonomic}
     uint ConcGCThreads                            = 1                                         {product} {ergonomic}
     uint G1ConcRefinementThreads                  = 4                                         {product} {ergonomic}
   size_t G1HeapRegionSize                         = 1048576                                   {product} {ergonomic}
    uintx GCDrainStackTargetSize                   = 64                                        {product} {ergonomic}
   size_t InitialHeapSize                          = 130023424                                 {product} {ergonomic}
   size_t MarkStackSize                            = 4194304                                   {product} {ergonomic}
   size_t MaxHeapSize                              = 2147483648                                {product} {command line}
   size_t MaxMetaspaceSize                         = 536870912                                 {product} {command line}
   size_t MaxNewSize                               = 1287651328                                {product} {ergonomic}
   size_t MinHeapDeltaBytes                        = 1048576                                   {product} {ergonomic}
   size_t MinHeapSize                              = 8388608                                   {product} {ergonomic}
    uintx NonNMethodCodeHeapSize                   = 5832780                                {pd product} {ergonomic}
    uintx NonProfiledCodeHeapSize                  = 122912730                              {pd product} {ergonomic}
    uintx ProfiledCodeHeapSize                     = 122912730                              {pd product} {ergonomic}
    uintx ReservedCodeCacheSize                    = 251658240                              {pd product} {ergonomic}
     bool SegmentedCodeCache                       = true                                      {product} {ergonomic}
   size_t SoftMaxHeapSize                          = 2147483648                             {manageable} {ergonomic}
     bool UseCompressedClassPointers               = true                           {product lp64_product} {ergonomic}
     bool UseCompressedOops                        = true                           {product lp64_product} {ergonomic}
     bool UseG1GC                                  = true                                      {product} {ergonomic}
     bool UseLargePagesIndividualAllocation        = false                                  {pd product} {ergonomic}

Logging:
Log output configuration:
 #0: stdout all=warning uptime,level,tags
 #1: stderr all=off uptime,level,tags

Environment Variables:
JAVA_HOME=C:\Program Files\Microsoft\jdk-17.0.18.8-hotspot
PATH=C:\Program Files\Eclipse Adoptium\jdk-17.0.18.8-hotspot\bin;C:\Program Files\Eclipse Adoptium\jdk-25.0.2.10-hotspot\bin;C:\Program Files\Eclipse Adoptium\jdk-11.0.19.7-hotspot\bin;C:\Windows\system32;C:\Windows;C:\Windows\System32\Wbem;C:\Windows\System32\WindowsPowerShell\v1.0\;C:\Windows\System32\OpenSSH\;C:\Program Files\Git\cmd;E:\;C:\Users\Administrator\Downloads\platform-tools;C:\Users\Administrator\AppData\Local\Android\Sdk\tools;C:\Users\Administrator\AppData\Local\Programs\Python\Python314\Scripts\;C:\Users\Administrator\AppData\Local\Programs\Python\Python314\;C:\Users\Administrator\AppData\Local\Microsoft\WindowsApps;E:\Antigravity\bin;E:\Microsoft VS Code\bin;C:\Users\Administrator\AppData\Roaming\npm;C:\Users\Administrator\AppData\Local\Android\Sdk\platform-tools;C:\Users\Administrator\AppData\Local\Android\Sdk\emulator;c:\Users\Administrator\.antigravity\extensions\vscjava.vscode-java-debug-0.58.5-universal\bundled\scripts\noConfigScripts;c:\Users\Administrator\.antigravity\extensions\d-biehl.robotcode-2.2.0-universal\bundled\scripts
USERNAME=Administrator
LANG=en_US.UTF-8
OS=Windows_NT
PROCESSOR_IDENTIFIER=Intel64 Family 6 Model 142 Stepping 9, GenuineIntel
TMP=C:\Users\ADMINI~1\AppData\Local\Temp
TEMP=C:\Users\ADMINI~1\AppData\Local\Temp



Periodic native trim disabled


---------------  S Y S T E M  ---------------

OS:
 Windows 10 , 64 bit Build 19041 (10.0.19041.5915)
OS uptime: 0 days 19:51 hours

CPU: total 4 (initial active 4) (2 cores per cpu, 2 threads per core) family 6 model 142 stepping 9 microcode 0xd6, cx8, cmov, fxsr, ht, mmx, 3dnowpref, sse, sse2, sse3, ssse3, sse4.1, sse4.2, popcnt, lzcnt, tsc, tscinvbit, avx, avx2, aes, erms, clmul, bmi1, bmi2, adx, fma, vzeroupper, clflush, clflushopt
Processor Information for the first 4 processors :
  Max Mhz: 2712, Current Mhz: 2511, Mhz Limit: 2495

Memory: 4k page, system-wide physical 7843M (309M free)
TotalPageFile size 17730M (AvailPageFile size 5M)
current process WorkingSet (physical memory assigned to process): 481M, peak: 714M
current process commit charge ("private bytes"): 859M, peak: 860M

vm_info: OpenJDK 64-Bit Server VM (17.0.18+8-LTS) for windows-amd64 JRE (17.0.18+8-LTS), built on Jan 15 2026 18:50:45 by "MicrosoftCorporation" with MS VC++ 17.14 (VS2022)

END.
